key,filename,total_dur,silence_count,silence_index,silence_start,silence_end,silence_dur
g0001,g0001.mp3,7.262,4,0,0.0,1.014558,1.014558
g0001,g0001.mp3,7.262,4,1,2.000522,2.299546,0.299025
g0001,g0001.mp3,7.262,4,2,3.438027,4.074036,0.636009
g0001,g0001.mp3,7.262,4,3,4.608458,5.687415,1.078957
g0002,g0002.mp3,13.897125,4,0,0.0,4.214966,4.214966
g0002,g0002.mp3,13.897125,4,1,5.040454,5.163129,0.122676
g0002,g0002.mp3,13.897125,4,2,6.223129,7.531723,1.308594
g0002,g0002.mp3,13.897125,4,3,8.49424,9.972472,1.478231
g0003,g0003.mp3,7.784375,4,0,0.0,1.069093,1.069093
g0003,g0003.mp3,7.784375,4,1,1.95585,2.081156,0.125306
g0003,g0003.mp3,7.784375,4,2,3.221383,3.645828,0.424444
g0003,g0003.mp3,7.784375,4,3,4.65322,5.780635,1.127415
g0004,g0004.mp3,13.374625,3,0,0.0,3.634467,3.634467
g0004,g0004.mp3,13.374625,3,1,5.548367,7.08619,1.537823
g0004,g0004.mp3,13.374625,3,2,8.04805,9.392426,1.344376
g0005,g0005.mp3,6.58275,3,0,0.0,1.129184,1.129184
g0005,g0005.mp3,6.58275,3,1,2.773787,3.405306,0.631519
g0005,g0005.mp3,6.58275,3,2,3.898458,4.984535,1.086077
g0006,g0006.mp3,5.632375,3,0,0.0,1.027234,1.027234
g0006,g0006.mp3,5.632375,3,1,2.929705,3.437052,0.507347
g0006,g0006.mp3,5.632375,3,2,3.968118,4.968118,1.0
g0007,g0007.mp3,5.736875,3,0,0.0,1.02737,1.02737
g0007,g0007.mp3,5.736875,3,1,2.774399,3.286145,0.511746
g0007,g0007.mp3,5.736875,3,2,3.950703,4.950703,1.0
g0008,g0008.mp3,6.45225,3,0,0.0,1.027256,1.027256
g0008,g0008.mp3,6.45225,3,1,3.022494,3.532063,0.509569
g0008,g0008.mp3,6.45225,3,2,4.412857,5.412902,1.000045
g0009,g0009.mp3,6.191,3,0,0.0,1.027234,1.027234
g0009,g0009.mp3,6.191,3,1,2.859637,3.368095,0.508458
g0009,g0009.mp3,6.191,3,2,4.203764,5.204535,1.000771
g0010,g0010.mp3,6.13875,3,0,0.0,1.027256,1.027256
g0010,g0010.mp3,6.13875,3,1,2.97034,3.47644,0.5061
g0010,g0010.mp3,6.13875,3,2,4.262721,5.262744,1.000023
g0011,g0011.mp3,6.03425,3,0,0.0,1.027302,1.027302
g0011,g0011.mp3,6.03425,3,1,2.775873,3.287619,0.511746
g0011,g0011.mp3,6.03425,3,2,4.110113,5.11034,1.000227
g0012,g0012.mp3,6.24325,3,0,0.0,1.027234,1.027234
g0012,g0012.mp3,6.24325,3,1,2.861497,3.363016,0.501519
g0012,g0012.mp3,6.24325,3,2,4.19737,5.198186,1.000816
g0013,g0013.mp3,6.0865,3,0,0.0,1.027211,1.027211
g0013,g0013.mp3,6.0865,3,1,2.867755,3.372109,0.504354
g0013,g0013.mp3,6.0865,3,2,4.18771,5.18771,1.0
g0014,g0014.mp3,7.549375,3,0,0.0,1.027234,1.027234
g0014,g0014.mp3,7.549375,3,1,3.226961,3.740385,0.513424
g0014,g0014.mp3,7.549375,3,2,5.054875,6.055215,1.00034
g0015,g0015.mp3,7.262,3,0,0.0,1.027302,1.027302
g0015,g0015.mp3,7.262,3,1,3.186576,3.705624,0.519048
g0015,g0015.mp3,7.262,3,2,4.953515,5.953515,1.0
g0016,g0016.mp3,7.235875,3,0,0.0,1.027256,1.027256
g0016,g0016.mp3,7.235875,3,1,3.322653,3.822313,0.49966
g0016,g0016.mp3,7.235875,3,2,4.98576,5.986145,1.000385
g0017,g0017.mp3,7.52325,3,0,0.0,1.027234,1.027234
g0017,g0017.mp3,7.52325,3,1,3.481179,3.986236,0.505057
g0017,g0017.mp3,7.52325,3,2,5.173333,6.173333,1.0
g0018,g0018.mp3,6.530625,3,0,0.0,1.027234,1.027234
g0018,g0018.mp3,6.530625,3,1,3.177755,3.684875,0.50712
g0018,g0018.mp3,6.530625,3,2,4.603832,5.604785,1.000952
g0019,g0019.mp3,10.770438,4,0,0.0,2.064762,2.064762
g0019,g0019.mp3,10.770438,4,1,3.385125,3.524853,0.139728
g0019,g0019.mp3,10.770438,4,2,4.647324,5.779138,1.131814
g0019,g0019.mp3,10.770438,4,3,6.685556,8.438503,1.752948
g0020,g0020.mp3,6.7135,3,0,0.0,1.027256,1.027256
g0020,g0020.mp3,6.7135,3,1,2.883265,3.382517,0.499252
g0020,g0020.mp3,6.7135,3,2,4.475238,5.475465,1.000227
g0021,g0021.mp3,6.635125,3,0,0.0,1.027347,1.027347
g0021,g0021.mp3,6.635125,3,1,3.083333,3.595964,0.51263
g0021,g0021.mp3,6.635125,3,2,4.574512,5.575986,1.001474
g0022,g0022.mp3,5.720875,3,0,0.0,1.0278,1.0278
g0022,g0022.mp3,5.720875,3,1,2.765805,3.273764,0.507959
g0022,g0022.mp3,5.720875,3,2,3.925442,4.925442,1.0
g0023,g0023.mp3,6.530625,3,0,0.0,1.027642,1.027642
g0023,g0023.mp3,6.530625,3,1,3.135782,3.648163,0.512381
g0023,g0023.mp3,6.530625,3,2,4.540385,5.540658,1.000272
g0024,g0024.mp3,7.10525,3,0,0.0,1.027234,1.027234
g0024,g0024.mp3,7.10525,3,1,2.986304,3.485805,0.499501
g0024,g0024.mp3,7.10525,3,2,4.729342,5.729478,1.000136
g0025,g0025.mp3,6.24325,3,0,0.0,1.027664,1.027664
g0025,g0025.mp3,6.24325,3,1,3.050227,3.550884,0.500658
g0025,g0025.mp3,6.24325,3,2,4.372358,5.372426,1.000068
g0026,g0026.mp3,5.851375,3,0,0.0,1.027687,1.027687
g0026,g0026.mp3,5.851375,3,1,2.942812,3.448005,0.505193
g0026,g0026.mp3,5.851375,3,2,4.047347,5.048798,1.001451
g0027,g0027.mp3,6.530625,3,0,0.0,1.025737,1.025737
g0027,g0027.mp3,6.530625,3,1,2.861519,3.365261,0.503741
g0027,g0027.mp3,6.530625,3,2,4.32737,5.327392,1.000023
g0028,g0028.mp3,5.459625,3,0,0.0,1.027642,1.027642
g0028,g0028.mp3,5.459625,3,1,2.590023,3.090907,0.500884
g0028,g0028.mp3,5.459625,3,2,3.681134,4.681519,1.000385
g0029,g0029.mp3,6.5045,3,0,0.0,1.027392,1.027392
g0029,g0029.mp3,6.5045,3,1,3.100363,3.600476,0.500113
g0029,g0029.mp3,6.5045,3,2,4.495442,5.495624,1.000181
g0030,g0030.mp3,6.2955,3,0,0.0,1.070522,1.070522
g0030,g0030.mp3,6.2955,3,1,2.878594,3.419524,0.54093
g0030,g0030.mp3,6.2955,3,2,4.194467,5.403673,1.209206
g0031,g0031.mp3,6.5045,3,0,0.0,1.027687,1.027687
g0031,g0031.mp3,6.5045,3,1,3.179229,3.678617,0.499388
g0031,g0031.mp3,6.5045,3,2,4.52576,5.527483,1.001723
g0032,g0032.mp3,6.791875,3,0,0.0,1.027256,1.027256
g0032,g0032.mp3,6.791875,3,1,3.243175,3.758594,0.51542
g0032,g0032.mp3,6.791875,3,2,4.653741,5.654399,1.000658
g0033,g0033.mp3,5.851375,3,0,0.0,1.027619,1.027619
g0033,g0033.mp3,5.851375,3,1,3.151519,3.651088,0.499569
g0033,g0033.mp3,5.851375,3,2,4.239161,5.240567,1.001406
g0034,g0034.mp3,6.373875,3,0,0.0,1.027528,1.027528
g0034,g0034.mp3,6.373875,3,1,3.22576,3.72551,0.499751
g0034,g0034.mp3,6.373875,3,2,4.464308,5.466961,1.002653
g0035,g0035.mp3,8.280875,3,0,0.0,1.027392,1.027392
g0035,g0035.mp3,8.280875,3,1,3.391202,3.89068,0.499478
g0035,g0035.mp3,8.280875,3,2,5.528753,6.528912,1.000159
g0036,g0036.mp3,6.9225,3,0,0.0,1.029342,1.029342
g0036,g0036.mp3,6.9225,3,1,3.335147,3.842812,0.507664
g0036,g0036.mp3,6.9225,3,2,4.766939,5.767052,1.000113
g0037,g0037.mp3,6.687375,3,0,0.0,1.027574,1.027574
g0037,g0037.mp3,6.687375,3,1,3.405737,3.905011,0.499274
g0037,g0037.mp3,6.687375,3,2,4.73712,5.738141,1.00102
g0038,g0038.mp3,6.7135,3,0,0.0,1.027234,1.027234
g0038,g0038.mp3,6.7135,3,1,2.910703,3.410113,0.49941
g0038,g0038.mp3,6.7135,3,2,4.492313,5.492721,1.000408
g0039,g0039.mp3,6.609,3,0,0.0,1.025351,1.025351
g0039,g0039.mp3,6.609,3,1,3.240272,3.748299,0.508027
g0039,g0039.mp3,6.609,3,2,4.561678,5.562381,1.000703
g0040,g0040.mp3,6.13875,3,0,0.0,1.027438,1.027438
g0040,g0040.mp3,6.13875,3,1,2.899252,3.398594,0.499342
g0040,g0040.mp3,6.13875,3,2,4.226735,5.227166,1.000431
g0041,g0041.mp3,7.288125,3,0,0.0,1.027324,1.027324
g0041,g0041.mp3,7.288125,3,1,3.567574,4.068413,0.500839
g0041,g0041.mp3,7.288125,3,2,5.041247,6.041451,1.000204
g0042,g0042.mp3,6.9225,3,0,0.0,1.027234,1.027234
g0042,g0042.mp3,6.9225,3,1,3.230113,3.73381,0.503696
g0042,g0042.mp3,6.9225,3,2,4.723424,5.723946,1.000522
g0043,g0043.mp3,6.582875,3,0,0.0,1.027392,1.027392
g0043,g0043.mp3,6.582875,3,1,3.356893,3.862902,0.506009
g0043,g0043.mp3,6.582875,3,2,4.661973,5.663605,1.001633
g0044,g0044.mp3,6.7135,3,0,0.0,1.02737,1.02737
g0044,g0044.mp3,6.7135,3,1,3.115465,3.62059,0.505125
g0044,g0044.mp3,6.7135,3,2,4.606848,5.607392,1.000544
g0045,g0045.mp3,6.7135,3,0,0.0,1.0278,1.0278
g0045,g0045.mp3,6.7135,3,1,3.436168,3.93746,0.501293
g0045,g0045.mp3,6.7135,3,2,4.735873,5.736531,1.000658
g0046,g0046.mp3,6.87025,3,0,0.0,1.027256,1.027256
g0046,g0046.mp3,6.87025,3,1,3.333991,3.833923,0.499932
g0046,g0046.mp3,6.87025,3,2,4.804785,5.808254,1.003469
g0047,g0047.mp3,6.582875,3,0,0.0,1.027982,1.027982
g0047,g0047.mp3,6.582875,3,1,3.381247,3.881746,0.500499
g0047,g0047.mp3,6.582875,3,2,4.621859,5.621859,1.0
g0048,g0048.mp3,6.4,3,0,0.0,1.027256,1.027256
g0048,g0048.mp3,6.4,3,1,2.965986,3.46585,0.499864
g0048,g0048.mp3,6.4,3,2,4.368435,5.37458,1.006145
g0049,g0049.mp3,7.10525,3,0,0.0,1.027438,1.027438
g0049,g0049.mp3,7.10525,3,1,3.376689,3.890522,0.513832
g0049,g0049.mp3,7.10525,3,2,4.919184,5.919433,1.000249
g0050,g0050.mp3,6.0865,3,0,0.0,1.027506,1.027506
g0050,g0050.mp3,6.0865,3,1,2.578299,3.079592,0.501293
g0050,g0050.mp3,6.0865,3,2,4.018141,5.018186,1.000045
g0051,g0051.mp3,6.530625,3,0,0.0,1.027234,1.027234
g0051,g0051.mp3,6.530625,3,1,3.110272,3.615011,0.504739
g0051,g0051.mp3,6.530625,3,2,4.543356,5.546893,1.003537
g0052,g0052.mp3,5.955875,3,0,0.0,1.027234,1.027234
g0052,g0052.mp3,5.955875,3,1,2.859705,3.365215,0.50551
g0052,g0052.mp3,5.955875,3,2,4.103424,5.104376,1.000952
g0053,g0053.mp3,6.13875,3,0,0.0,1.027279,1.027279
g0053,g0053.mp3,6.13875,3,1,2.890522,3.394195,0.503673
g0053,g0053.mp3,6.13875,3,2,4.22551,5.225737,1.000227
g0054,g0054.mp3,6.635125,3,0,0.0,1.028186,1.028186
g0054,g0054.mp3,6.635125,3,1,3.209206,3.725102,0.515896
g0054,g0054.mp3,6.635125,3,2,4.634853,5.634943,1.000091
g0055,g0055.mp3,6.03425,3,0,0.0,1.027279,1.027279
g0055,g0055.mp3,6.03425,3,1,2.775918,3.276689,0.500771
g0055,g0055.mp3,6.03425,3,2,4.081474,5.084127,1.002653
g0056,g0056.mp3,6.24325,3,0,0.0,1.027234,1.027234
g0056,g0056.mp3,6.24325,3,1,2.979025,3.481202,0.502177
g0056,g0056.mp3,6.24325,3,2,4.337075,5.337483,1.000408
g0057,g0057.mp3,6.373875,3,0,0.0,1.027234,1.027234
g0057,g0057.mp3,6.373875,3,1,2.925351,3.432018,0.506667
g0057,g0057.mp3,6.373875,3,2,4.377982,5.378163,1.000181
g0058,g0058.mp3,5.773,3,0,0.0,1.0278,1.0278
g0058,g0058.mp3,5.773,3,1,2.749615,3.251293,0.501678
g0058,g0058.mp3,5.773,3,2,3.920862,4.920952,1.000091
g0059,g0059.mp3,6.66125,3,0,0.0,1.027324,1.027324
g0059,g0059.mp3,6.66125,3,1,3.196667,3.697551,0.500884
g0059,g0059.mp3,6.66125,3,2,4.599501,5.601769,1.002268
g0060,g0060.mp3,6.45225,3,0,0.0,1.027234,1.027234
g0060,g0060.mp3,6.45225,3,1,2.645283,3.150431,0.505147
g0060,g0060.mp3,6.45225,3,2,4.242154,5.243243,1.001088
g0061,g0061.mp3,5.8775,3,0,0.0,1.027211,1.027211
g0061,g0061.mp3,5.8775,3,1,3.172313,3.685918,0.513605
g0061,g0061.mp3,5.8775,3,2,4.210476,5.213696,1.00322
g0062,g0062.mp3,6.818,3,0,0.0,1.027234,1.027234
g0062,g0062.mp3,6.818,3,1,2.960952,3.462426,0.501474
g0062,g0062.mp3,6.818,3,2,4.560907,5.560884,0.999977
g0063,g0063.mp3,6.791875,3,0,0.0,1.027755,1.027755
g0063,g0063.mp3,6.791875,3,1,3.315737,3.828118,0.512381
g0063,g0063.mp3,6.791875,3,2,4.730771,5.732381,1.00161
g0064,g0064.mp3,6.191,3,0,0.0,1.027234,1.027234
g0064,g0064.mp3,6.191,3,1,2.995079,3.503447,0.508367
g0064,g0064.mp3,6.191,3,2,4.286712,5.287007,1.000295
g0065,g0065.mp3,7.3665,3,0,0.0,1.027234,1.027234
g0065,g0065.mp3,7.3665,3,1,3.321542,3.831111,0.509569
g0065,g0065.mp3,7.3665,3,2,4.994785,5.994875,1.000091
g0066,g0066.mp3,6.635125,3,0,0.0,1.027234,1.027234
g0066,g0066.mp3,6.635125,3,1,3.309841,3.819433,0.509592
g0066,g0066.mp3,6.635125,3,2,4.64356,5.643719,1.000159
g0067,g0067.mp3,7.053,3,0,0.0,1.027256,1.027256
g0067,g0067.mp3,7.053,3,1,3.526145,4.035646,0.509501
g0067,g0067.mp3,7.053,3,2,4.964104,5.964535,1.000431
g0068,g0068.mp3,6.426125,3,0,0.0,1.027234,1.027234
g0068,g0068.mp3,6.426125,3,1,3.22263,3.726689,0.504059
g0068,g0068.mp3,6.426125,3,2,4.457823,5.457868,1.000045
g0069,g0069.mp3,6.55675,3,0,0.0,1.027256,1.027256
g0069,g0069.mp3,6.55675,3,1,3.066145,3.566054,0.499909
g0069,g0069.mp3,6.55675,3,2,4.499887,5.500068,1.000181
g0070,g0070.mp3,6.34775,3,0,0.0,1.027415,1.027415
g0070,g0070.mp3,6.34775,3,1,2.878707,3.384354,0.505646
g0070,g0070.mp3,6.34775,3,2,4.302426,5.304104,1.001678
g0071,g0071.mp3,5.851375,3,0,0.0,1.027324,1.027324
g0071,g0071.mp3,5.851375,3,1,3.291066,3.796281,0.505215
g0071,g0071.mp3,5.851375,3,2,4.262834,5.26678,1.003946
g0072,g0072.mp3,6.269375,3,0,0.0,1.027392,1.027392
g0072,g0072.mp3,6.269375,3,1,3.160476,3.661224,0.500748
g0072,g0072.mp3,6.269375,3,2,4.415986,5.417528,1.001542
g0073,g0073.mp3,6.269375,3,0,0.0,1.027234,1.027234
g0073,g0073.mp3,6.269375,3,1,3.147392,3.656893,0.509501
g0073,g0073.mp3,6.269375,3,2,4.359116,5.359206,1.000091
g0074,g0074.mp3,6.478375,3,0,0.0,1.027415,1.027415
g0074,g0074.mp3,6.478375,3,1,3.351791,3.855714,0.503923
g0074,g0074.mp3,6.478375,3,2,4.609932,5.610295,1.000363
g0075,g0075.mp3,7.1575,3,0,0.0,1.027483,1.027483
g0075,g0075.mp3,7.1575,3,1,3.166145,3.669955,0.50381
g0075,g0075.mp3,7.1575,3,2,4.780045,5.780272,1.000227
g0076,g0076.mp3,6.582875,3,0,0.0,1.02737,1.02737
g0076,g0076.mp3,6.582875,3,1,3.581315,4.082086,0.500771
g0076,g0076.mp3,6.582875,3,2,4.759705,5.759796,1.000091
g0077,g0077.mp3,7.131375,3,0,0.0,1.027234,1.027234
g0077,g0077.mp3,7.131375,3,1,3.331723,3.832744,0.50102
g0077,g0077.mp3,7.131375,3,2,4.90195,5.901973,1.000023
g0078,g0078.mp3,5.8775,3,0,0.0,1.02746,1.02746
g0078,g0078.mp3,5.8775,3,1,3.013878,3.517642,0.503764
g0078,g0078.mp3,5.8775,3,2,4.119705,5.119887,1.000181
g0079,g0079.mp3,6.426125,3,0,0.0,1.02746,1.02746
g0079,g0079.mp3,6.426125,3,1,3.17932,3.694603,0.515283
g0079,g0079.mp3,6.426125,3,2,4.508163,5.508707,1.000544
g0080,g0080.mp3,6.24325,3,0,0.0,1.027234,1.027234
g0080,g0080.mp3,6.24325,3,1,2.55746,3.058231,0.500771
g0080,g0080.mp3,6.24325,3,2,4.08195,5.082086,1.000136
g0081,g0081.mp3,7.10525,3,0,0.0,1.027211,1.027211
g0081,g0081.mp3,7.10525,3,1,3.086349,3.599796,0.513447
g0081,g0081.mp3,7.10525,3,2,4.775079,5.775714,1.000635
g0082,g0082.mp3,6.373875,3,0,0.0,1.027256,1.027256
g0082,g0082.mp3,6.373875,3,1,3.050136,3.55678,0.506644
g0082,g0082.mp3,6.373875,3,2,4.401247,5.401565,1.000317
g0083,g0083.mp3,6.9225,3,0,0.0,1.027256,1.027256
g0083,g0083.mp3,6.9225,3,1,3.1822,3.682993,0.500794
g0083,g0083.mp3,6.9225,3,2,4.752834,5.754014,1.001179
g0084,g0084.mp3,6.582875,3,0,0.0,1.027234,1.027234
g0084,g0084.mp3,6.582875,3,1,3.122744,3.622109,0.499365
g0084,g0084.mp3,6.582875,3,2,4.528798,5.529025,1.000227
g0085,g0085.mp3,6.844125,3,0,0.0,1.027234,1.027234
g0085,g0085.mp3,6.844125,3,1,3.285896,3.801451,0.515556
g0085,g0085.mp3,6.844125,3,2,4.707392,5.707574,1.000181
g0086,g0086.mp3,12.09475,6,0,0.0,1.027234,1.027234
g0086,g0086.mp3,12.09475,6,1,3.675147,4.176485,0.501338
g0086,g0086.mp3,12.09475,6,2,4.939637,5.939909,1.000272
g0086,g0086.mp3,12.09475,6,3,6.68263,7.180499,0.497868
g0086,g0086.mp3,12.09475,6,4,8.351474,9.351678,1.000204
g0086,g0086.mp3,12.09475,6,5,10.180136,11.180136,1.0
g0087,g0087.mp3,7.444875,3,0,0.0,1.027347,1.027347
g0087,g0087.mp3,7.444875,3,1,3.203991,3.714921,0.51093
g0087,g0087.mp3,7.444875,3,2,4.945488,5.945986,1.000499
g0088,g0088.mp3,6.844125,3,0,0.0,1.027302,1.027302
g0088,g0088.mp3,6.844125,3,1,2.906485,3.408662,0.502177
g0088,g0088.mp3,6.844125,3,2,4.544875,5.545079,1.000204
g0089,g0089.mp3,7.262,3,0,0.0,1.027234,1.027234
g0089,g0089.mp3,7.262,3,1,3.372948,3.880295,0.507347
g0089,g0089.mp3,7.262,3,2,4.967234,5.967256,1.000023
g0091,g0091.mp3,6.55675,3,0,0.0,1.027256,1.027256
g0091,g0091.mp3,6.55675,3,1,3.322993,3.822336,0.499342
g0091,g0091.mp3,6.55675,3,2,4.644785,5.645125,1.00034
g0092,g0092.mp3,6.478375,3,0,0.0,1.027211,1.027211
g0092,g0092.mp3,6.478375,3,1,3.370884,3.876009,0.505125
g0092,g0092.mp3,6.478375,3,2,4.608798,5.608798,1.0
g0093,g0093.mp3,6.66125,3,0,0.0,1.027234,1.027234
g0093,g0093.mp3,6.66125,3,1,3.432902,3.932562,0.49966
g0093,g0093.mp3,6.66125,3,2,4.723061,5.723605,1.000544
g0094,g0094.mp3,6.582875,3,0,0.0,1.027279,1.027279
g0094,g0094.mp3,6.582875,3,1,3.254603,3.754036,0.499433
g0094,g0094.mp3,6.582875,3,2,4.563537,5.565624,1.002086
g0095,g0095.mp3,6.635125,3,0,0.0,1.027483,1.027483
g0095,g0095.mp3,6.635125,3,1,3.419161,3.923265,0.504104
g0095,g0095.mp3,6.635125,3,2,4.710385,5.710385,1.0
g0096,g0096.mp3,6.948625,3,0,0.0,1.027234,1.027234
g0096,g0096.mp3,6.948625,3,1,3.320113,3.815102,0.494989
g0096,g0096.mp3,6.948625,3,2,4.807619,5.807642,1.000023
g0097,g0097.mp3,6.7135,3,0,0.0,1.027166,1.027166
g0097,g0097.mp3,6.7135,3,1,3.296689,3.806349,0.50966
g0097,g0097.mp3,6.7135,3,2,4.669728,5.669773,1.000045
g0098,g0098.mp3,7.601625,3,0,0.0,1.027211,1.027211
g0098,g0098.mp3,7.601625,3,1,3.486803,3.992245,0.505442
g0098,g0098.mp3,7.601625,3,2,5.238639,6.238707,1.000068
g0099,g0099.mp3,6.896375,3,0,0.0,1.027234,1.027234
g0099,g0099.mp3,6.896375,3,1,3.332336,3.836961,0.504626
g0099,g0099.mp3,6.896375,3,2,4.795873,5.796032,1.000159
g0100,g0100.mp3,8.124,3,0,0.0724943,1.108821,1.036327
g0100,g0100.mp3,8.124,3,1,3.456803,4.047914,0.591111
g0100,g0100.mp3,8.124,3,2,5.099615,6.077642,0.978027
g0101,g0101.mp3,7.8105,3,0,0.0,1.065442,1.065442
g0101,g0101.mp3,7.8105,3,1,3.425125,3.957143,0.532018
g0101,g0101.mp3,7.8105,3,2,4.848889,5.893605,1.044717
g0102,g0102.mp3,7.96725,4,0,0.0,1.043923,1.043923
g0102,g0102.mp3,7.96725,4,1,2.292109,2.49907,0.206961
g0102,g0102.mp3,7.96725,4,2,3.338277,3.88356,0.545283
g0102,g0102.mp3,7.96725,4,3,4.871383,5.902245,1.030862
g0103,g0103.mp3,6.7395,3,0,0.0,1.062041,1.062041
g0103,g0103.mp3,6.7395,3,1,3.241156,3.806145,0.564989
g0103,g0103.mp3,6.7395,3,2,4.215692,5.241066,1.025374
g0104,g0104.mp3,6.844,3,0,0.0,1.032313,1.032313
g0104,g0104.mp3,6.844,3,1,3.181791,3.788662,0.606871
g0104,g0104.mp3,6.844,3,2,4.282948,5.29458,1.011633
g0105,g0105.mp3,7.41875,3,0,0.0,1.042109,1.042109
g0105,g0105.mp3,7.41875,3,1,3.104943,3.634671,0.529728
g0105,g0105.mp3,7.41875,3,2,4.507052,5.548005,1.040952
g0106,g0106.mp3,7.288125,3,0,0.0,1.072608,1.072608
g0106,g0106.mp3,7.288125,3,1,3.174807,3.754376,0.579569
g0106,g0106.mp3,7.288125,3,2,4.480635,5.541134,1.060499
g0107,g0107.mp3,7.1575,3,0,0.0,1.056395,1.056395
g0107,g0107.mp3,7.1575,3,1,3.341497,3.863855,0.522358
g0107,g0107.mp3,7.1575,3,2,4.456417,5.504626,1.048209
g0108,g0108.mp3,7.444875,3,0,0.0,1.031723,1.031723
g0108,g0108.mp3,7.444875,3,1,3.192132,3.748957,0.556825
g0108,g0108.mp3,7.444875,3,2,4.560454,5.595034,1.03458
g0109,g0109.mp3,7.079125,4,0,0.0,1.136054,1.136054
g0109,g0109.mp3,7.079125,4,1,2.231293,2.429138,0.197846
g0109,g0109.mp3,7.079125,4,2,3.363537,3.925329,0.561791
g0109,g0109.mp3,7.079125,4,3,4.516939,5.533197,1.016259
g0110,g0110.mp3,7.653875,3,0,0.0,1.04932,1.04932
g0110,g0110.mp3,7.653875,3,1,3.41424,3.946349,0.532109
g0110,g0110.mp3,7.653875,3,2,4.769025,5.778186,1.009161
g0111,g0111.mp3,7.497125,3,0,0.0,1.036349,1.036349
g0111,g0111.mp3,7.497125,3,1,2.935669,3.508866,0.573197
g0111,g0111.mp3,7.497125,3,2,4.482562,5.530091,1.047528
g0112,g0112.mp3,7.601625,4,0,0.0,1.036236,1.036236
g0112,g0112.mp3,7.601625,4,1,2.260907,2.397029,0.136122
g0112,g0112.mp3,7.601625,4,2,3.381361,3.92034,0.53898
g0112,g0112.mp3,7.601625,4,3,4.7161,5.754127,1.038027
g0113,g0113.mp3,7.86275,3,0,0.0,1.055533,1.055533
g0113,g0113.mp3,7.86275,3,1,3.516508,4.071043,0.554535
g0113,g0113.mp3,7.86275,3,2,4.935646,5.978934,1.043288
g0114,g0114.mp3,7.601625,3,0,0.0,1.049932,1.049932
g0114,g0114.mp3,7.601625,3,1,3.516689,4.113129,0.59644
g0114,g0114.mp3,7.601625,3,2,4.840476,5.863129,1.022653
g0115,g0115.mp3,7.784375,3,0,0.0,1.067302,1.067302
g0115,g0115.mp3,7.784375,3,1,3.25,3.839297,0.589297
g0115,g0115.mp3,7.784375,3,2,4.736077,5.783605,1.047528
g0116,g0116.mp3,7.183625,3,0,0.0,1.054399,1.054399
g0116,g0116.mp3,7.183625,3,1,3.345306,3.889184,0.543878
g0116,g0116.mp3,7.183625,3,2,4.508005,5.532268,1.024263
g0117,g0117.mp3,8.254625,3,0,0.0,1.061383,1.061383
g0117,g0117.mp3,8.254625,3,1,3.512925,4.065397,0.552472
g0117,g0117.mp3,8.254625,3,2,5.100159,6.150862,1.050703
g0118,g0118.mp3,7.262,3,0,0.0,1.067596,1.067596
g0118,g0118.mp3,7.262,3,1,3.299909,3.871678,0.571769
g0118,g0118.mp3,7.262,3,2,4.523288,5.5878,1.064512
g0119,g0119.mp3,7.732125,3,0,0.0,1.05542,1.05542
g0119,g0119.mp3,7.732125,3,1,3.380091,3.921542,0.541451
g0119,g0119.mp3,7.732125,3,2,4.800113,5.829955,1.029841
g0120,g0120.mp3,7.392625,3,0,0.0,1.109796,1.109796
g0120,g0120.mp3,7.392625,3,1,3.201678,3.751315,0.549637
g0120,g0120.mp3,7.392625,3,2,4.48102,5.54254,1.061519
g0121,g0121.mp3,7.836625,3,0,0.0,1.029002,1.029002
g0121,g0121.mp3,7.836625,3,1,3.483379,4.058435,0.575057
g0121,g0121.mp3,7.836625,3,2,4.901429,5.934853,1.033424
g0122,g0122.mp3,7.96725,4,0,0.0,1.064807,1.064807
g0122,g0122.mp3,7.96725,4,1,2.271814,2.457415,0.185601
g0122,g0122.mp3,7.96725,4,2,3.672041,4.22034,0.548299
g0122,g0122.mp3,7.96725,4,3,5.039887,6.08542,1.045533
g0123,g0123.mp3,8.202375,3,0,0.0,1.135805,1.135805
g0123,g0123.mp3,8.202375,3,1,3.587687,4.220408,0.632721
g0123,g0123.mp3,8.202375,3,2,5.159932,6.198821,1.038889
g0124,g0124.mp3,8.28075,3,0,0.0,1.130204,1.130204
g0124,g0124.mp3,8.28075,3,1,3.485669,4.075125,0.589456
g0124,g0124.mp3,8.28075,3,2,5.121746,6.173311,1.051565
g0125,g0125.mp3,7.5755,3,0,0.0,1.039955,1.039955
g0125,g0125.mp3,7.5755,3,1,3.183946,3.753968,0.570023
g0125,g0125.mp3,7.5755,3,2,4.579478,5.631701,1.052222
g0126,g0126.mp3,7.601625,3,0,0.0,1.055215,1.055215
g0126,g0126.mp3,7.601625,3,1,3.42449,4.003991,0.579501
g0126,g0126.mp3,7.601625,3,2,4.779252,5.797302,1.01805
g0127,g0127.mp3,7.601625,4,0,0.0,1.070454,1.070454
g0127,g0127.mp3,7.601625,4,1,2.260522,2.403039,0.142517
g0127,g0127.mp3,7.601625,4,2,3.509796,4.08737,0.577574
g0127,g0127.mp3,7.601625,4,3,4.808322,5.838798,1.030476
g0128,g0128.mp3,7.706,3,0,0.0,1.072313,1.072313
g0128,g0128.mp3,7.706,3,1,3.276984,3.842132,0.565147
g0128,g0128.mp3,7.706,3,2,4.709796,5.74839,1.038594
g0129,g0129.mp3,7.026875,3,0,0.0,1.029093,1.029093
g0129,g0129.mp3,7.026875,3,1,3.531406,4.054762,0.523356
g0129,g0129.mp3,7.026875,3,2,4.49907,5.51644,1.01737
g0130,g0130.mp3,8.306875,4,0,0.0,1.064671,1.064671
g0130,g0130.mp3,8.306875,4,1,2.344172,2.656689,0.312517
g0130,g0130.mp3,8.306875,4,2,3.523787,4.08449,0.560703
g0130,g0130.mp3,8.306875,4,3,5.195556,6.220249,1.024694
g0131,g0131.mp3,8.0195,3,0,0.0,1.048118,1.048118
g0131,g0131.mp3,8.0195,3,1,3.489705,4.06839,0.578685
g0131,g0131.mp3,8.0195,3,2,4.987347,6.059705,1.072358
g0132,g0132.mp3,7.836625,3,0,0.0,1.069977,1.069977
g0132,g0132.mp3,7.836625,3,1,3.470635,4.034762,0.564127
g0132,g0132.mp3,7.836625,3,2,4.872109,5.913651,1.041542
g0133,g0133.mp3,7.68,3,0,0.0,1.036508,1.036508
g0133,g0133.mp3,7.68,3,1,3.36551,3.881451,0.515941
g0133,g0133.mp3,7.68,3,2,4.739478,5.791791,1.052313
g0134,g0134.mp3,7.079125,3,0,0.0,1.08737,1.08737
g0134,g0134.mp3,7.079125,3,1,3.17805,3.757347,0.579297
g0134,g0134.mp3,7.079125,3,2,4.36585,5.433129,1.067279
g0135,g0135.mp3,7.20975,3,0,0.0,1.049433,1.049433
g0135,g0135.mp3,7.20975,3,1,3.250862,3.835964,0.585102
g0135,g0135.mp3,7.20975,3,2,4.445034,5.467415,1.022381
g0136,g0136.mp3,7.5755,3,0,0.0,1.037029,1.037029
g0136,g0136.mp3,7.5755,3,1,3.279524,3.83941,0.559887
g0136,g0136.mp3,7.5755,3,2,4.538118,5.629592,1.091474
g0137,g0137.mp3,7.41875,3,0,0.0,1.066712,1.066712
g0137,g0137.mp3,7.41875,3,1,3.215215,3.721383,0.506168
g0137,g0137.mp3,7.41875,3,2,4.492268,5.527166,1.034898
g0138,g0138.mp3,7.235875,3,0,0.0,1.052948,1.052948
g0138,g0138.mp3,7.235875,3,1,3.107075,3.653605,0.546531
g0138,g0138.mp3,7.235875,3,2,4.397982,5.42873,1.030748
g0139,g0139.mp3,7.75825,3,0,0.0,1.072608,1.072608
g0139,g0139.mp3,7.75825,3,1,3.410658,3.975578,0.564921
g0139,g0139.mp3,7.75825,3,2,4.792063,5.829524,1.03746
g0140,g0140.mp3,7.653875,3,0,0.0,1.029365,1.029365
g0140,g0140.mp3,7.653875,3,1,3.275624,3.810385,0.534761
g0140,g0140.mp3,7.653875,3,2,4.650045,5.707596,1.0575509999999992
g0141,g0141.mp3,8.202375,3,0,0.0,1.046372,1.046372
g0141,g0141.mp3,8.202375,3,1,3.403061,3.96288,0.559819
g0141,g0141.mp3,8.202375,3,2,5.058118,6.130907,1.072789
g0142,g0142.mp3,7.053,3,0,0.0,1.102222,1.102222
g0142,g0142.mp3,7.053,3,1,3.245329,3.848753,0.603424
g0142,g0142.mp3,7.053,3,2,4.345896,5.452336,1.10644
g0143,g0143.mp3,7.993375,3,0,0.0,1.038889,1.038889
g0143,g0143.mp3,7.993375,3,1,3.462381,4.019252,0.556871
g0143,g0143.mp3,7.993375,3,2,4.965351,6.019637,1.054286
g0144,g0144.mp3,7.836625,3,0,0.0,1.047234,1.047234
g0144,g0144.mp3,7.836625,3,1,3.285147,3.871995,0.586848
g0144,g0144.mp3,7.836625,3,2,4.810952,5.868707,1.057755
g0145,g0145.mp3,8.254625,3,0,0.0,1.085646,1.085646
g0145,g0145.mp3,8.254625,3,1,3.301859,3.900272,0.598413
g0145,g0145.mp3,8.254625,3,2,5.006803,6.058639,1.051837
g0146,g0146.mp3,8.96,4,0,0.0,1.044943,1.044943
g0146,g0146.mp3,8.96,4,1,3.332358,4.035215,0.702857
g0146,g0146.mp3,8.96,4,2,4.381882,4.542789,0.160907
g0146,g0146.mp3,8.96,4,3,5.490204,6.527279,1.037075
g0148,g0148.mp3,8.411375,4,0,0.0,1.057914,1.057914
g0148,g0148.mp3,8.411375,4,1,2.172336,2.299025,0.126689
g0148,g0148.mp3,8.411375,4,2,3.272268,3.915374,0.643107
g0148,g0148.mp3,8.411375,4,3,5.117574,6.206168,1.088594
g0149,g0149.mp3,8.48975,4,0,0.0,1.087166,1.087166
g0149,g0149.mp3,8.48975,4,1,2.282063,2.448639,0.166576
g0149,g0149.mp3,8.48975,4,2,3.593673,4.248141,0.654467
g0149,g0149.mp3,8.48975,4,3,5.217642,6.3478,1.130159
g0150,g0150.mp3,7.392625,3,0,0.0,1.037642,1.037642
g0150,g0150.mp3,7.392625,3,1,2.929206,3.477778,0.548571
g0150,g0150.mp3,7.392625,3,2,4.423265,5.441905,1.018639
g0151,g0151.mp3,7.993375,3,0,0.0,1.049705,1.049705
g0151,g0151.mp3,7.993375,3,1,3.182041,3.747075,0.565034
g0151,g0151.mp3,7.993375,3,2,4.828299,5.862653,1.034354
g0152,g0152.mp3,7.392625,3,0,0.0,1.061111,1.061111
g0152,g0152.mp3,7.392625,3,1,3.075465,3.642177,0.566712
g0152,g0152.mp3,7.392625,3,2,4.407982,5.48127,1.073288
g0153,g0153.mp3,7.340375,3,0,0.0,1.067256,1.067256
g0153,g0153.mp3,7.340375,3,1,3.076145,3.610454,0.534308
g0153,g0153.mp3,7.340375,3,2,4.378481,5.431655,1.053175
g0154,g0154.mp3,7.053,3,0,0.0,1.054444,1.054444
g0154,g0154.mp3,7.053,3,1,3.135238,3.661701,0.526463
g0154,g0154.mp3,7.053,3,2,4.283243,5.363424,1.080181
g0155,g0155.mp3,7.20975,3,0,0.0,1.167823,1.167823
g0155,g0155.mp3,7.20975,3,1,3.177687,3.851111,0.673424
g0155,g0155.mp3,7.20975,3,2,4.496825,5.57424,1.077415
g0156,g0156.mp3,6.765625,3,0,0.0,1.040408,1.040408
g0156,g0156.mp3,6.765625,3,1,2.911247,3.462381,0.551134
g0156,g0156.mp3,6.765625,3,2,4.063991,5.104218,1.040227
g0158,g0158.mp3,11.728875,6,0,0.0,1.024467,1.024467
g0158,g0158.mp3,11.728875,6,1,3.16263,4.16263,1.0
g0158,g0158.mp3,11.728875,6,2,4.77932,5.779909,1.00059
g0158,g0158.mp3,11.728875,6,3,6.448254,6.941723,0.493469
g0158,g0158.mp3,11.728875,6,4,8.077982,9.077279,0.999297
g0158,g0158.mp3,11.728875,6,5,9.886281,10.886236,0.999955
g0159,g0159.mp3,8.0195,4,0,0.0,1.043401,1.043401
g0159,g0159.mp3,8.0195,4,1,2.183129,2.387506,0.204376
g0159,g0159.mp3,8.0195,4,2,3.532517,4.120136,0.587619
g0159,g0159.mp3,8.0195,4,3,5.001542,6.078503,1.076961
g0160,g0160.mp3,8.515875,4,0,0.0,1.076032,1.076032
g0160,g0160.mp3,8.515875,4,1,2.295646,2.560907,0.265261
g0160,g0160.mp3,8.515875,4,2,3.586485,4.159138,0.572653
g0160,g0160.mp3,8.515875,4,3,5.303379,6.334558,1.031179
g0161,g0161.mp3,7.96725,3,0,0.0,1.062381,1.062381
g0161,g0161.mp3,7.96725,3,1,3.159478,3.795896,0.636417
g0161,g0161.mp3,7.96725,3,2,4.79254,5.831429,1.038889
g0162,g0162.mp3,8.333,3,0,0.0,1.06966,1.06966
g0162,g0162.mp3,8.333,3,1,3.411088,3.968413,0.557324
g0162,g0162.mp3,8.333,3,2,5.073946,6.165261,1.091315
g0163,g0163.mp3,8.411375,3,0,0.0,1.038073,1.038073
g0163,g0163.mp3,8.411375,3,1,3.320272,3.834558,0.514286
g0163,g0163.mp3,8.411375,3,2,5.10839,6.177483,1.069093
g0164,g0164.mp3,8.4375,3,0,0.0,1.03805,1.03805
g0164,g0164.mp3,8.4375,3,1,3.372789,3.978662,0.605873
g0164,g0164.mp3,8.4375,3,2,5.170454,6.237642,1.067188
g0165,g0165.mp3,7.392625,3,0,0.0,1.057846,1.057846
g0165,g0165.mp3,7.392625,3,1,3.328753,3.875011,0.546259
g0165,g0165.mp3,7.392625,3,2,4.56102,5.583039,1.022018
g0166,g0166.mp3,7.75825,3,0,0.0,1.088549,1.088549
g0166,g0166.mp3,7.75825,3,1,3.349274,3.89102,0.541746
g0166,g0166.mp3,7.75825,3,2,4.766599,5.817234,1.050635
g0167,g0167.mp3,8.17625,3,0,0.0,1.036349,1.036349
g0167,g0167.mp3,8.17625,3,1,3.455193,4.013537,0.558345
g0167,g0167.mp3,8.17625,3,2,5.004127,6.056077,1.05195
g0168,g0168.mp3,8.124,3,0,0.0,1.076984,1.076984
g0168,g0168.mp3,8.124,3,1,3.165397,3.724603,0.559206
g0168,g0168.mp3,8.124,3,2,4.863401,5.885261,1.021859
g0169,g0169.mp3,8.751,3,0,0.0,1.026372,1.026372
g0169,g0169.mp3,8.751,3,1,3.445442,4.095442,0.65
g0169,g0169.mp3,8.751,3,2,5.353719,6.396644,1.042925
g0170,g0170.mp3,7.75825,3,0,0.0,1.08712,1.08712
g0170,g0170.mp3,7.75825,3,1,3.14644,3.748526,0.602086
g0170,g0170.mp3,7.75825,3,2,4.703129,5.745737,1.042608
g0171,g0171.mp3,7.915,4,0,0.0,1.025873,1.025873
g0171,g0171.mp3,7.915,4,1,2.06771,2.279365,0.211655
g0171,g0171.mp3,7.915,4,2,3.450998,4.011837,0.560839
g0171,g0171.mp3,7.915,4,3,4.908549,5.945125,1.036576
g0172,g0172.mp3,7.706,3,0,0.0,1.031791,1.031791
g0172,g0172.mp3,7.706,3,1,3.380204,3.912268,0.532063
g0172,g0172.mp3,7.706,3,2,4.757347,5.792585,1.035238
g0173,g0173.mp3,6.9485,3,0,0.0,1.040975,1.040975
g0173,g0173.mp3,6.9485,3,1,3.083447,3.6122,0.528753
g0173,g0173.mp3,6.9485,3,2,4.243469,5.28127,1.0378
g0174,g0174.mp3,8.0195,3,0,0.0,1.056122,1.056122
g0174,g0174.mp3,8.0195,3,1,3.398299,3.921633,0.523333
g0174,g0174.mp3,8.0195,3,2,4.916417,5.934082,1.017664
g0175,g0175.mp3,7.732125,3,0,0.0,1.043379,1.043379
g0175,g0175.mp3,7.732125,3,1,3.392404,3.964785,0.572381
g0175,g0175.mp3,7.732125,3,2,4.809184,5.855941,1.046757
g0176,g0176.mp3,8.620375,3,0,0.0,1.040476,1.040476
g0176,g0176.mp3,8.620375,3,1,3.503175,4.057143,0.553968
g0176,g0176.mp3,8.620375,3,2,5.27254,6.320612,1.048073
g0177,g0177.mp3,8.829375,3,0,0.0,1.108163,1.108163
g0177,g0177.mp3,8.829375,3,1,3.586644,4.133832,0.547188
g0177,g0177.mp3,8.829375,3,2,5.415011,6.457506,1.042494
g0178,g0178.mp3,8.097875,3,0,0.0,1.055442,1.055442
g0178,g0178.mp3,8.097875,3,1,3.058685,3.627914,0.569229
g0178,g0178.mp3,8.097875,3,2,4.819864,5.837234,1.01737
g0179,g0179.mp3,8.69875,3,0,0.0,1.052948,1.052948
g0179,g0179.mp3,8.69875,3,1,3.259433,4.317914,1.058481
g0179,g0179.mp3,8.69875,3,2,5.46941,6.495011,1.025601
g0180,g0180.mp3,7.993375,3,0,0.0,1.045057,1.045057
g0180,g0180.mp3,7.993375,3,1,3.110385,3.631837,0.521451
g0180,g0180.mp3,7.993375,3,2,4.772812,5.801587,1.028776
g0181,g0181.mp3,7.96725,3,0,0.0,1.057528,1.057528
g0181,g0181.mp3,7.96725,3,1,3.190794,3.785374,0.59458
g0181,g0181.mp3,7.96725,3,2,4.839478,5.871882,1.032404
g0182,g0182.mp3,8.411375,3,0,0.0,1.071043,1.071043
g0182,g0182.mp3,8.411375,3,1,3.218186,3.741769,0.523583
g0182,g0182.mp3,8.411375,3,2,5.053991,6.120884,1.0668930000000003
g0183,g0183.mp3,8.59425,3,0,0.0,1.048866,1.048866
g0183,g0183.mp3,8.59425,3,1,3.27449,3.808753,0.534263
g0183,g0183.mp3,8.59425,3,2,5.167302,6.200181,1.0328789999999994
g0185,g0185.mp3,7.888875,3,0,0.0,1.045397,1.045397
g0185,g0185.mp3,7.888875,3,1,3.220159,3.733265,0.513107
g0185,g0185.mp3,7.888875,3,2,4.735941,5.807279,1.071338
g0186,g0186.mp3,8.097875,3,0,0.0,1.050181,1.050181
g0186,g0186.mp3,8.097875,3,1,3.519615,4.082086,0.562472
g0186,g0186.mp3,8.097875,3,2,5.050068,6.074694,1.024626
g0187,g0187.mp3,7.497125,3,0,0.0,1.106576,1.106576
g0187,g0187.mp3,7.497125,3,1,3.284104,3.837075,0.552971
g0187,g0187.mp3,7.497125,3,2,4.602358,5.655465,1.053107
g0188,g0188.mp3,12.382,6,0,0.0,1.022404,1.022404
g0188,g0188.mp3,12.382,6,1,3.439751,4.439841,1.000091
g0188,g0188.mp3,12.382,6,2,5.336553,6.336599,1.000045
g0188,g0188.mp3,12.382,6,3,7.348027,7.812449,0.464422
g0188,g0188.mp3,12.382,6,4,9.047438,10.047415,0.999977
g0188,g0188.mp3,12.382,6,5,10.758435,11.758594,1.000159
g0189,g0189.mp3,7.75825,3,0,0.0,1.076281,1.076281
g0189,g0189.mp3,7.75825,3,1,3.740091,4.320748,0.580658
g0189,g0189.mp3,7.75825,3,2,5.005011,6.056735,1.051723
g0190,g0190.mp3,7.75825,3,0,0.0,1.13093,1.13093
g0190,g0190.mp3,7.75825,3,1,3.207324,3.798367,0.591043
g0190,g0190.mp3,7.75825,3,2,4.716463,5.777211,1.060748
g0191,g0191.mp3,7.10525,3,0,0.0,1.0739,1.0739
g0191,g0191.mp3,7.10525,3,1,3.331406,3.851791,0.520385
g0191,g0191.mp3,7.10525,3,2,4.424762,5.487596,1.062834
g0192,g0192.mp3,7.941125,4,0,0.0,1.060771,1.060771
g0192,g0192.mp3,7.941125,4,1,2.233741,2.377846,0.144104
g0192,g0192.mp3,7.941125,4,2,3.610363,4.163356,0.552993
g0192,g0192.mp3,7.941125,4,3,5.009909,6.055986,1.046077
g0193,g0193.mp3,8.2285,4,0,0.0,1.051406,1.051406
g0193,g0193.mp3,8.2285,4,1,2.216984,2.402063,0.185079
g0193,g0193.mp3,8.2285,4,2,3.720272,4.256803,0.536531
g0193,g0193.mp3,8.2285,4,3,5.192721,6.230023,1.037302
g0194,g0194.mp3,8.38525,4,0,0.0,1.102948,1.102948
g0194,g0194.mp3,8.38525,4,1,2.370499,2.554921,0.184422
g0194,g0194.mp3,8.38525,4,2,3.852857,4.403152,0.550295
g0194,g0194.mp3,8.38525,4,3,5.354218,6.399887,1.045669
g0195,g0195.mp3,7.75825,3,0,0.0,1.048844,1.048844
g0195,g0195.mp3,7.75825,3,1,3.37059,3.978685,0.608095
g0195,g0195.mp3,7.75825,3,2,4.768458,5.785692,1.017234
g0196,g0196.mp3,8.045625,3,0,0.0,1.108095,1.108095
g0196,g0196.mp3,8.045625,3,1,3.569365,4.118481,0.549116
g0196,g0196.mp3,8.045625,3,2,5.031791,6.070249,1.038458
g0197,g0197.mp3,13.270125,6,0,0.0,1.025057,1.025057
g0197,g0197.mp3,13.270125,6,1,3.426757,4.426757,1.0
g0197,g0197.mp3,13.270125,6,2,5.62381,6.623968,1.000159
g0197,g0197.mp3,13.270125,6,3,7.786236,8.243583,0.457347
g0197,g0197.mp3,13.270125,6,4,9.292698,10.292562,0.999864
g0197,g0197.mp3,13.270125,6,5,11.288073,12.288163,1.000091
g0198,g0198.mp3,7.732125,3,0,0.0,1.045624,1.045624
g0198,g0198.mp3,7.732125,3,1,3.54737,4.074104,0.526735
g0198,g0198.mp3,7.732125,3,2,4.877415,5.897574,1.020159
g0199,g0199.mp3,7.888875,3,0,0.0,1.037098,1.037098
g0199,g0199.mp3,7.888875,3,1,3.301315,3.866871,0.565556
g0199,g0199.mp3,7.888875,3,2,4.823537,5.851587,1.02805
g0200,g0200.mp3,7.601625,4,0,0.0,1.031723,1.031723
g0200,g0200.mp3,7.601625,4,1,2.281519,2.503764,0.222245
g0200,g0200.mp3,7.601625,4,2,3.222154,3.775011,0.552857
g0200,g0200.mp3,7.601625,4,3,4.627664,5.694399,1.066735
g0201,g0201.mp3,8.69875,3,0,0.0,1.037596,1.037596
g0201,g0201.mp3,8.69875,3,1,3.534943,4.197868,0.662925
g0201,g0201.mp3,8.69875,3,2,5.416735,6.473469,1.056735
g0202,g0202.mp3,7.993375,4,0,0.0,1.100499,1.100499
g0202,g0202.mp3,7.993375,4,1,2.17424,2.301678,0.127438
g0202,g0202.mp3,7.993375,4,2,3.292608,3.805737,0.513129
g0202,g0202.mp3,7.993375,4,3,4.869841,5.900726,1.030884
g0203,g0203.mp3,7.68,3,0,0.0,1.050998,1.050998
g0203,g0203.mp3,7.68,3,1,3.228526,3.75356,0.525034
g0203,g0203.mp3,7.68,3,2,4.669615,5.702086,1.032472
g0204,g0204.mp3,8.411375,3,0,0.0,1.049048,1.049048
g0204,g0204.mp3,8.411375,3,1,3.069025,3.611769,0.542744
g0204,g0204.mp3,8.411375,3,2,4.991542,6.022154,1.030612
g0205,g0205.mp3,7.888875,3,0,0.0,1.079796,1.079796
g0205,g0205.mp3,7.888875,3,1,3.189184,3.75839,0.569206
g0205,g0205.mp3,7.888875,3,2,4.777506,5.803923,1.026417
g0206,g0206.mp3,11.624375,6,0,0.0,1.025057,1.025057
g0206,g0206.mp3,11.624375,6,1,3.143719,4.143764,1.000045
g0206,g0206.mp3,11.624375,6,2,4.767619,5.767732,1.000113
g0206,g0206.mp3,11.624375,6,3,6.425034,6.847415,0.422381
g0206,g0206.mp3,11.624375,6,4,7.977868,8.977868,1.0
g0206,g0206.mp3,11.624375,6,5,9.76,10.760091,1.000091
g0207,g0207.mp3,7.3665,4,0,0.0,1.070726,1.070726
g0207,g0207.mp3,7.3665,4,1,2.089955,2.249002,0.159048
g0207,g0207.mp3,7.3665,4,2,3.148481,3.685034,0.536553
g0207,g0207.mp3,7.3665,4,3,4.505964,5.551723,1.04576
g0208,g0208.mp3,7.10525,3,0,0.0,1.06678,1.06678
g0208,g0208.mp3,7.10525,3,1,2.954059,3.481542,0.527483
g0208,g0208.mp3,7.10525,3,2,4.269116,5.284921,1.015805
g0209,g0209.mp3,8.045625,4,0,0.0,1.09,1.09
g0209,g0209.mp3,8.045625,4,1,2.179229,2.34458,0.165351
g0209,g0209.mp3,8.045625,4,2,3.361587,3.905533,0.543946
g0209,g0209.mp3,8.045625,4,3,4.894989,5.94322,1.048231
g0210,g0210.mp3,6.7395,3,0,0.0,1.051315,1.051315
g0210,g0210.mp3,6.7395,3,1,2.919819,3.436009,0.51619
g0210,g0210.mp3,6.7395,3,2,4.037302,5.090998,1.053696
g0211,g0211.mp3,6.817875,3,0,0.0,1.025057,1.025057
g0211,g0211.mp3,6.817875,3,1,2.997188,3.997188,1.0
g0211,g0211.mp3,6.817875,3,2,4.967937,5.96805,1.000113
g0212,g0212.mp3,7.52325,3,0,0.0,1.034921,1.034921
g0212,g0212.mp3,7.52325,3,1,3.068277,3.602562,0.534286
g0212,g0212.mp3,7.52325,3,2,4.540023,5.555964,1.015941
g0213,g0213.mp3,7.68,3,0,0.0,1.036939,1.036939
g0213,g0213.mp3,7.68,3,1,3.251156,3.786757,0.535601
g0213,g0213.mp3,7.68,3,2,4.657914,5.703152,1.045238
g0214,g0214.mp3,7.732125,3,0,0.0,1.046916,1.046916
g0214,g0214.mp3,7.732125,3,1,3.35034,3.922449,0.572109
g0214,g0214.mp3,7.732125,3,2,4.784399,5.820499,1.0361
g0215,g0215.mp3,7.68,3,0,0.0,1.038435,1.038435
g0215,g0215.mp3,7.68,3,1,3.185714,3.716372,0.530658
g0215,g0215.mp3,7.68,3,2,4.663651,5.676667,1.013016
g0216,g0216.mp3,7.549375,3,0,0.0,1.058231,1.058231
g0216,g0216.mp3,7.549375,3,1,3.291655,3.830136,0.538481
g0216,g0216.mp3,7.549375,3,2,4.611202,5.650204,1.039002
g0217,g0217.mp3,7.444875,3,0,0.0,1.063175,1.063175
g0217,g0217.mp3,7.444875,3,1,3.437324,3.950635,0.513311
g0217,g0217.mp3,7.444875,3,2,4.638345,5.691315,1.052971
g0218,g0218.mp3,7.20975,3,0,0.0,1.061066,1.061066
g0218,g0218.mp3,7.20975,3,1,3.282494,3.807687,0.525193
g0218,g0218.mp3,7.20975,3,2,4.47195,5.502721,1.030771
g0219,g0219.mp3,8.515875,4,0,0.0,1.03585,1.03585
g0219,g0219.mp3,8.515875,4,1,2.142834,2.267438,0.124603
g0219,g0219.mp3,8.515875,4,2,3.400045,3.975782,0.575737
g0219,g0219.mp3,8.515875,4,3,5.215873,6.271497,1.055624
g0220,g0220.mp3,6.426,3,0,0.0,1.025102,1.025102
g0220,g0220.mp3,6.426,3,1,2.885442,3.88542,0.999977
g0220,g0220.mp3,6.426,3,2,4.669025,5.669025,1.0
g0221,g0221.mp3,8.150125,3,0,0.0,1.023719,1.023719
g0221,g0221.mp3,8.150125,3,1,3.525986,4.019932,0.493946
g0221,g0221.mp3,8.150125,3,2,5.046054,6.048753,1.002698
g0222,g0222.mp3,14.57625,6,0,0.0,1.025057,1.025057
g0222,g0222.mp3,14.57625,6,1,3.399161,4.399206,1.000045
g0222,g0222.mp3,14.57625,6,2,5.818413,6.818367,0.999955
g0222,g0222.mp3,14.57625,6,3,8.169433,8.707846,0.538413
g0222,g0222.mp3,14.57625,6,4,9.848526,10.848549,1.000023
g0222,g0222.mp3,14.57625,6,5,12.245986,13.241474,0.995488
g0223,g0223.mp3,8.0195,3,0,0.0,1.04356,1.04356
g0223,g0223.mp3,8.0195,3,1,3.522517,4.021859,0.499342
g0223,g0223.mp3,8.0195,3,2,4.997664,5.993991,0.996327
g0224,g0224.mp3,7.52325,3,0,0.0,1.037982,1.037982
g0224,g0224.mp3,7.52325,3,1,3.55254,4.068889,0.516349
g0224,g0224.mp3,7.52325,3,2,4.741859,5.754921,1.013061
g0225,g0225.mp3,7.941125,3,0,0.0,1.087188,1.087188
g0225,g0225.mp3,7.941125,3,1,3.782494,4.300272,0.517778
g0225,g0225.mp3,7.941125,3,2,5.086848,6.120385,1.033537
g0226,g0226.mp3,7.62775,3,0,0.0,1.098141,1.098141
g0226,g0226.mp3,7.62775,3,1,3.47356,4.008435,0.534875
g0226,g0226.mp3,7.62775,3,2,4.769138,5.799683,1.030544
g0227,g0227.mp3,7.601625,3,0,0.0,1.025057,1.025057
g0227,g0227.mp3,7.601625,3,1,3.211927,3.708073,0.496145
g0227,g0227.mp3,7.601625,3,2,4.609524,5.646485,1.036961
g0228,g0228.mp3,8.0195,3,0,0.0,1.061293,1.061293
g0228,g0228.mp3,8.0195,3,1,3.341995,3.885329,0.543333
g0228,g0228.mp3,8.0195,3,2,4.937959,5.948594,1.010635
g0229,g0229.mp3,7.131375,3,0,0.0,1.059184,1.059184
g0229,g0229.mp3,7.131375,3,1,3.336009,3.854762,0.518753
g0229,g0229.mp3,7.131375,3,2,4.458277,5.485601,1.027324
g0230,g0230.mp3,7.497125,3,0,0.0,1.065465,1.065465
g0230,g0230.mp3,7.497125,3,1,3.188231,3.706009,0.517778
g0230,g0230.mp3,7.497125,3,2,4.565147,5.588957,1.02381
g0231,g0231.mp3,7.732125,3,0,0.0,1.04737,1.04737
g0231,g0231.mp3,7.732125,3,1,3.56263,4.083537,0.520907
g0231,g0231.mp3,7.732125,3,2,4.888685,5.900181,1.011497
g0232,g0232.mp3,7.392625,3,0,0.0,1.088957,1.088957
g0232,g0232.mp3,7.392625,3,1,3.301043,3.838685,0.537642
g0232,g0232.mp3,7.392625,3,2,4.59585,5.612472,1.016621
g0233,g0233.mp3,7.86275,3,0,0.0,1.072676,1.072676
g0233,g0233.mp3,7.86275,3,1,3.922834,4.417959,0.495125
g0233,g0233.mp3,7.86275,3,2,5.09644,6.115578,1.019138
g0234,g0234.mp3,7.288125,3,0,0.0,1.025102,1.025102
g0234,g0234.mp3,7.288125,3,1,3.258685,3.780068,0.521383
g0234,g0234.mp3,7.288125,3,2,4.483129,5.51161,1.028481
g0235,g0235.mp3,6.7395,3,0,0.0,1.039501,1.039501
g0235,g0235.mp3,6.7395,3,1,3.193469,3.717438,0.523968
g0235,g0235.mp3,6.7395,3,2,4.176848,5.211905,1.035057
g0236,g0236.mp3,7.444875,3,0,0.0,1.082585,1.082585
g0236,g0236.mp3,7.444875,3,1,3.50619,4.055329,0.549138
g0236,g0236.mp3,7.444875,3,2,4.713039,5.740227,1.027188
g0237,g0237.mp3,7.444875,3,0,0.0,1.1222,1.1222
g0237,g0237.mp3,7.444875,3,1,3.342132,3.865873,0.523741
g0237,g0237.mp3,7.444875,3,2,4.620181,5.626553,1.006372
g0238,g0238.mp3,7.96725,3,0,0.0,1.041179,1.041179
g0238,g0238.mp3,7.96725,3,1,3.524172,4.050113,0.525941
g0238,g0238.mp3,7.96725,3,2,4.956599,5.983741,1.027143
g0239,g0239.mp3,7.706,3,0,0.0,1.0839,1.0839
g0239,g0239.mp3,7.706,3,1,3.434263,3.959546,0.525283
g0239,g0239.mp3,7.706,3,2,4.788231,5.841134,1.052902
g0240,g0240.mp3,6.844,3,0,0.0,1.035601,1.035601
g0240,g0240.mp3,6.844,3,1,2.967256,3.485488,0.518231
g0240,g0240.mp3,6.844,3,2,4.170181,5.195646,1.025465
g0241,g0241.mp3,7.86275,3,0,0.0,1.041723,1.041723
g0241,g0241.mp3,7.86275,3,1,3.294308,3.839546,0.545238
g0241,g0241.mp3,7.86275,3,2,4.792585,5.80898,1.016395
g0242,g0242.mp3,7.183625,3,0,0.0,1.037438,1.037438
g0242,g0242.mp3,7.183625,3,1,3.355669,3.894308,0.538639
g0242,g0242.mp3,7.183625,3,2,4.509819,5.519705,1.009887
g0243,g0243.mp3,7.235875,3,0,0.0,1.078639,1.078639
g0243,g0243.mp3,7.235875,3,1,3.338662,3.860952,0.52229
g0243,g0243.mp3,7.235875,3,2,4.504218,5.538594,1.034376
g0244,g0244.mp3,9.404,3,0,0.0,1.06458,1.06458
g0244,g0244.mp3,9.404,3,1,3.434762,3.960612,0.52585
g0244,g0244.mp3,9.404,3,2,5.629955,6.678594,1.048639
g0245,g0245.mp3,7.915,3,0,0.0,1.044649,1.044649
g0245,g0245.mp3,7.915,3,1,3.390658,3.901837,0.511179
g0245,g0245.mp3,7.915,3,2,4.866757,5.88254,1.015782
g0246,g0246.mp3,7.96725,3,0,0.0,1.077868,1.077868
g0246,g0246.mp3,7.96725,3,1,3.446032,3.97839,0.532358
g0246,g0246.mp3,7.96725,3,2,4.946145,5.974785,1.028639
g0247,g0247.mp3,7.41875,3,0,0.0,1.062404,1.062404
g0247,g0247.mp3,7.41875,3,1,3.460862,4.012177,0.551315
g0247,g0247.mp3,7.41875,3,2,4.668889,5.697937,1.029048
g0248,g0248.mp3,7.340375,3,0,0.0,1.073061,1.073061
g0248,g0248.mp3,7.340375,3,1,3.260499,3.773764,0.513265
g0248,g0248.mp3,7.340375,3,2,4.516916,5.539887,1.022971
g0249,g0249.mp3,7.5755,3,0,0.0,1.053855,1.053855
g0249,g0249.mp3,7.5755,3,1,3.519433,4.036077,0.516644
g0249,g0249.mp3,7.5755,3,2,4.773288,5.813968,1.04068
g0250,g0250.mp3,6.7395,3,0,0.0,1.05712,1.05712
g0250,g0250.mp3,6.7395,3,1,2.958571,3.451995,0.493424
g0250,g0250.mp3,6.7395,3,2,4.06458,5.084444,1.019864
g0252,g0252.mp3,7.68,3,0,0.0,1.050907,1.050907
g0252,g0252.mp3,7.68,3,1,3.394218,3.897483,0.503265
g0252,g0252.mp3,7.68,3,2,4.762041,5.788912,1.026871
g0253,g0253.mp3,7.62775,3,0,0.0,1.089705,1.089705
g0253,g0253.mp3,7.62775,3,1,3.413129,3.941111,0.527982
g0253,g0253.mp3,7.62775,3,2,4.715397,5.7578,1.042404
g0254,g0254.mp3,12.53875,6,0,0.0,1.025057,1.025057
g0254,g0254.mp3,12.53875,6,1,3.316463,4.316463,1.0
g0254,g0254.mp3,12.53875,6,2,5.226304,6.226304,1.0
g0254,g0254.mp3,12.53875,6,3,7.186916,7.690658,0.503741
g0254,g0254.mp3,12.53875,6,4,8.781859,9.781859,1.0
g0254,g0254.mp3,12.53875,6,5,10.635102,11.635215,1.000113
g0255,g0255.mp3,8.48975,3,0,0.0,1.059683,1.059683
g0255,g0255.mp3,8.48975,3,1,3.611587,4.117914,0.506327
g0255,g0255.mp3,8.48975,3,2,5.266372,6.27517,1.008798
g0256,g0256.mp3,7.75825,3,0,0.0,1.025079,1.025079
g0256,g0256.mp3,7.75825,3,1,3.568798,4.56907,1.000272
g0256,g0256.mp3,7.75825,3,2,5.684853,6.684921,1.000068
g0257,g0257.mp3,7.3665,3,0,0.0,1.024036,1.024036
g0257,g0257.mp3,7.3665,3,1,3.286893,3.803719,0.516825
g0257,g0257.mp3,7.3665,3,2,4.526644,5.547687,1.021043
g0258,g0258.mp3,7.392625,3,0,0.0,1.026961,1.026961
g0258,g0258.mp3,7.392625,3,1,3.111769,3.643107,0.531338
g0258,g0258.mp3,7.392625,3,2,4.457188,5.474717,1.017528
g0259,g0259.mp3,7.62775,3,0,0.0,1.040499,1.040499
g0259,g0259.mp3,7.62775,3,1,3.413107,3.936009,0.522902
g0259,g0259.mp3,7.62775,3,2,4.673129,5.690136,1.017007
g0260,g0260.mp3,6.504375,3,0,0.0,1.05254,1.05254
g0260,g0260.mp3,6.504375,3,1,3.194354,3.698685,0.504331
g0260,g0260.mp3,6.504375,3,2,4.057642,5.076236,1.018594
g0261,g0261.mp3,7.68,3,0,0.0,1.031474,1.031474
g0261,g0261.mp3,7.68,3,1,3.421927,3.979864,0.557937
g0261,g0261.mp3,7.68,3,2,4.818662,5.823016,1.004354
g0262,g0262.mp3,8.568125,3,0,0.0,1.087483,1.087483
g0262,g0262.mp3,8.568125,3,1,3.552562,4.074354,0.521791
g0262,g0262.mp3,8.568125,3,2,5.30322,6.308685,1.005465
g0263,g0263.mp3,8.38525,3,0,0.0,1.05195,1.05195
g0263,g0263.mp3,8.38525,3,1,3.597732,4.109501,0.511769
g0263,g0263.mp3,8.38525,3,2,5.190385,6.206916,1.016531
g0264,g0264.mp3,8.150125,3,0,0.0,1.080748,1.080748
g0264,g0264.mp3,8.150125,3,1,3.608639,4.141701,0.533061
g0264,g0264.mp3,8.150125,3,2,5.118571,6.140091,1.021519
g0265,g0265.mp3,7.732125,3,0,0.0,1.055238,1.055238
g0265,g0265.mp3,7.732125,3,1,3.391791,3.881224,0.489433
g0265,g0265.mp3,7.732125,3,2,4.760771,5.772585,1.011814
g0266,g0266.mp3,7.941125,3,0,0.0,1.032517,1.032517
g0266,g0266.mp3,7.941125,3,1,3.474649,3.980317,0.505669
g0266,g0266.mp3,7.941125,3,2,4.898707,5.912426,1.013719
g0267,g0267.mp3,7.836625,3,0,0.0,1.025057,1.025057
g0267,g0267.mp3,7.836625,3,1,3.201814,4.201791,0.999977
g0267,g0267.mp3,7.836625,3,2,5.480136,6.480272,1.000136
g0268,g0268.mp3,7.941125,3,0,0.0,1.091837,1.091837
g0268,g0268.mp3,7.941125,3,1,3.110431,3.615646,0.505215
g0268,g0268.mp3,7.941125,3,2,4.703129,5.732721,1.029592
g0269,g0269.mp3,7.86275,4,0,0.0,1.062109,1.062109
g0269,g0269.mp3,7.86275,4,1,2.335873,2.45966,0.123787
g0269,g0269.mp3,7.86275,4,2,3.666417,4.15966,0.493243
g0269,g0269.mp3,7.86275,4,3,4.932517,5.966349,1.033832
g0270,g0270.mp3,6.9485,3,0,0.0,1.033787,1.033787
g0270,g0270.mp3,6.9485,3,1,3.159569,3.665556,0.505986
g0270,g0270.mp3,6.9485,3,2,4.258299,5.281202,1.022902
g0271,g0271.mp3,8.045625,3,0,0.0,1.053855,1.053855
g0271,g0271.mp3,8.045625,3,1,3.43907,3.961814,0.522744
g0271,g0271.mp3,8.045625,3,2,4.968571,5.99644,1.027868
g0272,g0272.mp3,7.5755,3,0,0.0,1.104853,1.104853
g0272,g0272.mp3,7.5755,3,1,3.598345,4.127846,0.529501
g0272,g0272.mp3,7.5755,3,2,4.827868,5.854354,1.026485
g0273,g0273.mp3,7.549375,3,0,0.0,1.063741,1.063741
g0273,g0273.mp3,7.549375,3,1,3.283311,3.782698,0.499388
g0273,g0273.mp3,7.549375,3,2,4.606304,5.628912,1.022608
g0274,g0274.mp3,7.52325,3,0,0.0,1.05102,1.05102
g0274,g0274.mp3,7.52325,3,1,3.290295,3.818594,0.528299
g0274,g0274.mp3,7.52325,3,2,4.625714,5.65449,1.028776
g0275,g0275.mp3,7.96725,3,0,0.0,1.035193,1.035193
g0275,g0275.mp3,7.96725,3,1,3.293968,3.786871,0.492902
g0275,g0275.mp3,7.96725,3,2,4.844218,5.878118,1.0339
g0276,g0276.mp3,8.724875,3,0,0.0,1.050998,1.050998
g0276,g0276.mp3,8.724875,3,1,3.763039,4.269705,0.506667
g0276,g0276.mp3,8.724875,3,2,5.491633,6.510975,1.019342
g0277,g0277.mp3,8.6465,3,0,0.0,1.060635,1.060635
g0277,g0277.mp3,8.6465,3,1,3.514399,4.045714,0.531315
g0277,g0277.mp3,8.6465,3,2,5.341859,6.379297,1.037438
g0278,g0278.mp3,8.411375,3,0,0.0,1.045714,1.045714
g0278,g0278.mp3,8.411375,3,1,3.342177,3.833447,0.49127
g0278,g0278.mp3,8.411375,3,2,5.091859,6.128889,1.037029
g0279,g0279.mp3,8.672625,3,0,0.0,1.11093,1.11093
g0279,g0279.mp3,8.672625,3,1,3.692517,4.185011,0.492494
g0279,g0279.mp3,8.672625,3,2,5.459773,6.416735,0.956961
g0280,g0280.mp3,7.68,4,0,0.0,1.024422,1.024422
g0280,g0280.mp3,7.68,4,1,2.40619,2.555102,0.148912
g0280,g0280.mp3,7.68,4,2,3.341927,3.937596,0.595669
g0280,g0280.mp3,7.68,4,3,4.745283,5.832132,1.086848
g0282,g0282.mp3,7.10525,3,0,0.0,1.030907,1.030907
g0282,g0282.mp3,7.10525,3,1,3.20898,3.729728,0.520748
g0282,g0282.mp3,7.10525,3,2,4.391247,5.445782,1.054535
g0283,g0283.mp3,8.17625,3,0,0.0,1.079932,1.079932
g0283,g0283.mp3,8.17625,3,1,3.56839,4.100363,0.531973
g0283,g0283.mp3,8.17625,3,2,5.099796,6.129093,1.029297
g0284,g0284.mp3,7.732125,3,0,0.0,1.027052,1.027052
g0284,g0284.mp3,7.732125,3,1,3.276122,3.802154,0.526032
g0284,g0284.mp3,7.732125,3,2,4.74517,5.778277,1.033107
g0285,g0285.mp3,7.3665,3,0,0.0,1.045147,1.045147
g0285,g0285.mp3,7.3665,3,1,3.52932,4.036916,0.507596
g0285,g0285.mp3,7.3665,3,2,4.678594,5.698005,1.01941
g0286,g0286.mp3,7.5755,3,0,0.0,1.038413,1.038413
g0286,g0286.mp3,7.5755,3,1,3.553061,4.104127,0.551066
g0286,g0286.mp3,7.5755,3,2,4.800136,5.807982,1.007846
g0287,g0287.mp3,7.784375,4,0,0.0,1.066667,1.066667
g0287,g0287.mp3,7.784375,4,1,2.533107,2.665896,0.132789
g0287,g0287.mp3,7.784375,4,2,3.776621,4.312426,0.535805
g0287,g0287.mp3,7.784375,4,3,5.016803,6.037937,1.021134
g0288,g0288.mp3,7.706,3,0,0.0,1.050385,1.050385
g0288,g0288.mp3,7.706,3,1,3.435465,3.976757,0.541293
g0288,g0288.mp3,7.706,3,2,4.811769,5.840658,1.028889
g0289,g0289.mp3,8.59425,3,0,0.0,1.242358,1.242358
g0289,g0289.mp3,8.59425,3,1,3.459932,4.01712,0.557188
g0289,g0289.mp3,8.59425,3,2,5.272245,6.300431,1.028186
g0290,g0290.mp3,7.52325,3,0,0.0,1.043039,1.043039
g0290,g0290.mp3,7.52325,3,1,3.015624,3.553696,0.538073
g0290,g0290.mp3,7.52325,3,2,4.515669,5.528617,1.012948
g0292,g0292.mp3,11.755,6,0,0.0,1.025034,1.025034
g0292,g0292.mp3,11.755,6,1,3.17424,4.17424,1.0
g0292,g0292.mp3,11.755,6,2,5.039093,6.039093,1.0
g0292,g0292.mp3,11.755,6,3,6.976485,7.34381,0.367324
g0292,g0292.mp3,11.755,6,4,8.390023,9.390045,1.000023
g0292,g0292.mp3,11.755,6,5,10.038639,11.038639,1.0
g0294,g0294.mp3,7.601625,3,0,0.0,1.132381,1.132381
g0294,g0294.mp3,7.601625,3,1,3.267098,3.798163,0.531066
g0294,g0294.mp3,7.601625,3,2,4.654943,5.664989,1.010045
g0295,g0295.mp3,7.41875,3,0,0.0,1.035125,1.035125
g0295,g0295.mp3,7.41875,3,1,3.062721,3.462517,0.399796
g0295,g0295.mp3,7.41875,3,2,4.398594,5.438322,1.0397280000000002
g0296,g0296.mp3,7.340375,3,0,0.0,1.094172,1.094172
g0296,g0296.mp3,7.340375,3,1,3.347392,3.856009,0.5086169999999997
g0296,g0296.mp3,7.340375,3,2,4.558254,5.598526,1.040272
g0297,g0297.mp3,7.653875,3,0,0.0,1.128776,1.128776
g0297,g0297.mp3,7.653875,3,1,3.289683,3.824989,0.535306
g0297,g0297.mp3,7.653875,3,2,4.841043,5.756599,0.915556
g0298,g0298.mp3,7.62775,4,0,0.0,1.263968,1.263968
g0298,g0298.mp3,7.62775,4,1,2.350635,2.479274,0.128639
g0298,g0298.mp3,7.62775,4,2,3.260136,3.672653,0.412517
g0298,g0298.mp3,7.62775,4,3,4.593469,5.638685,1.045216
g0299,g0299.mp3,7.497125,3,0,0.0,1.046939,1.046939
g0299,g0299.mp3,7.497125,3,1,3.364626,3.918163,0.553537
g0299,g0299.mp3,7.497125,3,2,4.670998,5.698934,1.027937
g0300,g0300.mp3,6.426,3,0,0.0,1.024535,1.024535
g0300,g0300.mp3,6.426,3,1,2.819297,3.325737,0.50644
g0300,g0300.mp3,6.426,3,2,3.870204,4.876712,1.006508
g0301,g0301.mp3,6.817875,3,0,0.0,1.025057,1.025057
g0301,g0301.mp3,6.817875,3,1,3.361451,4.361429,0.999977
g0301,g0301.mp3,6.817875,3,2,5.104286,6.10458,1.000295
g0302,g0302.mp3,7.00075,3,0,0.0,1.026893,1.026893
g0302,g0302.mp3,7.00075,3,1,3.270159,3.779909,0.509751
g0302,g0302.mp3,7.00075,3,2,4.32161,5.364512,1.042902
g0303,g0303.mp3,6.844,3,0,0.0,1.024603,1.024603
g0303,g0303.mp3,6.844,3,1,3.269637,3.785986,0.516349
g0303,g0303.mp3,6.844,3,2,4.292086,5.312902,1.020816
g0304,g0304.mp3,7.75825,3,0,0.0,1.03458,1.03458
g0304,g0304.mp3,7.75825,3,1,3.29712,3.809433,0.512313
g0304,g0304.mp3,7.75825,3,2,4.753311,5.77322,1.019909
g0305,g0305.mp3,7.340375,3,0,0.0,1.040227,1.040227
g0305,g0305.mp3,7.340375,3,1,3.327664,3.848934,0.52127
g0305,g0305.mp3,7.340375,3,2,4.563741,5.584875,1.021134
g0306,g0306.mp3,7.079125,3,0,0.0,1.038435,1.038435
g0306,g0306.mp3,7.079125,3,1,3.172426,3.694649,0.522222
g0306,g0306.mp3,7.079125,3,2,4.347483,5.367937,1.020454
g0307,g0307.mp3,7.75825,3,0,0.0,1.046871,1.046871
g0307,g0307.mp3,7.75825,3,1,3.278209,3.786395,0.508186
g0307,g0307.mp3,7.75825,3,2,4.7461,5.782653,1.036553
g0308,g0308.mp3,7.079125,3,0,0.0,1.038549,1.038549
g0308,g0308.mp3,7.079125,3,1,3.039637,3.5461,0.506463
g0308,g0308.mp3,7.079125,3,2,4.251723,5.280816,1.029093
g0309,g0309.mp3,7.52325,3,0,0.0,1.040272,1.040272
g0309,g0309.mp3,7.52325,3,1,3.147324,3.660045,0.512721
g0309,g0309.mp3,7.52325,3,2,4.55873,5.574444,1.015714
g0310,g0310.mp3,7.235875,3,0,0.0,1.023696,1.023696
g0310,g0310.mp3,7.235875,3,1,3.020159,3.525805,0.505646
g0310,g0310.mp3,7.235875,3,2,4.359819,5.370998,1.011179
g0311,g0311.mp3,7.026875,3,0,0.0,1.038776,1.038776
g0311,g0311.mp3,7.026875,3,1,2.959138,3.485329,0.52619
g0311,g0311.mp3,7.026875,3,2,4.227937,5.244671,1.016735
g0312,g0312.mp3,7.10525,3,0,0.0,1.027755,1.027755
g0312,g0312.mp3,7.10525,3,1,2.957891,3.529751,0.571859
g0312,g0312.mp3,7.10525,3,2,4.278571,5.316395,1.037823
g0313,g0313.mp3,7.20975,3,0,0.0,1.029773,1.029773
g0313,g0313.mp3,7.20975,3,1,3.041746,3.531995,0.490249
g0313,g0313.mp3,7.20975,3,2,4.302608,5.330091,1.027483
g0314,g0314.mp3,7.653875,3,0,0.0,1.040975,1.040975
g0314,g0314.mp3,7.653875,3,1,3.242154,3.754014,0.511859
g0314,g0314.mp3,7.653875,3,2,4.679433,5.699048,1.019615
g0315,g0315.mp3,7.31425,3,0,0.0,1.039932,1.039932
g0315,g0315.mp3,7.31425,3,1,3.190771,3.715782,0.525011
g0315,g0315.mp3,7.31425,3,2,4.482971,5.505261,1.02229
g0316,g0316.mp3,7.888875,3,0,0.0,1.025011,1.025011
g0316,g0316.mp3,7.888875,3,1,3.232109,3.743832,0.511723
g0316,g0316.mp3,7.888875,3,2,4.799229,5.81195,1.012721
g0317,g0317.mp3,7.86275,3,0,0.0,1.0378,1.0378
g0317,g0317.mp3,7.86275,3,1,3.313197,3.82737,0.514172
g0317,g0317.mp3,7.86275,3,2,4.818027,5.841451,1.023424
g0318,g0318.mp3,7.026875,3,0,0.0,1.027392,1.027392
g0318,g0318.mp3,7.026875,3,1,3.050522,3.604014,0.553492
g0318,g0318.mp3,7.026875,3,2,4.270522,5.293492,1.022971
g0319,g0319.mp3,7.993375,3,0,0.0,1.050068,1.050068
g0319,g0319.mp3,7.993375,3,1,3.32483,3.847664,0.522834
g0319,g0319.mp3,7.993375,3,2,4.885828,5.903923,1.018095
g0320,g0320.mp3,7.183625,3,0,0.0,1.025034,1.025034
g0320,g0320.mp3,7.183625,3,1,3.071224,4.071202,0.999977
g0320,g0320.mp3,7.183625,3,2,5.156644,6.156667,1.000023
g0321,g0321.mp3,6.844,3,0,0.0,1.048503,1.048503
g0321,g0321.mp3,6.844,3,1,3.052109,3.583651,0.531542
g0321,g0321.mp3,6.844,3,2,4.147574,5.186395,1.038821
g0322,g0322.mp3,7.62775,3,0,0.0,1.033651,1.033651
g0322,g0322.mp3,7.62775,3,1,3.143991,3.673061,0.52907
g0322,g0322.mp3,7.62775,3,2,4.62585,5.649274,1.023424
g0323,g0323.mp3,7.68,3,0,0.0,1.024195,1.024195
g0323,g0323.mp3,7.68,3,1,3.187211,3.689048,0.501837
g0323,g0323.mp3,7.68,3,2,4.656077,5.659546,1.003469
g0324,g0324.mp3,7.62775,3,0,0.0,1.030454,1.030454
g0324,g0324.mp3,7.62775,3,1,3.113515,3.639433,0.525918
g0324,g0324.mp3,7.62775,3,2,4.579955,5.61746,1.037506
g0325,g0325.mp3,7.62775,3,0,0.0,1.038299,1.038299
g0325,g0325.mp3,7.62775,3,1,3.392653,3.919048,0.526395
g0325,g0325.mp3,7.62775,3,2,4.725011,5.753288,1.028277
g0326,g0326.mp3,7.20975,3,0,0.0,1.035556,1.035556
g0326,g0326.mp3,7.20975,3,1,3.148526,3.688526,0.54
g0326,g0326.mp3,7.20975,3,2,4.439297,5.45415,1.014853
g0327,g0327.mp3,7.653875,3,0,0.0,1.050476,1.050476
g0327,g0327.mp3,7.653875,3,1,3.339048,3.852132,0.513084
g0327,g0327.mp3,7.653875,3,2,4.766599,5.786984,1.020385
g0328,g0328.mp3,7.31425,3,0,0.0,1.060227,1.060227
g0328,g0328.mp3,7.31425,3,1,2.909297,3.448231,0.538934
g0328,g0328.mp3,7.31425,3,2,4.338027,5.366689,1.028662
g0329,g0329.mp3,8.0195,3,0,0.0,1.058073,1.058073
g0329,g0329.mp3,8.0195,3,1,3.133084,3.624943,0.491859
g0329,g0329.mp3,8.0195,3,2,4.746122,5.770249,1.024127
g0330,g0330.mp3,7.1575,3,0,0.0,1.043878,1.043878
g0330,g0330.mp3,7.1575,3,1,3.05678,3.561111,0.504331
g0330,g0330.mp3,7.1575,3,2,4.294649,5.32619,1.031542
g0331,g0331.mp3,7.3665,3,0,0.0,1.052063,1.052063
g0331,g0331.mp3,7.3665,3,1,3.375964,3.912041,0.536077
g0331,g0331.mp3,7.3665,3,2,4.583447,5.619048,1.035601
g0332,g0332.mp3,8.542,3,0,0.0,1.024354,1.024354
g0332,g0332.mp3,8.542,3,1,3.517506,4.113061,0.595556
g0332,g0332.mp3,8.542,3,2,5.280522,6.310952,1.030431
g0333,g0333.mp3,8.07175,3,0,0.0,1.047506,1.047506
g0333,g0333.mp3,8.07175,3,1,3.223741,3.755692,0.53195
g0333,g0333.mp3,8.07175,3,2,4.859796,5.875782,1.015986
g0334,g0334.mp3,7.026875,3,0,0.0,1.047959,1.047959
g0334,g0334.mp3,7.026875,3,1,3.046145,3.587778,0.541633
g0334,g0334.mp3,7.026875,3,2,4.262902,5.287914,1.025011
g0335,g0335.mp3,7.288125,3,0,0.0,1.042109,1.042109
g0335,g0335.mp3,7.288125,3,1,3.139887,3.670862,0.530975
g0335,g0335.mp3,7.288125,3,2,4.431429,5.458866,1.027438
g0336,g0336.mp3,7.8105,3,0,0.0,1.079161,1.079161
g0336,g0336.mp3,7.8105,3,1,3.181066,3.688299,0.507234
g0336,g0336.mp3,7.8105,3,2,4.687392,5.717642,1.030249
g0337,g0337.mp3,7.3665,3,0,0.0,1.041247,1.041247
g0337,g0337.mp3,7.3665,3,1,3.034512,3.585646,0.551134
g0337,g0337.mp3,7.3665,3,2,4.436122,5.476259,1.040136
g0338,g0338.mp3,7.3665,3,0,0.0,1.055692,1.055692
g0338,g0338.mp3,7.3665,3,1,2.848912,3.374059,0.525147
g0338,g0338.mp3,7.3665,3,2,4.35449,5.377007,1.022517
g0339,g0339.mp3,7.732125,3,0,0.0,1.070884,1.070884
g0339,g0339.mp3,7.732125,3,1,3.146848,3.689501,0.542653
g0339,g0339.mp3,7.732125,3,2,4.670703,5.706757,1.036054
g0340,g0340.mp3,7.52325,3,0,0.0,1.04195,1.04195
g0340,g0340.mp3,7.52325,3,1,2.789002,3.33941,0.550408
g0340,g0340.mp3,7.52325,3,2,4.38737,5.420703,1.033333
g0341,g0341.mp3,7.732125,3,0,0.0,1.025351,1.025351
g0341,g0341.mp3,7.732125,3,1,3.131293,3.667959,0.536667
g0341,g0341.mp3,7.732125,3,2,4.686236,5.729342,1.043107
g0342,g0342.mp3,8.045625,3,0,0.0,1.038685,1.038685
g0342,g0342.mp3,8.045625,3,1,3.079909,3.621905,0.541995
g0342,g0342.mp3,8.045625,3,2,4.796213,5.808413,1.0122
g0343,g0343.mp3,7.75825,3,0,0.0,1.078753,1.078753
g0343,g0343.mp3,7.75825,3,1,3.330227,3.828345,0.498118
g0343,g0343.mp3,7.75825,3,2,4.74737,5.792154,1.044785
g0344,g0344.mp3,7.392625,3,0,0.0,1.046032,1.046032
g0344,g0344.mp3,7.392625,3,1,3.083129,3.66746,0.584331
g0344,g0344.mp3,7.392625,3,2,4.494921,5.535692,1.040771
g0345,g0345.mp3,7.31425,3,0,0.0,1.057506,1.057506
g0345,g0345.mp3,7.31425,3,1,3.156077,3.713469,0.557392
g0345,g0345.mp3,7.31425,3,2,4.47127,5.503175,1.031905
g0346,g0346.mp3,8.724875,3,0,0.0,1.178005,1.178005
g0346,g0346.mp3,8.724875,3,1,3.414966,3.920522,0.505556
g0346,g0346.mp3,8.724875,3,2,5.301383,6.332812,1.031429
g0347,g0347.mp3,7.5755,3,0,0.0,1.054014,1.054014
g0347,g0347.mp3,7.5755,3,1,3.456576,3.999705,0.543129
g0347,g0347.mp3,7.5755,3,2,4.777891,5.808413,1.030522
g0348,g0348.mp3,6.870125,3,0,0.0,1.053197,1.053197
g0348,g0348.mp3,6.870125,3,1,2.825238,3.356236,0.530998
g0348,g0348.mp3,6.870125,3,2,4.071905,5.105147,1.033243
g0349,g0349.mp3,7.340375,3,0,0.0,1.030612,1.030612
g0349,g0349.mp3,7.340375,3,1,2.923469,3.436009,0.51254
g0349,g0349.mp3,7.340375,3,2,4.349637,5.402358,1.052721
g0350,g0350.mp3,6.9485,3,0,0.0,1.032948,1.032948
g0350,g0350.mp3,6.9485,3,1,2.688367,3.213424,0.525057
g0350,g0350.mp3,6.9485,3,2,4.023447,5.082313,1.058866
g0351,g0351.mp3,7.8105,3,0,0.0,0.973968,0.973968
g0351,g0351.mp3,7.8105,3,1,3.042177,3.575941,0.533764
g0351,g0351.mp3,7.8105,3,2,4.645692,5.681429,1.035737
g0352,g0352.mp3,7.183625,3,0,0.0,0.973946,0.973946
g0352,g0352.mp3,7.183625,3,1,2.974807,3.422449,0.447642
g0352,g0352.mp3,7.183625,3,2,4.279093,5.326417,1.047324
g0353,g0353.mp3,7.601625,3,0,0.0,1.102426,1.102426
g0353,g0353.mp3,7.601625,3,1,3.226327,3.762404,0.536077
g0353,g0353.mp3,7.601625,3,2,4.595533,5.647211,1.051678
g0354,g0354.mp3,7.706,3,0,0.0,1.064422,1.064422
g0354,g0354.mp3,7.706,3,1,3.18102,3.693379,0.512358
g0354,g0354.mp3,7.706,3,2,4.668254,5.684512,1.016259
g0355,g0355.mp3,7.1575,3,0,0.0,1.03932,1.03932
g0355,g0355.mp3,7.1575,3,1,2.995896,3.503764,0.507868
g0355,g0355.mp3,7.1575,3,2,4.305533,5.326032,1.020499
g0356,g0356.mp3,7.3665,3,0,0.0,1.04551,1.04551
g0356,g0356.mp3,7.3665,3,1,3.080454,3.616916,0.536463
g0356,g0356.mp3,7.3665,3,2,4.468753,5.504308,1.035556
g0357,g0357.mp3,7.836625,3,0,0.0,1.031655,1.031655
g0357,g0357.mp3,7.836625,3,1,2.946327,3.535397,0.58907
g0357,g0357.mp3,7.836625,3,2,4.620567,5.677937,1.05737
g0358,g0358.mp3,7.026875,3,0,0.0,1.030703,1.030703
g0358,g0358.mp3,7.026875,3,1,2.766893,3.281338,0.514444
g0358,g0358.mp3,7.026875,3,2,4.087279,5.140862,1.053583
g0359,g0359.mp3,7.41875,3,0,0.0,1.035011,1.035011
g0359,g0359.mp3,7.41875,3,1,2.938163,3.446825,0.508662
g0359,g0359.mp3,7.41875,3,2,4.358277,5.40839,1.050113
g0360,g0360.mp3,6.7395,3,0,0.0,1.041497,1.041497
g0360,g0360.mp3,6.7395,3,1,2.77254,3.286599,0.514059
g0360,g0360.mp3,6.7395,3,2,3.969592,5.021927,1.052336
g0361,g0361.mp3,8.0195,3,0,0.0,0.973968,0.973968
g0361,g0361.mp3,8.0195,3,1,2.924195,3.449955,0.52576
g0361,g0361.mp3,8.0195,3,2,4.684626,5.728322,1.043696
g0362,g0362.mp3,7.079125,3,0,0.0,1.039705,1.039705
g0362,g0362.mp3,7.079125,3,1,3.155125,3.652857,0.497732
g0362,g0362.mp3,7.079125,3,2,4.315261,5.345193,1.029932
g0363,g0363.mp3,7.75825,3,0,0.0,1.041429,1.041429
g0363,g0363.mp3,7.75825,3,1,3.129048,3.699683,0.570635
g0363,g0363.mp3,7.75825,3,2,4.654875,5.70551,1.050635
g0364,g0364.mp3,7.836625,3,0,0.0,1.057347,1.057347
g0364,g0364.mp3,7.836625,3,1,3.194172,3.692993,0.498821
g0364,g0364.mp3,7.836625,3,2,4.738435,5.766667,1.028231
g0365,g0365.mp3,7.653875,3,0,0.0,1.02746,1.02746
g0365,g0365.mp3,7.653875,3,1,3.157574,3.705374,0.5478
g0365,g0365.mp3,7.653875,3,2,4.600454,5.647483,1.047029
g0366,g0366.mp3,7.5755,3,0,0.0,1.033129,1.033129
g0366,g0366.mp3,7.5755,3,1,3.475011,3.985714,0.510703
g0366,g0366.mp3,7.5755,3,2,4.72839,5.761678,1.033288
g0367,g0367.mp3,7.549375,3,0,0.0,1.031202,1.031202
g0367,g0367.mp3,7.549375,3,1,3.097211,3.650408,0.553197
g0367,g0367.mp3,7.549375,3,2,4.555488,5.633061,1.077574
g0368,g0368.mp3,10.657875,4,0,0.0,1.024059,1.024059
g0368,g0368.mp3,10.657875,4,1,2.14415,2.341723,0.197574
g0368,g0368.mp3,10.657875,4,2,3.300862,3.816621,0.51576
g0368,g0368.mp3,10.657875,4,3,5.157937,6.22576,1.067823
g0369,g0369.mp3,8.124,3,0,0.0,1.0278,1.0278
g0369,g0369.mp3,8.124,3,1,3.161995,3.730635,0.568639
g0369,g0369.mp3,8.124,3,2,4.892971,5.92034,1.02737
g0370,g0370.mp3,7.1575,3,0,0.0,0.973946,0.973946
g0370,g0370.mp3,7.1575,3,1,2.754853,3.285034,0.530181
g0370,g0370.mp3,7.1575,3,2,4.19898,5.21424,1.015261
g0371,g0371.mp3,7.601625,3,0,0.0,0.973946,0.973946
g0371,g0371.mp3,7.601625,3,1,2.971746,3.470045,0.498299
g0371,g0371.mp3,7.601625,3,2,4.479048,5.524921,1.045873
g0372,g0372.mp3,7.8105,3,0,0.0,0.973946,0.973946
g0372,g0372.mp3,7.8105,3,1,3.123401,3.637234,0.513832
g0372,g0372.mp3,7.8105,3,2,4.679637,5.680726,1.001088
g0373,g0373.mp3,7.444875,3,0,0.0,0.973946,0.973946
g0373,g0373.mp3,7.444875,3,1,3.088866,3.606689,0.517823
g0373,g0373.mp3,7.444875,3,2,4.574626,5.597732,1.023107
g0374,g0374.mp3,7.497125,3,0,0.0,0.973968,0.973968
g0374,g0374.mp3,7.497125,3,1,3.222494,3.718118,0.495624
g0374,g0374.mp3,7.497125,3,2,4.586508,5.616848,1.03034
g0375,g0375.mp3,7.288125,3,0,0.0,1.090363,1.090363
g0375,g0375.mp3,7.288125,3,1,3.157506,3.691655,0.53415
g0375,g0375.mp3,7.288125,3,2,4.417166,5.481587,1.064422
g0376,g0376.mp3,7.888875,3,0,0.0,0.972834,0.972834
g0376,g0376.mp3,7.888875,3,1,3.295646,3.723832,0.428186
g0376,g0376.mp3,7.888875,3,2,4.791066,5.755873,0.964807
g0377,g0377.mp3,7.20975,3,0,0.0,0.973946,0.973946
g0377,g0377.mp3,7.20975,3,1,3.127596,3.64619,0.518594
g0377,g0377.mp3,7.20975,3,2,4.372154,5.406757,1.034603
g0378,g0378.mp3,7.5755,3,0,0.0,1.057098,1.057098
g0378,g0378.mp3,7.5755,3,1,3.012426,3.514286,0.501859
g0378,g0378.mp3,7.5755,3,2,4.471111,5.491927,1.020816
g0379,g0379.mp3,8.333,3,0,0.0,0.973968,0.973968
g0379,g0379.mp3,8.333,3,1,3.176871,3.699524,0.522653
g0379,g0379.mp3,8.333,3,2,4.935828,5.978027,1.0422
g0380,g0380.mp3,6.974625,3,0,0.0,0.973968,0.973968
g0380,g0380.mp3,6.974625,3,1,2.739864,3.233061,0.493197
g0380,g0380.mp3,6.974625,3,2,4.057959,5.099615,1.041655
g0381,g0381.mp3,6.635,3,0,0.0,1.056077,1.056077
g0381,g0381.mp3,6.635,3,1,3.00381,3.512494,0.508685
g0381,g0381.mp3,6.635,3,2,4.051655,5.065125,1.013469
g0382,g0382.mp3,8.28075,3,0,0.0,1.088526,1.088526
g0382,g0382.mp3,8.28075,3,1,3.129751,3.677551,0.5478
g0382,g0382.mp3,8.28075,3,2,4.881882,5.936395,1.054512
g0383,g0383.mp3,7.053,3,0,0.0,0.973946,0.973946
g0383,g0383.mp3,7.053,3,1,3.042608,3.56415,0.521542
g0383,g0383.mp3,7.053,3,2,4.307483,5.332177,1.024694
g0384,g0384.mp3,7.706,3,0,0.0,1.064649,1.064649
g0384,g0384.mp3,7.706,3,1,3.13254,3.654172,0.521633
g0384,g0384.mp3,7.706,3,2,4.607007,5.627664,1.020658
g0385,g0385.mp3,7.3665,3,0,0.0,1.070159,1.070159
g0385,g0385.mp3,7.3665,3,1,3.102109,3.637732,0.535624
g0385,g0385.mp3,7.3665,3,2,4.470612,5.48229,1.011678
g0386,g0386.mp3,7.96725,4,0,0.0,1.061474,1.061474
g0386,g0386.mp3,7.96725,4,1,2.159887,2.284218,0.124331
g0386,g0386.mp3,7.96725,4,2,3.403719,3.937166,0.533447
g0386,g0386.mp3,7.96725,4,3,4.931156,5.9461,1.014943
g0387,g0387.mp3,7.62775,3,0,0.0,0.973968,0.973968
g0387,g0387.mp3,7.62775,3,1,3.095646,3.650522,0.554875
g0387,g0387.mp3,7.62775,3,2,4.620522,5.625964,1.005442
g0388,g0388.mp3,7.392625,3,0,0.0,1.044354,1.044354
g0388,g0388.mp3,7.392625,3,1,2.780113,3.277574,0.49746
g0388,g0388.mp3,7.392625,3,2,4.289864,5.331542,1.041678
g0389,g0389.mp3,7.732125,3,0,0.0,1.025941,1.025941
g0389,g0389.mp3,7.732125,3,1,3.086372,3.661859,0.575488
g0389,g0389.mp3,7.732125,3,2,4.670408,5.70195,1.031542
g0391,g0391.mp3,7.653875,3,0,0.0,1.024127,1.024127
g0391,g0391.mp3,7.653875,3,1,3.10229,3.620748,0.518458
g0391,g0391.mp3,7.653875,3,2,4.591882,5.617098,1.025215
g0392,g0392.mp3,7.471,3,0,0.0,0.973946,0.973946
g0392,g0392.mp3,7.471,3,1,2.981882,3.474263,0.492381
g0392,g0392.mp3,7.471,3,2,4.43254,5.473288,1.040748
g0393,g0393.mp3,6.922375,3,0,0.0,1.029592,1.029592
g0393,g0393.mp3,6.922375,3,1,2.948299,3.459955,0.511655
g0393,g0393.mp3,6.922375,3,2,4.154218,5.187211,1.032993
g0394,g0394.mp3,7.183625,3,0,0.0,0.973946,0.973946
g0394,g0394.mp3,7.183625,3,1,3.00542,3.512676,0.507256
g0394,g0394.mp3,7.183625,3,2,4.336213,5.36585,1.029637
g0395,g0395.mp3,6.922375,3,0,0.0,1.028027,1.028027
g0395,g0395.mp3,6.922375,3,1,2.832472,3.333628,0.501156
g0395,g0395.mp3,6.922375,3,2,4.102902,5.125442,1.02254
g0396,g0396.mp3,7.235875,3,0,0.0,1.055283,1.055283
g0396,g0396.mp3,7.235875,3,1,3.066531,3.576349,0.509819
g0396,g0396.mp3,7.235875,3,2,4.3722,5.394195,1.021995
g0397,g0397.mp3,7.288125,3,0,0.0,1.037256,1.037256
g0397,g0397.mp3,7.288125,3,1,3.069773,3.615873,0.5461
g0397,g0397.mp3,7.288125,3,2,4.388209,5.404694,1.016485
g0398,g0398.mp3,7.026875,3,0,0.0,1.030363,1.030363
g0398,g0398.mp3,7.026875,3,1,2.946984,3.453923,0.506939
g0398,g0398.mp3,7.026875,3,2,4.239184,5.263243,1.024059
g0399,g0399.mp3,7.1575,3,0,0.0,1.025533,1.025533
g0399,g0399.mp3,7.1575,3,1,3.133447,3.645442,0.511995
g0399,g0399.mp3,7.1575,3,2,4.373469,5.419683,1.046213
g0400,g0400.mp3,7.10525,3,0,0.0,1.056984,1.056984
g0400,g0400.mp3,7.10525,3,1,2.748231,3.27542,0.527188
g0400,g0400.mp3,7.10525,3,2,4.17,5.193719,1.023719
g0401,g0401.mp3,7.68,3,0,0.0,1.025215,1.025215
g0401,g0401.mp3,7.68,3,1,3.191633,3.691406,0.499773
g0401,g0401.mp3,7.68,3,2,4.656032,5.682494,1.026463
g0402,g0402.mp3,7.392625,3,0,0.0,1.052494,1.052494
g0402,g0402.mp3,7.392625,3,1,3.019093,3.553673,0.53458
g0402,g0402.mp3,7.392625,3,2,4.418866,5.485011,1.066145
g0403,g0403.mp3,7.941125,3,0,0.0,1.061655,1.061655
g0403,g0403.mp3,7.941125,3,1,3.256689,3.789615,0.532925
g0403,g0403.mp3,7.941125,3,2,4.814626,5.841723,1.027098
g0404,g0404.mp3,7.10525,3,0,0.0,1.043923,1.043923
g0404,g0404.mp3,7.10525,3,1,2.955011,3.472177,0.517166
g0404,g0404.mp3,7.10525,3,2,4.250045,5.28941,1.039365
g0405,g0405.mp3,7.706,3,0,0.0,1.089546,1.089546
g0405,g0405.mp3,7.706,3,1,2.879116,3.388526,0.50941
g0405,g0405.mp3,7.706,3,2,4.494785,5.534036,1.039252
g0406,g0406.mp3,7.288125,3,0,0.0,1.05288,1.05288
g0406,g0406.mp3,7.288125,3,1,2.992449,3.540862,0.548413
g0406,g0406.mp3,7.288125,3,2,4.394921,5.414739,1.019819
g0407,g0407.mp3,7.053,3,0,0.0,1.048639,1.048639
g0407,g0407.mp3,7.053,3,1,2.691111,3.184127,0.493016
g0407,g0407.mp3,7.053,3,2,4.053175,5.085147,1.031973
g0408,g0408.mp3,7.471,3,0,0.0,1.077891,1.077891
g0408,g0408.mp3,7.471,3,1,2.710476,3.271293,0.560816
g0408,g0408.mp3,7.471,3,2,4.348798,5.372086,1.023288
g0409,g0409.mp3,7.497125,3,0,0.0,1.04576,1.04576
g0409,g0409.mp3,7.497125,3,1,2.783628,3.300454,0.516825
g0409,g0409.mp3,7.497125,3,2,4.337778,5.347687,1.009909
g0410,g0410.mp3,7.706,3,0,0.0,1.029161,1.029161
g0410,g0410.mp3,7.706,3,1,3.056395,3.591746,0.535351
g0410,g0410.mp3,7.706,3,2,4.610431,5.622562,1.012132
g0411,g0411.mp3,8.124,3,0,0.0,1.115488,1.115488
g0411,g0411.mp3,8.124,3,1,2.825261,3.373946,0.548685
g0411,g0411.mp3,8.124,3,2,4.721587,5.759297,1.03771
g0412,g0412.mp3,7.836625,3,0,0.0,1.029297,1.029297
g0412,g0412.mp3,7.836625,3,1,2.775873,3.298345,0.522472
g0412,g0412.mp3,7.836625,3,2,4.498844,5.559637,1.060794
g0413,g0413.mp3,7.888875,3,0,0.0,1.069002,1.069002
g0413,g0413.mp3,7.888875,3,1,3.224739,3.708639,0.4839
g0413,g0413.mp3,7.888875,3,2,4.758141,5.773537,1.015397
g0414,g0414.mp3,8.097875,4,0,0.0,1.074218,1.074218
g0414,g0414.mp3,8.097875,4,1,2.316281,2.443243,0.126961
g0414,g0414.mp3,8.097875,4,2,3.658889,4.202948,0.544059
g0414,g0414.mp3,8.097875,4,3,5.084694,6.121474,1.03678
g0415,g0415.mp3,7.784375,3,0,0.0,1.05381,1.05381
g0415,g0415.mp3,7.784375,3,1,3.034966,3.56873,0.533764
g0415,g0415.mp3,7.784375,3,2,4.606417,5.639524,1.033107
g0416,g0416.mp3,7.52325,3,0,0.0,1.05449,1.05449
g0416,g0416.mp3,7.52325,3,1,3.260726,3.786168,0.525442
g0416,g0416.mp3,7.52325,3,2,4.598141,5.627642,1.029501
g0417,g0417.mp3,7.601625,3,0,0.0,1.056644,1.056644
g0417,g0417.mp3,7.601625,3,1,3.277937,3.793243,0.515306
g0417,g0417.mp3,7.601625,3,2,4.641111,5.669841,1.02873
g0418,g0418.mp3,8.202375,3,0,0.0,1.05619,1.05619
g0418,g0418.mp3,8.202375,3,1,3.491519,3.978594,0.487075
g0418,g0418.mp3,8.202375,3,2,5.070136,6.090295,1.020159
g0419,g0419.mp3,9.03825,3,0,0.0,1.050476,1.050476
g0419,g0419.mp3,9.03825,3,1,3.628209,4.201361,0.573152
g0419,g0419.mp3,9.03825,3,2,5.566485,6.59576,1.029274
g0420,g0420.mp3,8.28075,4,0,0.0,1.023673,1.023673
g0420,g0420.mp3,8.28075,4,1,2.262766,2.413787,0.15102
g0420,g0420.mp3,8.28075,4,2,3.264762,3.840499,0.575737
g0420,g0420.mp3,8.28075,4,3,5.02873,6.034399,1.005669
g0421,g0421.mp3,8.751,3,0,0.0,1.045896,1.045896
g0421,g0421.mp3,8.751,3,1,3.095261,3.632698,0.537438
g0421,g0421.mp3,8.751,3,2,5.169524,6.208662,1.039138
g0422,g0422.mp3,8.306875,3,0,0.0,1.048821,1.048821
g0422,g0422.mp3,8.306875,3,1,3.087596,3.575805,0.488209
g0422,g0422.mp3,8.306875,3,2,4.908367,5.934104,1.025737
g0423,g0423.mp3,8.6465,4,0,0.0,1.051202,1.051202
g0423,g0423.mp3,8.6465,4,1,2.23102,2.378866,0.147846
g0423,g0423.mp3,8.6465,4,2,3.641134,4.27458,0.633447
g0423,g0423.mp3,8.6465,4,3,5.411905,6.448503,1.036599
g0424,g0424.mp3,7.41875,3,0,0.0,1.037415,1.037415
g0424,g0424.mp3,7.41875,3,1,3.144263,3.641769,0.497506
g0424,g0424.mp3,7.41875,3,2,4.445828,5.489592,1.043764
g0425,g0425.mp3,7.235875,3,0,0.0,1.033855,1.033855
g0425,g0425.mp3,7.235875,3,1,3.042426,3.595805,0.553379
g0425,g0425.mp3,7.235875,3,2,4.343243,5.376803,1.03356
g0426,g0426.mp3,7.86275,3,0,0.0,1.064535,1.064535
g0426,g0426.mp3,7.86275,3,1,3.682358,4.180907,0.498549
g0426,g0426.mp3,7.86275,3,2,5.014626,6.062177,1.047551
g0427,g0427.mp3,6.922375,3,0,0.0,1.046009,1.046009
g0427,g0427.mp3,6.922375,3,1,3.534603,4.024331,0.489728
g0427,g0427.mp3,6.922375,3,2,4.402562,5.427528,1.024966
g0428,g0428.mp3,8.0195,3,0,0.0,1.035329,1.035329
g0428,g0428.mp3,8.0195,3,1,3.491655,4.007392,0.515737
g0428,g0428.mp3,8.0195,3,2,4.968481,6.011587,1.043107
g0429,g0429.mp3,7.86275,3,0,0.0,1.048186,1.048186
g0429,g0429.mp3,7.86275,3,1,3.691383,4.20576,0.514376
g0429,g0429.mp3,7.86275,3,2,4.979524,6.009615,1.030091
g0430,g0430.mp3,6.79175,3,0,0.0,1.034127,1.034127
g0430,g0430.mp3,6.79175,3,1,3.007347,3.540839,0.533492
g0430,g0430.mp3,6.79175,3,2,4.137506,5.164921,1.027415
g0431,g0431.mp3,8.07175,3,0,0.0,1.063741,1.063741
g0431,g0431.mp3,8.07175,3,1,3.446463,3.966349,0.519887
g0431,g0431.mp3,8.07175,3,2,4.938526,6.107846,1.16932
g0432,g0432.mp3,6.974625,3,0,0.0,1.025964,1.025964
g0432,g0432.mp3,6.974625,3,1,3.17483,3.697982,0.523152
g0432,g0432.mp3,6.974625,3,2,4.310272,5.34093,1.030658
g0433,g0433.mp3,7.288125,3,0,0.0,1.043878,1.043878
g0433,g0433.mp3,7.288125,3,1,3.555261,4.053946,0.498685
g0433,g0433.mp3,7.288125,3,2,4.626553,5.667823,1.04127
g0434,g0434.mp3,7.5755,3,0,0.0,1.025057,1.025057
g0434,g0434.mp3,7.5755,3,1,3.447007,4.447143,1.000136
g0434,g0434.mp3,7.5755,3,2,5.472971,6.473039,1.000068
g0435,g0435.mp3,7.183625,3,0,0.0,1.066281,1.066281
g0435,g0435.mp3,7.183625,3,1,3.299615,3.844853,0.545238
g0435,g0435.mp3,7.183625,3,2,4.469524,5.49839,1.028866
g0436,g0436.mp3,7.68,3,0,0.0,1.034263,1.034263
g0436,g0436.mp3,7.68,3,1,3.452948,3.965488,0.51254
g0436,g0436.mp3,7.68,3,2,4.79941,5.81644,1.017029
g0437,g0437.mp3,8.17625,3,0,0.0,1.072449,1.072449
g0437,g0437.mp3,8.17625,3,1,3.176689,3.749161,0.572472
g0437,g0437.mp3,8.17625,3,2,4.923719,5.934036,1.010317
g0438,g0438.mp3,7.31425,3,0,0.0,1.046304,1.046304
g0438,g0438.mp3,7.31425,3,1,3.037483,3.554739,0.517256
g0438,g0438.mp3,7.31425,3,2,4.360522,5.394172,1.033651
g0439,g0439.mp3,7.549375,3,0,0.0,1.046553,1.046553
g0439,g0439.mp3,7.549375,3,1,3.137959,3.721791,0.583832
g0439,g0439.mp3,7.549375,3,2,4.580544,5.616463,1.035918
g0440,g0440.mp3,7.68,3,0,0.0,1.0322,1.0322
g0440,g0440.mp3,7.68,3,1,3.379456,3.914104,0.534649
g0440,g0440.mp3,7.68,3,2,4.746485,5.784399,1.037914
g0441,g0441.mp3,8.4375,3,0,0.0,1.112109,1.112109
g0441,g0441.mp3,8.4375,3,1,3.242834,3.761678,0.518844
g0441,g0441.mp3,8.4375,3,2,5.085238,6.108526,1.023288
g0442,g0442.mp3,7.888875,3,0,0.0,1.024739,1.024739
g0442,g0442.mp3,7.888875,3,1,3.290431,3.799705,0.509274
g0442,g0442.mp3,7.888875,3,2,4.842925,5.849887,1.006961
g0443,g0443.mp3,8.672625,3,0,0.0,1.050272,1.050272
g0443,g0443.mp3,8.672625,3,1,3.719705,4.250635,0.53093
g0443,g0443.mp3,8.672625,3,2,5.448254,6.48263,1.034376
g0444,g0444.mp3,7.732125,3,0,0.0,1.054104,1.054104
g0444,g0444.mp3,7.732125,3,1,3.383379,3.919569,0.53619
g0444,g0444.mp3,7.732125,3,2,4.780499,5.809592,1.029093
g0445,g0445.mp3,7.86275,3,0,0.0,1.110816,1.110816
g0445,g0445.mp3,7.86275,3,1,3.387234,3.960635,0.573401
g0445,g0445.mp3,7.86275,3,2,4.871224,5.916463,1.045238
g0446,g0446.mp3,7.68,3,0,0.0,1.031088,1.031088
g0446,g0446.mp3,7.68,3,1,3.146417,3.654444,0.508027
g0446,g0446.mp3,7.68,3,2,4.615465,5.657959,1.042494
g0447,g0447.mp3,6.974625,3,0,0.0,1.02907,1.02907
g0447,g0447.mp3,6.974625,3,1,3.093605,3.604444,0.510839
g0447,g0447.mp3,6.974625,3,2,4.227143,5.226803,0.99966
g0449,g0449.mp3,7.75825,3,0,0.0,1.038798,1.038798
g0449,g0449.mp3,7.75825,3,1,3.485306,4.029705,0.544399
g0449,g0449.mp3,7.75825,3,2,4.831066,5.878844,1.047778
g0450,g0450.mp3,7.131375,3,0,0.0,1.03,1.03
g0450,g0450.mp3,7.131375,3,1,3.167483,3.69517,0.527687
g0450,g0450.mp3,7.131375,3,2,4.3822,5.401905,1.019705
g0451,g0451.mp3,6.2955,3,0,0.0,1.025079,1.025079
g0451,g0451.mp3,6.2955,3,1,3.447075,4.447052,0.999977
g0451,g0451.mp3,6.2955,3,2,4.883469,5.883991,1.000522
g0452,g0452.mp3,6.9485,3,0,0.0,1.025034,1.025034
g0452,g0452.mp3,6.9485,3,1,3.46449,4.46449,1.0
g0452,g0452.mp3,6.9485,3,2,5.198345,6.198753,1.000408
g0453,g0453.mp3,7.732125,3,0,0.0,1.035034,1.035034
g0453,g0453.mp3,7.732125,3,1,3.259478,3.805805,0.546327
g0453,g0453.mp3,7.732125,3,2,4.735873,5.7761,1.040227
g0454,g0454.mp3,7.079125,3,0,0.0,1.026032,1.026032
g0454,g0454.mp3,7.079125,3,1,3.386236,3.879683,0.493447
g0454,g0454.mp3,7.079125,3,2,4.427732,5.455465,1.027732
g0455,g0455.mp3,7.131375,3,0,0.0,1.040045,1.040045
g0455,g0455.mp3,7.131375,3,1,3.203152,3.713855,0.510703
g0455,g0455.mp3,7.131375,3,2,4.388367,5.400408,1.012041
g0456,g0456.mp3,7.8105,3,0,0.0,1.049524,1.049524
g0456,g0456.mp3,7.8105,3,1,3.11898,3.637256,0.518277
g0456,g0456.mp3,7.8105,3,2,4.683175,5.691088,1.007914
g0457,g0457.mp3,7.52325,3,0,0.0,0.970635,0.970635
g0457,g0457.mp3,7.52325,3,1,3.28254,3.805805,0.523265
g0457,g0457.mp3,7.52325,3,2,4.592834,5.553673,0.960839
g0458,g0458.mp3,6.9485,3,0,0.0,1.036236,1.036236
g0458,g0458.mp3,6.9485,3,1,3.099456,3.597075,0.497619
g0458,g0458.mp3,6.9485,3,2,4.227846,5.240658,1.012812
g0459,g0459.mp3,7.1575,3,0,0.0,1.036871,1.036871
g0459,g0459.mp3,7.1575,3,1,3.128776,3.64542,0.516644
g0459,g0459.mp3,7.1575,3,2,4.331043,5.351406,1.020363
g0460,g0460.mp3,7.183625,3,0,0.0,1.062245,1.062245
g0460,g0460.mp3,7.183625,3,1,3.111882,3.632063,0.520181
g0460,g0460.mp3,7.183625,3,2,4.389728,5.398707,1.00898
g0461,g0461.mp3,7.549375,3,0,0.0,1.036009,1.036009
g0461,g0461.mp3,7.549375,3,1,3.39873,3.922789,0.524059
g0461,g0461.mp3,7.549375,3,2,4.700317,5.723946,1.023628
g0462,g0462.mp3,7.706,3,0,0.0,1.052608,1.052608
g0462,g0462.mp3,7.706,3,1,3.262494,3.785215,0.522721
g0462,g0462.mp3,7.706,3,2,4.684898,5.711565,1.026667
g0463,g0463.mp3,7.288125,3,0,0.0,1.049955,1.049955
g0463,g0463.mp3,7.288125,3,1,3.352721,3.881633,0.528912
g0463,g0463.mp3,7.288125,3,2,4.540272,5.573152,1.03288
g0464,g0464.mp3,8.463625,3,0,0.0,0.970635,0.970635
g0464,g0464.mp3,8.463625,3,1,3.503991,4.018889,0.514898
g0464,g0464.mp3,8.463625,3,2,5.220998,6.171905,0.950907
g0465,g0465.mp3,7.41875,3,0,0.0,1.026054,1.026054
g0465,g0465.mp3,7.41875,3,1,3.38034,3.896372,0.516032
g0465,g0465.mp3,7.41875,3,2,4.621769,5.641361,1.019592
g0466,g0466.mp3,8.672625,3,0,0.0,1.046236,1.046236
g0466,g0466.mp3,8.672625,3,1,3.786576,4.362812,0.576236
g0466,g0466.mp3,8.672625,3,2,5.503537,6.513719,1.010181
g0467,g0467.mp3,7.471,3,0,0.0,1.03,1.03
g0467,g0467.mp3,7.471,3,1,3.090091,3.590204,0.5001129999999998
g0467,g0467.mp3,7.471,3,2,4.515351,5.54542,1.030069
g0468,g0468.mp3,7.20975,3,0,0.0,1.027664,1.027664
g0468,g0468.mp3,7.20975,3,1,2.972381,3.462132,0.489751
g0468,g0468.mp3,7.20975,3,2,4.295873,5.320794,1.024921
g0469,g0469.mp3,7.888875,3,0,0.0,1.025011,1.025011
g0469,g0469.mp3,7.888875,3,1,3.240998,3.748367,0.5073690000000002
g0469,g0469.mp3,7.888875,3,2,4.831519,5.830045,0.998526
g0470,g0470.mp3,7.497125,3,0,0.0,1.030454,1.030454
g0470,g0470.mp3,7.497125,3,1,2.799388,3.318912,0.5195240000000001
g0470,g0470.mp3,7.497125,3,2,4.361565,5.376349,1.0147840000000006
g0471,g0471.mp3,7.079125,3,0,0.0,1.047778,1.047778
g0471,g0471.mp3,7.079125,3,1,3.136531,3.633537,0.4970059999999998
g0471,g0471.mp3,7.079125,3,2,4.30805,5.318866,1.0108160000000002
g0472,g0472.mp3,7.053,3,0,0.0,1.027596,1.027596
g0472,g0472.mp3,7.053,3,1,3.112109,3.613469,0.50136
g0472,g0472.mp3,7.053,3,2,4.294422,5.322517,1.0280950000000004
g0473,g0473.mp3,6.79175,3,0,0.0,1.029637,1.029637
g0473,g0473.mp3,6.79175,3,1,3.068073,3.581111,0.513039
g0473,g0473.mp3,6.79175,3,2,4.140476,5.16254,1.0220640000000003
g0474,g0474.mp3,6.974625,3,0,0.0,1.035714,1.035714
g0474,g0474.mp3,6.974625,3,1,3.043651,3.546916,0.5032649999999999
g0474,g0474.mp3,6.974625,3,2,4.227868,5.232585,1.0047170000000003
g0475,g0475.mp3,7.941125,3,0,0.0,1.034943,1.034943
g0475,g0475.mp3,7.941125,3,1,3.181383,3.695488,0.5141050000000003
g0475,g0475.mp3,7.941125,3,2,4.795737,5.795283,0.9995460000000004
g0476,g0476.mp3,7.497125,3,0,0.0,1.047075,1.047075
g0476,g0476.mp3,7.497125,3,1,3.165805,3.670091,0.504286
g0476,g0476.mp3,7.497125,3,2,4.612426,5.534785,0.9223590000000002
g0477,g0477.mp3,7.601625,3,0,0.0,1.032268,1.032268
g0477,g0477.mp3,7.601625,3,1,3.159751,3.673265,0.513515
g0477,g0477.mp3,7.601625,3,2,4.622608,5.633243,1.0106350000000006
g0478,g0478.mp3,7.52325,3,0,0.0,1.033832,1.033832
g0478,g0478.mp3,7.52325,3,1,2.973968,3.467506,0.493538
g0478,g0478.mp3,7.52325,3,2,4.458005,5.489592,1.031587
g0479,g0479.mp3,7.31425,3,0,0.0,1.02415,1.02415
g0479,g0479.mp3,7.31425,3,1,3.090068,3.571633,0.4815649999999998
g0479,g0479.mp3,7.31425,3,2,4.411542,5.430181,1.0186390000000003
g0480,g0480.mp3,6.9485,3,0,0.0,1.047324,1.047324
g0480,g0480.mp3,6.9485,3,1,2.850998,3.369887,0.518889
g0480,g0480.mp3,6.9485,3,2,4.146553,5.161905,1.015351
g0481,g0481.mp3,6.9485,3,0,0.0,1.025125,1.025125
g0481,g0481.mp3,6.9485,3,1,3.304943,4.305034,1.000091
g0481,g0481.mp3,6.9485,3,2,5.085601,6.085624,1.000023
g0482,g0482.mp3,7.52325,3,0,0.0,1.039206,1.039206
g0482,g0482.mp3,7.52325,3,1,3.22941,3.720499,0.4910889999999996
g0482,g0482.mp3,7.52325,3,2,4.6339,5.634512,1.0006120000000005
g0483,g0483.mp3,7.053,3,0,0.0,1.040952,1.040952
g0483,g0483.mp3,7.053,3,1,3.078299,3.59127,0.5129710000000003
g0483,g0483.mp3,7.053,3,2,4.293991,5.321429,1.027438
g0484,g0484.mp3,7.549375,3,0,0.0,1.058481,1.058481
g0484,g0484.mp3,7.549375,3,1,3.124921,3.622268,0.497347
g0484,g0484.mp3,7.549375,3,2,4.552494,5.56619,1.0136959999999997
g0485,g0485.mp3,7.3665,3,0,0.0,1.023991,1.023991
g0485,g0485.mp3,7.3665,3,1,3.182857,3.66254,0.4796830000000001
g0485,g0485.mp3,7.3665,3,2,4.486735,5.493673,1.006938
g0486,g0486.mp3,7.8105,3,0,0.0,1.048639,1.048639
g0486,g0486.mp3,7.8105,3,1,3.116463,3.631837,0.515374
g0486,g0486.mp3,7.8105,3,2,4.710544,5.718322,1.007778
g0487,g0487.mp3,7.444875,3,0,0.0,1.02356,1.02356
g0487,g0487.mp3,7.444875,3,1,2.904331,3.393175,0.4888439999999998
g0487,g0487.mp3,7.444875,3,2,4.424649,5.432585,1.0079360000000008
g0488,g0488.mp3,7.079125,3,0,0.0,1.025057,1.025057
g0488,g0488.mp3,7.079125,3,1,3.200317,4.200431,1.000113
g0488,g0488.mp3,7.079125,3,2,5.116009,6.116009,1.0
g0489,g0489.mp3,7.10525,3,0,0.0,1.032245,1.032245
g0489,g0489.mp3,7.10525,3,1,2.973968,3.480317,0.5063489999999997
g0489,g0489.mp3,7.10525,3,2,4.28381,5.284762,1.0009519999999998
g0490,g0490.mp3,6.89625,3,0,0.0,1.023515,1.023515
g0490,g0490.mp3,6.89625,3,1,2.669569,3.187234,0.517665
g0490,g0490.mp3,6.89625,3,2,4.039864,5.041224,1.00136
g0491,g0491.mp3,7.444875,3,0,0.0,1.05059,1.05059
g0491,g0491.mp3,7.444875,3,1,3.000068,3.49898,0.498912
g0491,g0491.mp3,7.444875,3,2,4.454467,5.459206,1.004739
g0492,g0492.mp3,8.07175,3,0,0.0,1.04093,1.04093
g0492,g0492.mp3,8.07175,3,1,2.926168,3.461587,0.53542
g0492,g0492.mp3,8.07175,3,2,4.798866,5.80102,1.002154
g0493,g0493.mp3,7.288125,3,0,0.0,1.025057,1.025057
g0493,g0493.mp3,7.288125,3,1,3.573197,4.573832,1.000635
g0493,g0493.mp3,7.288125,3,2,5.438186,6.438186,1.0
g0494,g0494.mp3,7.5755,3,0,0.0,1.026032,1.026032
g0494,g0494.mp3,7.5755,3,1,2.88839,3.392585,0.504195
g0494,g0494.mp3,7.5755,3,2,4.46415,5.482063,1.017914
g0495,g0495.mp3,7.1575,3,0,0.0,1.021633,1.021633
g0495,g0495.mp3,7.1575,3,1,3.428209,4.428186,0.999977
g0495,g0495.mp3,7.1575,3,2,5.327687,6.328118,1.000431
g0496,g0496.mp3,7.053,3,0,0.0,1.024308,1.024308
g0496,g0496.mp3,7.053,3,1,3.006553,3.546621,0.540068
g0496,g0496.mp3,7.053,3,2,4.273628,5.291066,1.017438
g0497,g0497.mp3,8.28075,3,0,0.0,1.045215,1.045215
g0497,g0497.mp3,8.28075,3,1,3.088254,3.664104,0.57585
g0497,g0497.mp3,8.28075,3,2,4.93585,5.961497,1.025646
g0498,g0498.mp3,6.844,3,0,0.0,1.03102,1.03102
g0498,g0498.mp3,6.844,3,1,2.714694,3.214444,0.499751
g0498,g0498.mp3,6.844,3,2,4.00229,5.011383,1.009093
g0499,g0499.mp3,7.706,3,0,0.0,1.052313,1.052313
g0499,g0499.mp3,7.706,3,1,3.195261,3.775601,0.58034
g0499,g0499.mp3,7.706,3,2,4.695238,5.727959,1.032721
g0500,g0500.mp3,7.836625,3,0,0.0,1.042313,1.042313
g0500,g0500.mp3,7.836625,3,1,2.864853,3.468073,0.60322
g0500,g0500.mp3,7.836625,3,2,4.644739,5.664649,1.019909
g0501,g0501.mp3,7.1575,3,0,0.0,1.056757,1.056757
g0501,g0501.mp3,7.1575,3,1,3.147619,3.669002,0.521383
g0501,g0501.mp3,7.1575,3,2,4.37449,5.405442,1.030952
g0502,g0502.mp3,6.452125,3,0,0.0,1.025215,1.025215
g0502,g0502.mp3,6.452125,3,1,2.763787,3.264059,0.500272
g0502,g0502.mp3,6.452125,3,2,3.80941,4.818503,1.009093
g0503,g0503.mp3,7.68,3,0,0.0,1.035941,1.035941
g0503,g0503.mp3,7.68,3,1,3.153356,3.68483,0.531474
g0503,g0503.mp3,7.68,3,2,4.666145,5.683469,1.017324
g0504,g0504.mp3,7.497125,3,0,0.0,1.031882,1.031882
g0504,g0504.mp3,7.497125,3,1,3.071315,3.587052,0.515737
g0504,g0504.mp3,7.497125,3,2,4.482041,5.510703,1.028662
g0505,g0505.mp3,8.17625,3,0,0.0,1.026145,1.026145
g0505,g0505.mp3,8.17625,3,1,3.179002,3.679206,0.500204
g0505,g0505.mp3,8.17625,3,2,4.919977,5.942789,1.022812
g0506,g0506.mp3,7.993375,3,0,0.0,1.036689,1.036689
g0506,g0506.mp3,7.993375,3,1,3.06678,3.567188,0.500408
g0506,g0506.mp3,7.993375,3,2,4.757279,5.794195,1.036916
g0507,g0507.mp3,6.24325,3,0,0.0,1.025351,1.025351
g0507,g0507.mp3,6.24325,3,1,2.961769,3.475442,0.513673
g0507,g0507.mp3,6.24325,3,2,3.827302,4.842336,1.015034
g0508,g0508.mp3,17.972125,9,0,0.0,1.02263,1.02263
g0508,g0508.mp3,17.972125,9,1,3.573288,4.573333,1.000045
g0508,g0508.mp3,17.972125,9,2,5.403243,6.403515,1.000272
g0508,g0508.mp3,17.972125,9,3,7.330181,7.822834,0.492653
g0508,g0508.mp3,17.972125,9,4,9.132336,10.13229,0.999955
g0508,g0508.mp3,17.972125,9,5,11.112562,12.112562,1.0
g0508,g0508.mp3,17.972125,9,6,13.032018,13.488345,0.456327
g0508,g0508.mp3,17.972125,9,7,14.351746,15.351882,1.000136
g0508,g0508.mp3,17.972125,9,8,16.181791,17.182018,1.000227
g0509,g0509.mp3,6.68725,3,0,0.0,1.033492,1.033492
g0509,g0509.mp3,6.68725,3,1,3.194399,3.686077,0.491678
g0509,g0509.mp3,6.68725,3,2,4.158095,5.170113,1.012018
g0510,g0510.mp3,7.601625,3,0,0.0,1.023447,1.023447
g0510,g0510.mp3,7.601625,3,1,3.226485,4.226485,1.0
g0510,g0510.mp3,7.601625,3,2,5.409161,6.409161,1.0
g0511,g0511.mp3,7.471,3,0,0.0,1.025306,1.025306
g0511,g0511.mp3,7.471,3,1,3.077392,3.578345,0.500952
g0511,g0511.mp3,7.471,3,2,4.529569,5.534467,1.004898
g0512,g0512.mp3,7.784375,3,0,0.0,1.035714,1.035714
g0512,g0512.mp3,7.784375,3,1,3.246327,3.764036,0.51771
g0512,g0512.mp3,7.784375,3,2,4.747619,5.774558,1.026939
g0513,g0513.mp3,7.20975,3,0,0.0,1.030612,1.030612
g0513,g0513.mp3,7.20975,3,1,3.316893,3.82161,0.504717
g0513,g0513.mp3,7.20975,3,2,4.45966,5.478594,1.018934
g0514,g0514.mp3,7.471,3,0,0.0,1.038912,1.038912
g0514,g0514.mp3,7.471,3,1,3.312676,3.820975,0.508299
g0514,g0514.mp3,7.471,3,2,4.610952,5.614195,1.003243
g0515,g0515.mp3,7.3665,3,0,0.0,1.038027,1.038027
g0515,g0515.mp3,7.3665,3,1,3.289433,3.804558,0.515125
g0515,g0515.mp3,7.3665,3,2,4.552653,5.556054,1.003401
g0516,g0516.mp3,8.636375,3,0,0.0,1.206667,1.206667
g0516,g0516.mp3,8.636375,3,1,3.501723,4.618821,1.117098
g0516,g0516.mp3,8.636375,3,2,5.511655,6.667664,1.156009
g0517,g0517.mp3,7.836625,3,0,0.0,1.02746,1.02746
g0517,g0517.mp3,7.836625,3,1,3.41483,3.908844,0.494014
g0517,g0517.mp3,7.836625,3,2,4.815488,5.857823,1.042336
g0518,g0518.mp3,7.20975,3,0,0.0,1.05737,1.05737
g0518,g0518.mp3,7.20975,3,1,3.140113,3.636327,0.496213
g0518,g0518.mp3,7.20975,3,2,4.378798,5.38381,1.005011
g0519,g0519.mp3,7.235875,3,0,0.0,1.03517,1.03517
g0519,g0519.mp3,7.235875,3,1,3.052245,3.588503,0.536259
g0519,g0519.mp3,7.235875,3,2,4.36034,5.384671,1.024331
g0520,g0520.mp3,6.426,3,0,0.166893,1.024853,0.857959
g0520,g0520.mp3,6.426,3,1,2.918435,3.274989,0.356553
g0520,g0520.mp3,6.426,3,2,3.975057,4.844036,0.86898
g0521,g0521.mp3,7.706,3,0,0.166893,1.049637,0.882744
g0521,g0521.mp3,7.706,3,1,3.407642,3.778662,0.37102
g0521,g0521.mp3,7.706,3,2,4.868934,5.733968,0.865034
g0522,g0522.mp3,6.870125,3,0,0.155374,1.039796,0.884422
g0522,g0522.mp3,6.870125,3,1,3.301678,3.666553,0.364875
g0522,g0522.mp3,6.870125,3,2,4.393016,5.261156,0.868141
g0523,g0523.mp3,7.235875,3,0,0.159773,1.032925,0.873152
g0523,g0523.mp3,7.235875,3,1,3.371338,3.728662,0.357324
g0523,g0523.mp3,7.235875,3,2,4.590385,5.458639,0.868254
g0524,g0524.mp3,7.262,3,0,0.0,1.04839,1.04839
g0524,g0524.mp3,7.262,3,1,3.171587,3.672313,0.500726
g0524,g0524.mp3,7.262,3,2,4.441905,5.462971,1.0210659999999994
g0525,g0525.mp3,7.41875,3,0,0.155374,1.064127,0.908753
g0525,g0525.mp3,7.41875,3,1,3.429388,3.770204,0.340816
g0525,g0525.mp3,7.41875,3,2,4.729728,5.597868,0.868141
g0526,g0526.mp3,7.75825,3,0,0.166893,1.039546,0.872653
g0526,g0526.mp3,7.75825,3,1,3.159569,3.662109,0.50254
g0526,g0526.mp3,7.75825,3,2,4.810862,5.675918,0.865057
g0527,g0527.mp3,7.444875,3,0,0.0,1.052449,1.052449
g0527,g0527.mp3,7.444875,3,1,3.266848,3.641156,0.374308
g0527,g0527.mp3,7.444875,3,2,4.671633,5.540091,0.868458
g0528,g0528.mp3,7.653875,3,0,0.159773,1.035782,0.876009
g0528,g0528.mp3,7.653875,3,1,3.193039,4.035828,0.842789
g0528,g0528.mp3,7.653875,3,2,4.938685,5.812562,0.873878
g0529,g0529.mp3,9.7495,3,0,0.0,1.071837,1.071837
g0529,g0529.mp3,9.7495,3,1,4.454921,5.513515,1.058594
g0529,g0529.mp3,9.7495,3,2,7.019683,8.062268,1.042585
g0530,g0530.mp3,6.844,3,0,0.166893,1.035714,0.868821
g0530,g0530.mp3,6.844,3,1,3.00424,3.371927,0.367687
g0530,g0530.mp3,6.844,3,2,4.25805,5.124785,0.866735
g0531,g0531.mp3,8.097875,3,0,0.0,1.038866,1.038866
g0531,g0531.mp3,8.097875,3,1,3.310658,3.808889,0.498231
g0531,g0531.mp3,8.097875,3,2,4.890317,5.927891,1.0375740000000002
g0532,g0532.mp3,8.4375,3,0,0.166893,1.030454,0.86356
g0532,g0532.mp3,8.4375,3,1,3.405714,3.76127,0.355556
g0532,g0532.mp3,8.4375,3,2,5.210113,6.096508,0.886395
g0533,g0533.mp3,7.941125,3,0,0.0,1.056032,1.056032
g0533,g0533.mp3,7.941125,3,1,3.268934,3.815533,0.546599
g0533,g0533.mp3,7.941125,3,2,4.961905,5.839365,0.87746
g0534,g0534.mp3,7.079125,3,0,0.159773,1.03873,0.878957
g0534,g0534.mp3,7.079125,3,1,3.294467,3.662971,0.368503
g0534,g0534.mp3,7.079125,3,2,4.509116,5.381361,0.872245
g0535,g0535.mp3,7.96725,3,0,0.166893,1.030476,0.863583
g0535,g0535.mp3,7.96725,3,1,3.289615,3.638776,0.349161
g0535,g0535.mp3,7.96725,3,2,4.915351,5.790204,0.874853
g0536,g0536.mp3,7.41875,3,0,0.0,1.049955,1.049955
g0536,g0536.mp3,7.41875,3,1,3.279546,3.804218,0.524671
g0536,g0536.mp3,7.41875,3,2,4.553311,5.583696,1.030385
g0537,g0537.mp3,6.89625,3,0,0.166893,1.037029,0.870136
g0537,g0537.mp3,6.89625,3,1,3.041927,3.556372,0.514444
g0537,g0537.mp3,6.89625,3,2,4.357574,5.203129,0.845556
g0538,g0538.mp3,6.9485,3,0,0.0,1.041746,1.041746
g0538,g0538.mp3,6.9485,3,1,3.108707,3.466259,0.357551
g0538,g0538.mp3,6.9485,3,2,4.300136,5.178005,0.877868
g0539,g0539.mp3,6.9485,3,0,0.0,1.028617,1.028617
g0539,g0539.mp3,6.9485,3,1,3.394558,3.753424,0.358866
g0539,g0539.mp3,6.9485,3,2,4.467075,5.334286,0.867211
g0540,g0540.mp3,6.635,3,0,0.159773,1.033039,0.873265
g0540,g0540.mp3,6.635,3,1,2.895329,3.254399,0.35907
g0540,g0540.mp3,6.635,3,2,3.895556,4.925556,1.0300000000000002
g0541,g0541.mp3,7.131375,3,0,0.0,1.042063,1.042063
g0541,g0541.mp3,7.131375,3,1,3.220408,3.580317,0.359909
g0541,g0541.mp3,7.131375,3,2,4.474286,5.362404,0.888118
g0542,g0542.mp3,6.844,3,0,0.0,1.065533,1.065533
g0542,g0542.mp3,6.844,3,1,3.033583,3.543356,0.509773
g0542,g0542.mp3,6.844,3,2,4.157302,5.191791,1.0344890000000009
g0543,g0543.mp3,7.392625,3,0,0.155374,1.033084,0.87771
g0543,g0543.mp3,7.392625,3,1,3.348095,3.708707,0.360612
g0543,g0543.mp3,7.392625,3,2,4.660045,5.548889,0.888844
g0544,g0544.mp3,7.235875,3,0,0.0,1.057007,1.057007
g0544,g0544.mp3,7.235875,3,1,3.255238,3.629932,0.374694
g0544,g0544.mp3,7.235875,3,2,4.520726,5.393107,0.872381
g0545,g0545.mp3,7.653875,3,0,0.0,1.02424,1.02424
g0545,g0545.mp3,7.653875,3,1,3.201451,3.737528,0.536077
g0545,g0545.mp3,7.653875,3,2,4.783605,5.69,0.906395
g0546,g0546.mp3,7.1575,3,0,0.0,1.032676,1.032676
g0546,g0546.mp3,7.1575,3,1,3.189048,3.560204,0.371156
g0546,g0546.mp3,7.1575,3,2,4.446916,5.34585,0.898934
g0547,g0547.mp3,6.974625,3,0,0.0,1.049705,1.049705
g0547,g0547.mp3,6.974625,3,1,3.297528,3.675079,0.377551
g0547,g0547.mp3,6.974625,3,2,4.294263,5.309773,1.01551
g0548,g0548.mp3,6.58275,3,0,0.159773,1.025011,0.865238
g0548,g0548.mp3,6.58275,3,1,2.964989,3.353061,0.388073
g0548,g0548.mp3,6.58275,3,2,4.044717,4.920295,0.875578
g0549,g0549.mp3,12.9305,6,0,0.0,1.025057,1.025057
g0549,g0549.mp3,12.9305,6,1,3.603764,4.603855,1.000091
g0549,g0549.mp3,12.9305,6,2,5.21449,6.214853,1.000363
g0549,g0549.mp3,12.9305,6,3,6.867664,7.368413,0.500748
g0549,g0549.mp3,12.9305,6,4,10.057506,11.057506,1.0
g0549,g0549.mp3,12.9305,6,5,11.484082,12.484082,1.0
g0550,g0550.mp3,6.58275,3,0,0.0,1.030476,1.030476
g0550,g0550.mp3,6.58275,3,1,2.857166,3.3461,0.488934
g0550,g0550.mp3,6.58275,3,2,3.960816,4.982562,1.021746
g0551,g0551.mp3,7.340375,3,0,0.0,1.050522,1.050522
g0551,g0551.mp3,7.340375,3,1,2.881111,3.36873,0.487619
g0551,g0551.mp3,7.340375,3,2,4.317732,5.324059,1.006327
g0552,g0552.mp3,6.974625,3,0,0.0,1.039773,1.039773
g0552,g0552.mp3,6.974625,3,1,2.961156,3.465986,0.50483
g0552,g0552.mp3,6.974625,3,2,4.215986,5.137029,0.921043
g0553,g0553.mp3,7.52325,3,0,0.0,1.027302,1.027302
g0553,g0553.mp3,7.52325,3,1,2.95576,3.475193,0.519433
g0553,g0553.mp3,7.52325,3,2,4.466145,5.48381,1.017664
g0554,g0554.mp3,7.5755,3,0,0.0,1.049274,1.049274
g0554,g0554.mp3,7.5755,3,1,3.064376,3.558231,0.493855
g0554,g0554.mp3,7.5755,3,2,4.546054,5.588435,1.042381
g0555,g0555.mp3,7.471,3,0,0.0,1.006621,1.006621
g0555,g0555.mp3,7.471,3,1,2.994966,3.484853,0.489887
g0555,g0555.mp3,7.471,3,2,4.441111,5.448798,1.007687
g0556,g0556.mp3,7.262,3,0,0.0,1.025986,1.025986
g0556,g0556.mp3,7.262,3,1,3.148866,3.692562,0.543696
g0556,g0556.mp3,7.262,3,2,4.435465,5.461429,1.025964
g0557,g0557.mp3,7.732125,3,0,0.0,1.059456,1.059456
g0557,g0557.mp3,7.732125,3,1,3.111497,3.626531,0.515034
g0557,g0557.mp3,7.732125,3,2,4.654921,5.681814,1.026893
g0558,g0558.mp3,7.52325,3,0,0.0,1.030476,1.030476
g0558,g0558.mp3,7.52325,3,1,2.764989,3.253605,0.488617
g0558,g0558.mp3,7.52325,3,2,4.305102,5.336395,1.031293
g0559,g0559.mp3,12.617125,6,0,0.0,1.024807,1.024807
g0559,g0559.mp3,12.617125,6,1,3.55737,4.55737,1.0
g0559,g0559.mp3,12.617125,6,2,5.483152,6.483197,1.000045
g0559,g0559.mp3,12.617125,6,3,7.438005,7.895828,0.457823
g0559,g0559.mp3,12.617125,6,4,8.854422,9.854399,0.999977
g0559,g0559.mp3,12.617125,6,5,10.712018,11.712109,1.000091
g0560,g0560.mp3,7.392625,3,0,0.0,1.066757,1.066757
g0560,g0560.mp3,7.392625,3,1,3.071179,3.606485,0.535306
g0560,g0560.mp3,7.392625,3,2,4.50678,5.525442,1.018662
g0561,g0561.mp3,7.31425,3,0,0.0,1.044059,1.044059
g0561,g0561.mp3,7.31425,3,1,3.237234,3.763741,0.526508
g0561,g0561.mp3,7.31425,3,2,4.516916,5.531927,1.015011
g0562,g0562.mp3,7.888875,3,0,0.0,1.026281,1.026281
g0562,g0562.mp3,7.888875,3,1,3.302585,3.833492,0.530907
g0562,g0562.mp3,7.888875,3,2,4.844989,5.85712,1.012132
g0563,g0563.mp3,8.306875,3,0,0.0,1.076327,1.076327
g0563,g0563.mp3,8.306875,3,1,3.366961,3.895238,0.528277
g0563,g0563.mp3,8.306875,3,2,5.057574,6.110952,1.053379
g0564,g0564.mp3,8.07175,3,0,0.0,1.045624,1.045624
g0564,g0564.mp3,8.07175,3,1,3.198413,3.717256,0.518844
g0564,g0564.mp3,8.07175,3,2,4.866327,5.877302,1.010975
g0565,g0565.mp3,7.706,3,0,0.0,1.047234,1.047234
g0565,g0565.mp3,7.706,3,1,3.293878,3.836349,0.542472
g0565,g0565.mp3,7.706,3,2,4.708481,5.742766,1.034286
g0566,g0566.mp3,6.922375,3,0,0.0,1.03034,1.03034
g0566,g0566.mp3,6.922375,3,1,3.078163,3.70127,0.623107
g0566,g0566.mp3,6.922375,3,2,4.297506,5.299705,1.0022
g0567,g0567.mp3,12.22525,6,0,0.0,1.025034,1.025034
g0567,g0567.mp3,12.22525,6,1,3.538481,4.538571,1.000091
g0567,g0567.mp3,12.22525,6,2,5.412063,6.412041,0.999977
g0567,g0567.mp3,12.22525,6,3,7.269569,7.750136,0.480567
g0567,g0567.mp3,12.22525,6,4,8.935442,9.935714,1.000272
g0567,g0567.mp3,12.22525,6,5,10.585737,11.58576,1.000023
g0568,g0568.mp3,6.89625,3,0,0.0,1.023537,1.023537
g0568,g0568.mp3,6.89625,3,1,3.147596,3.642154,0.494558
g0568,g0568.mp3,6.89625,3,2,4.243946,5.269751,1.025805
g0569,g0569.mp3,7.444875,3,0,0.0,1.04932,1.04932
g0569,g0569.mp3,7.444875,3,1,3.300227,3.811474,0.511247
g0569,g0569.mp3,7.444875,3,2,4.609229,5.610907,1.001678
g0570,g0570.mp3,7.31425,3,0,0.0,1.024444,1.024444
g0570,g0570.mp3,7.31425,3,1,3.215306,3.733673,0.518367
g0570,g0570.mp3,7.31425,3,2,4.488277,5.491973,1.003696
g0571,g0571.mp3,7.444875,3,0,0.0,1.033469,1.033469
g0571,g0571.mp3,7.444875,3,1,3.24102,3.74034,0.49932
g0571,g0571.mp3,7.444875,3,2,4.560408,5.565646,1.005238
g0572,g0572.mp3,7.601625,3,0,0.0,1.02415,1.02415
g0572,g0572.mp3,7.601625,3,1,3.269116,3.797664,0.528549
g0572,g0572.mp3,7.601625,3,2,4.674512,5.69737,1.022857
g0573,g0573.mp3,7.3665,3,0,0.0,1.045941,1.045941
g0573,g0573.mp3,7.3665,3,1,3.401837,3.927506,0.525669
g0573,g0573.mp3,7.3665,3,2,4.643039,5.667143,1.024104
g0574,g0574.mp3,7.31425,3,0,0.0,1.053333,1.053333
g0574,g0574.mp3,7.31425,3,1,3.310476,3.81483,0.504354
g0574,g0574.mp3,7.31425,3,2,4.520771,5.528435,1.007664
g0575,g0575.mp3,6.844,3,0,0.0,1.039342,1.039342
g0575,g0575.mp3,6.844,3,1,3.296259,3.847506,0.551247
g0575,g0575.mp3,6.844,3,2,4.296213,5.300658,1.004444
g0576,g0576.mp3,7.392625,3,0,0.0,1.04059,1.04059
g0576,g0576.mp3,7.392625,3,1,3.259252,3.768662,0.50941
g0576,g0576.mp3,7.392625,3,2,4.522857,5.549184,1.026327
g0577,g0577.mp3,7.288125,3,0,0.0,1.030544,1.030544
g0577,g0577.mp3,7.288125,3,1,3.255828,3.764739,0.508912
g0577,g0577.mp3,7.288125,3,2,4.469456,5.489615,1.020159
g0578,g0578.mp3,6.9485,3,0,0.0,1.022925,1.022925
g0578,g0578.mp3,6.9485,3,1,3.340998,4.341156,1.000159
g0578,g0578.mp3,6.9485,3,2,5.191474,6.191678,1.000204
g0579,g0579.mp3,7.75825,3,0,0.0,1.043401,1.043401
g0579,g0579.mp3,7.75825,3,1,3.317438,3.838571,0.521134
g0579,g0579.mp3,7.75825,3,2,4.762721,5.783628,1.020907
g0580,g0580.mp3,6.7395,3,0,0.0,1.029705,1.029705
g0580,g0580.mp3,6.7395,3,1,2.676893,3.187438,0.510544
g0580,g0580.mp3,6.7395,3,2,3.946984,4.968503,1.021519
g0581,g0581.mp3,7.235875,3,0,0.0,1.02542,1.02542
g0581,g0581.mp3,7.235875,3,1,3.045692,3.594535,0.548844
g0581,g0581.mp3,7.235875,3,2,4.358889,5.381088,1.0222
g0582,g0582.mp3,7.340375,3,0,0.0,1.024875,1.024875
g0582,g0582.mp3,7.340375,3,1,3.025646,3.537029,0.511383
g0582,g0582.mp3,7.340375,3,2,4.403379,5.430567,1.027188
g0583,g0583.mp3,7.392625,3,0,0.0,1.048798,1.048798
g0583,g0583.mp3,7.392625,3,1,3.101791,3.632834,0.531043
g0583,g0583.mp3,7.392625,3,2,4.484898,5.502585,1.017687
g0584,g0584.mp3,7.653875,3,0,0.0,1.079229,1.079229
g0584,g0584.mp3,7.653875,3,1,3.248005,3.795351,0.547347
g0584,g0584.mp3,7.653875,3,2,4.654626,5.677234,1.022608
g0585,g0585.mp3,7.601625,3,0,0.0,1.048005,1.048005
g0585,g0585.mp3,7.601625,3,1,3.086803,3.65449,0.567687
g0585,g0585.mp3,7.601625,3,2,4.622585,5.640522,1.017937
g0586,g0586.mp3,8.254625,3,0,0.0,1.040385,1.040385
g0586,g0586.mp3,8.254625,3,1,3.354308,3.889025,0.534717
g0586,g0586.mp3,8.254625,3,2,5.055828,6.079909,1.024082
g0587,g0587.mp3,6.9485,3,0,0.0,1.025057,1.025057
g0587,g0587.mp3,6.9485,3,1,3.029116,4.029093,0.999977
g0587,g0587.mp3,6.9485,3,2,4.978095,5.978594,1.000499
g0588,g0588.mp3,7.340375,3,0,0.0,1.040862,1.040862
g0588,g0588.mp3,7.340375,3,1,2.897483,3.416803,0.51932
g0588,g0588.mp3,7.340375,3,2,4.332653,5.380726,1.048073
g0589,g0589.mp3,7.497125,3,0,0.0,1.032925,1.032925
g0589,g0589.mp3,7.497125,3,1,3.159728,3.656372,0.496644
g0589,g0589.mp3,7.497125,3,2,4.531497,5.557098,1.025601
g0590,g0590.mp3,7.079125,3,0,0.0,1.031723,1.031723
g0590,g0590.mp3,7.079125,3,1,2.76737,3.295601,0.528231
g0590,g0590.mp3,7.079125,3,2,4.198844,5.205601,1.006757
g0591,g0591.mp3,7.444875,3,0,0.0,1.073016,1.073016
g0591,g0591.mp3,7.444875,3,1,3.191633,3.71907,0.527438
g0591,g0591.mp3,7.444875,3,2,4.474603,5.5361,1.061497
g0592,g0592.mp3,7.993375,3,0,0.0,1.047755,1.047755
g0592,g0592.mp3,7.993375,3,1,3.182948,3.673537,0.49059
g0592,g0592.mp3,7.993375,3,2,4.821429,5.849478,1.02805
g0593,g0593.mp3,7.888875,3,0,0.0,1.032222,1.032222
g0593,g0593.mp3,7.888875,3,1,3.123719,3.652426,0.528707
g0593,g0593.mp3,7.888875,3,2,4.773991,5.794422,1.020431
g0594,g0594.mp3,7.131375,3,0,0.0,1.027438,1.027438
g0594,g0594.mp3,7.131375,3,1,3.022086,3.542313,0.520227
g0594,g0594.mp3,7.131375,3,2,4.296644,5.308322,1.011678
g0595,g0595.mp3,7.549375,3,0,0.0,1.036395,1.036395
g0595,g0595.mp3,7.549375,3,1,3.083515,3.586825,0.503311
g0595,g0595.mp3,7.549375,3,2,4.550023,5.586054,1.036032
g0596,g0596.mp3,7.20975,3,0,0.0,1.027166,1.027166
g0596,g0596.mp3,7.20975,3,1,3.187596,3.678594,0.490998
g0596,g0596.mp3,7.20975,3,2,4.419342,5.424807,1.005465
g0597,g0597.mp3,8.254625,3,0,0.0,1.05356,1.05356
g0597,g0597.mp3,8.254625,3,1,3.182018,3.670612,0.488594
g0597,g0597.mp3,8.254625,3,2,4.94449,5.960476,1.015986
g0598,g0598.mp3,7.3665,3,0,0.0,1.042676,1.042676
g0598,g0598.mp3,7.3665,3,1,3.110499,3.612585,0.502086
g0598,g0598.mp3,7.3665,3,2,4.458639,5.475215,1.016576
g0599,g0599.mp3,7.653875,3,0,0.0,1.04161,1.04161
g0599,g0599.mp3,7.653875,3,1,3.24102,3.745646,0.504626
g0599,g0599.mp3,7.653875,3,2,4.69059,5.715465,1.024875
g0600,g0600.mp3,7.732125,3,0,0.0,1.029388,1.029388
g0600,g0600.mp3,7.732125,3,1,3.15551,3.65551,0.5
g0600,g0600.mp3,7.732125,3,2,4.692154,5.693061,1.000907
g0601,g0601.mp3,7.3665,3,0,0.0,1.063129,1.063129
g0601,g0601.mp3,7.3665,3,1,3.031429,3.573923,0.542494
g0601,g0601.mp3,7.3665,3,2,4.43288,5.453401,1.020522
g0602,g0602.mp3,7.601625,3,0,0.0,1.045556,1.045556
g0602,g0602.mp3,7.601625,3,1,2.850408,3.376599,0.52619
g0602,g0602.mp3,7.601625,3,2,4.432812,5.459252,1.02644
g0603,g0603.mp3,7.96725,3,0,0.0,1.048662,1.048662
g0603,g0603.mp3,7.96725,3,1,3.018707,3.54746,0.528753
g0603,g0603.mp3,7.96725,3,2,4.738594,5.779977,1.041383
g0604,g0604.mp3,7.706,3,0,0.0,1.061224,1.061224
g0604,g0604.mp3,7.706,3,1,2.916871,3.4539,0.537029
g0604,g0604.mp3,7.706,3,2,4.540181,5.561905,1.021723
g0605,g0605.mp3,8.359125,3,0,0.0,1.061701,1.061701
g0605,g0605.mp3,8.359125,3,1,3.106939,3.630136,0.523197
g0605,g0605.mp3,8.359125,3,2,4.969819,5.999206,1.029388
g0606,g0606.mp3,7.10525,3,0,0.0,1.036304,1.036304
g0606,g0606.mp3,7.10525,3,1,2.988707,3.499161,0.510454
g0606,g0606.mp3,7.10525,3,2,4.266803,5.267256,1.000454
g0607,g0607.mp3,7.96725,3,0,0.0,1.058617,1.058617
g0607,g0607.mp3,7.96725,3,1,3.048821,3.552268,0.503447
g0607,g0607.mp3,7.96725,3,2,4.751678,5.764082,1.012404
g0608,g0608.mp3,6.844,3,0,0.0,1.029615,1.029615
g0608,g0608.mp3,6.844,3,1,2.7539,3.268798,0.514898
g0608,g0608.mp3,6.844,3,2,4.04415,5.083946,1.039796
g0609,g0609.mp3,7.079125,3,0,0.0,1.02907,1.02907
g0609,g0609.mp3,7.079125,3,1,3.025034,3.53161,0.506576
g0609,g0609.mp3,7.079125,3,2,4.287007,5.311587,1.02458
g0610,g0610.mp3,7.026875,3,0,0.0,1.027302,1.027302
g0610,g0610.mp3,7.026875,3,1,2.842789,3.362608,0.519819
g0610,g0610.mp3,7.026875,3,2,4.124535,5.135238,1.010703
g0611,g0611.mp3,7.392625,3,0,0.0,1.031814,1.031814
g0611,g0611.mp3,7.392625,3,1,2.884512,3.428254,0.543741
g0611,g0611.mp3,7.392625,3,2,4.382449,5.401383,1.018934
g0612,g0612.mp3,7.653875,3,0,0.0,1.025465,1.025465
g0612,g0612.mp3,7.653875,3,1,2.846553,3.372177,0.525624
g0612,g0612.mp3,7.653875,3,2,4.447052,5.538844,1.091791
g0613,g0613.mp3,7.653875,3,0,0.0,1.108776,1.108776
g0613,g0613.mp3,7.653875,3,1,3.170476,3.74195,0.571474
g0613,g0613.mp3,7.653875,3,2,4.680499,5.698322,1.017823
g0614,g0614.mp3,7.75825,3,0,0.0,1.032336,1.032336
g0614,g0614.mp3,7.75825,3,1,2.981927,3.491678,0.509751
g0614,g0614.mp3,7.75825,3,2,4.558526,5.608957,1.050431
g0615,g0615.mp3,7.41875,3,0,0.0,1.035918,1.035918
g0615,g0615.mp3,7.41875,3,1,3.062698,3.613719,0.55102
g0615,g0615.mp3,7.41875,3,2,4.480998,5.497959,1.016961
g0616,g0616.mp3,7.079125,3,0,0.0,1.026349,1.026349
g0616,g0616.mp3,7.079125,3,1,2.945782,3.494331,0.548549
g0616,g0616.mp3,7.079125,3,2,4.234943,5.268005,1.033061
g0617,g0617.mp3,7.86275,3,0,0.0,1.050862,1.050862
g0617,g0617.mp3,7.86275,3,1,3.41966,3.967279,0.547619
g0617,g0617.mp3,7.86275,3,2,4.870204,5.934535,1.064331
g0618,g0618.mp3,7.497125,3,0,0.0,1.038821,1.038821
g0618,g0618.mp3,7.497125,3,1,3.146553,3.681565,0.535011
g0618,g0618.mp3,7.497125,3,2,4.547755,5.574512,1.026757
g0619,g0619.mp3,7.75825,3,0,0.0,1.034331,1.034331
g0619,g0619.mp3,7.75825,3,1,3.102902,3.606803,0.5039
g0619,g0619.mp3,7.75825,3,2,4.665351,5.677279,1.011927
g0620,g0620.mp3,6.765625,3,0,0.0,1.049592,1.049592
g0620,g0620.mp3,6.765625,3,1,2.670839,3.193673,0.522834
g0620,g0620.mp3,6.765625,3,2,3.906848,4.948503,1.041655
g0622,g0622.mp3,7.288125,3,0,0.0,1.037914,1.037914
g0622,g0622.mp3,7.288125,3,1,2.963084,3.984785,1.021701
g0622,g0622.mp3,7.288125,3,2,4.626689,5.636689,1.01
g0623,g0623.mp3,7.235875,3,0,0.0,1.066054,1.066054
g0623,g0623.mp3,7.235875,3,1,2.859433,3.393537,0.534104
g0623,g0623.mp3,7.235875,3,2,4.301723,5.337075,1.035351
g0624,g0624.mp3,7.288125,3,0,0.0,1.050272,1.050272
g0624,g0624.mp3,7.288125,3,1,2.989819,3.490499,0.50068
g0624,g0624.mp3,7.288125,3,2,4.33746,5.381701,1.04424
g0625,g0625.mp3,7.392625,3,0,0.0,1.038617,1.038617
g0625,g0625.mp3,7.392625,3,1,3.149615,3.685442,0.535828
g0625,g0625.mp3,7.392625,3,2,4.501224,5.535533,1.034308
g0626,g0626.mp3,7.62775,3,0,0.0,1.0522,1.0522
g0626,g0626.mp3,7.62775,3,1,3.064308,3.576304,0.511995
g0626,g0626.mp3,7.62775,3,2,4.581837,5.590726,1.008889
g0627,g0627.mp3,7.10525,3,0,0.0,1.043764,1.043764
g0627,g0627.mp3,7.10525,3,1,2.950159,3.463583,0.513424
g0627,g0627.mp3,7.10525,3,2,4.24542,5.26542,1.02
g0628,g0628.mp3,7.549375,3,0,0.0,1.032426,1.032426
g0628,g0628.mp3,7.549375,3,1,3.060567,4.083469,1.022902
g0628,g0628.mp3,7.549375,3,2,4.771202,5.800181,1.02898
g0629,g0629.mp3,7.915,3,0,0.0,1.040748,1.040748
g0629,g0629.mp3,7.915,3,1,3.075782,3.568095,0.492313
g0629,g0629.mp3,7.915,3,2,4.736122,5.765125,1.029002
g0630,g0630.mp3,6.870125,3,0,0.0,1.062971,1.062971
g0630,g0630.mp3,6.870125,3,1,2.906463,3.436213,0.529751
g0630,g0630.mp3,6.870125,3,2,4.103039,5.153855,1.050816
g0631,g0631.mp3,7.1575,3,0,0.0,1.033923,1.033923
g0631,g0631.mp3,7.1575,3,1,3.022676,3.561451,0.538776
g0631,g0631.mp3,7.1575,3,2,4.293333,5.340113,1.04678
g0632,g0632.mp3,6.974625,3,0,0.0,1.032721,1.032721
g0632,g0632.mp3,6.974625,3,1,3.037415,3.553311,0.515896
g0632,g0632.mp3,6.974625,3,2,4.236871,5.250544,1.013673
g0633,g0633.mp3,7.10525,3,0,0.0,1.028844,1.028844
g0633,g0633.mp3,7.10525,3,1,3.067846,3.586077,0.518231
g0633,g0633.mp3,7.10525,3,2,4.327596,5.334626,1.007029
g0634,g0634.mp3,7.10525,3,0,0.0,1.038866,1.038866
g0634,g0634.mp3,7.10525,3,1,2.998866,3.529524,0.530658
g0634,g0634.mp3,7.10525,3,2,4.274354,5.292109,1.017755
g0635,g0635.mp3,7.653875,3,0,0.0,1.05483,1.05483
g0635,g0635.mp3,7.653875,3,1,3.17941,3.726463,0.547052
g0635,g0635.mp3,7.653875,3,2,4.645556,5.659955,1.014399
g0636,g0636.mp3,7.31425,3,0,0.0,1.042018,1.042018
g0636,g0636.mp3,7.31425,3,1,3.199751,3.707891,0.508141
g0636,g0636.mp3,7.31425,3,2,4.488571,5.514422,1.02585
g0637,g0637.mp3,7.31425,3,0,0.0,1.064807,1.064807
g0637,g0637.mp3,7.31425,3,1,3.117302,3.620159,0.502857
g0637,g0637.mp3,7.31425,3,2,4.443923,5.454014,1.010091
g0638,g0638.mp3,6.817875,3,0,0.0,1.029184,1.029184
g0638,g0638.mp3,6.817875,3,1,2.71424,3.202562,0.488322
g0638,g0638.mp3,6.817875,3,2,4.006667,5.007188,1.000522
g0639,g0639.mp3,7.1575,3,0,0.0,1.029909,1.029909
g0639,g0639.mp3,7.1575,3,1,2.988458,3.630748,0.64229
g0639,g0639.mp3,7.1575,3,2,4.358798,5.386145,1.027347
g0640,g0640.mp3,6.68725,3,0,0.0,1.025692,1.025692
g0640,g0640.mp3,6.68725,3,1,2.689683,3.208889,0.519206
g0640,g0640.mp3,6.68725,3,2,3.908549,4.926395,1.017846
g0641,g0641.mp3,7.3665,3,0,0.0,1.025057,1.025057
g0641,g0641.mp3,7.3665,3,1,3.574785,4.574762,0.999977
g0641,g0641.mp3,7.3665,3,2,5.454263,6.45415,0.999887
g0642,g0642.mp3,7.784375,3,0,0.0,1.031315,1.031315
g0642,g0642.mp3,7.784375,3,1,2.993696,3.531905,0.538209
g0642,g0642.mp3,7.784375,3,2,4.655102,5.663696,1.008594
g0643,g0643.mp3,7.96725,3,0,0.0,1.023333,1.023333
g0643,g0643.mp3,7.96725,3,1,3.612517,4.612517,1.0
g0643,g0643.mp3,7.96725,3,2,5.809705,6.809728,1.000023
g0644,g0644.mp3,7.653875,3,0,0.0,1.059161,1.059161
g0644,g0644.mp3,7.653875,3,1,3.152698,3.746576,0.593878
g0644,g0644.mp3,7.653875,3,2,4.659796,5.685374,1.025578
g0645,g0645.mp3,7.026875,3,0,0.0,1.043175,1.043175
g0645,g0645.mp3,7.026875,3,1,2.943515,3.441882,0.498367
g0645,g0645.mp3,7.026875,3,2,4.183832,5.199297,1.015465
g0646,g0646.mp3,7.601625,3,0,0.0,1.035601,1.035601
g0646,g0646.mp3,7.601625,3,1,3.226689,3.776803,0.550113
g0646,g0646.mp3,7.601625,3,2,4.687211,5.700295,1.013084
g0647,g0647.mp3,7.392625,3,0,0.0,1.025692,1.025692
g0647,g0647.mp3,7.392625,3,1,3.022358,3.516893,0.494535
g0647,g0647.mp3,7.392625,3,2,4.439751,5.441451,1.001701
g0648,g0648.mp3,7.31425,3,0,0.0,1.064807,1.064807
g0648,g0648.mp3,7.31425,3,1,2.780317,3.307937,0.527619
g0648,g0648.mp3,7.31425,3,2,4.304649,5.312698,1.00805
g0649,g0649.mp3,7.026875,3,0,0.0,1.031406,1.031406
g0649,g0649.mp3,7.026875,3,1,3.058163,3.56966,0.511497
g0649,g0649.mp3,7.026875,3,2,4.259274,5.291542,1.032268
g0650,g0650.mp3,7.1575,3,0,0.0,1.035488,1.035488
g0650,g0650.mp3,7.1575,3,1,2.706939,3.225782,0.518844
g0650,g0650.mp3,7.1575,3,2,4.171043,5.183515,1.012472
g0651,g0651.mp3,7.288125,3,0,0.0,1.041224,1.041224
g0651,g0651.mp3,7.288125,3,1,3.058231,3.581837,0.523605
g0651,g0651.mp3,7.288125,3,2,4.404535,5.425238,1.020703
g0652,g0652.mp3,7.601625,3,0,0.0,1.039274,1.039274
g0652,g0652.mp3,7.601625,3,1,3.049932,3.56771,0.517778
g0652,g0652.mp3,7.601625,3,2,4.540385,5.545873,1.005488
g0653,g0653.mp3,7.888875,3,0,0.0,1.031519,1.031519
g0653,g0653.mp3,7.888875,3,1,3.077483,3.577347,0.499864
g0653,g0653.mp3,7.888875,3,2,4.730499,5.740884,1.010385
g0654,g0654.mp3,7.706,3,0,0.0,1.038798,1.038798
g0654,g0654.mp3,7.706,3,1,3.078186,3.610726,0.53254
g0654,g0654.mp3,7.706,3,2,4.536304,5.789388,1.253084
g0655,g0655.mp3,7.52325,3,0,0.0,1.089365,1.089365
g0655,g0655.mp3,7.52325,3,1,3.090884,3.610068,0.519184
g0655,g0655.mp3,7.52325,3,2,4.551043,5.550113,0.99907
g0656,g0656.mp3,8.202375,3,0,0.0,1.04619,1.04619
g0656,g0656.mp3,8.202375,3,1,2.967098,3.504762,0.537664
g0656,g0656.mp3,8.202375,3,2,4.88195,5.884399,1.002449
g0657,g0657.mp3,7.235875,3,0,0.0,1.048209,1.048209
g0657,g0657.mp3,7.235875,3,1,3.018231,3.549864,0.531633
g0657,g0657.mp3,7.235875,3,2,4.353333,5.378413,1.025079
g0658,g0658.mp3,7.20975,3,0,0.0,1.05415,1.05415
g0658,g0658.mp3,7.20975,3,1,2.735442,3.284286,0.548844
g0658,g0658.mp3,7.20975,3,2,4.210726,5.230385,1.01966
g0659,g0659.mp3,7.340375,3,0,0.0,1.025283,1.025283
g0659,g0659.mp3,7.340375,3,1,3.022494,3.574263,0.551769
g0659,g0659.mp3,7.340375,3,2,4.406871,5.4478,1.04093
g0660,g0660.mp3,7.131375,3,0,0.0,1.053651,1.053651
g0660,g0660.mp3,7.131375,3,1,2.78678,3.298798,0.512018
g0660,g0660.mp3,7.131375,3,2,4.207687,5.212154,1.004467
g0661,g0661.mp3,6.89625,3,0,0.0,1.029955,1.029955
g0661,g0661.mp3,6.89625,3,1,2.938685,3.472562,0.533878
g0661,g0661.mp3,6.89625,3,2,4.157642,5.164535,1.006893
g0662,g0662.mp3,7.601625,3,0,0.0,1.047211,1.047211
g0662,g0662.mp3,7.601625,3,1,3.185238,3.722245,0.537007
g0662,g0662.mp3,7.601625,3,2,4.65,5.661429,1.011429
g0663,g0663.mp3,7.079125,3,0,0.0,1.066553,1.066553
g0663,g0663.mp3,7.079125,3,1,2.926848,3.460045,0.533197
g0663,g0663.mp3,7.079125,3,2,4.247029,5.255147,1.008118
g0664,g0664.mp3,7.497125,3,0,0.0,1.045465,1.045465
g0664,g0664.mp3,7.497125,3,1,3.072086,3.601633,0.529546
g0664,g0664.mp3,7.497125,3,2,4.493356,5.543084,1.049728
g0665,g0665.mp3,7.262,3,0,0.0,1.04644,1.04644
g0665,g0665.mp3,7.262,3,1,3.163061,3.694263,0.531202
g0665,g0665.mp3,7.262,3,2,4.473197,5.501293,1.028095
g0666,g0666.mp3,7.31425,3,0,0.0,1.048435,1.048435
g0666,g0666.mp3,7.31425,3,1,3.294898,3.799773,0.504875
g0666,g0666.mp3,7.31425,3,2,4.510522,5.524308,1.013787
g0667,g0667.mp3,7.183625,3,0,0.0,1.044512,1.044512
g0667,g0667.mp3,7.183625,3,1,3.098662,3.613673,0.515011
g0667,g0667.mp3,7.183625,3,2,4.348526,5.357732,1.009206
g0668,g0668.mp3,6.922375,3,0,0.0,1.042834,1.042834
g0668,g0668.mp3,6.922375,3,1,2.816395,3.35102,0.534626
g0668,g0668.mp3,6.922375,3,2,4.088118,5.108186,1.020068
g0669,g0669.mp3,7.444875,3,0,0.0,1.038844,1.038844
g0669,g0669.mp3,7.444875,3,1,3.153628,3.655261,0.501633
g0669,g0669.mp3,7.444875,3,2,4.508912,5.518957,1.010045
g0670,g0670.mp3,7.836625,3,0,0.0,1.03415,1.03415
g0670,g0670.mp3,7.836625,3,1,2.799887,3.333107,0.53322
g0670,g0670.mp3,7.836625,3,2,4.598753,5.62449,1.025737
g0671,g0671.mp3,7.96725,3,0,0.0,1.025011,1.025011
g0671,g0671.mp3,7.96725,3,1,3.272812,3.802562,0.529751
g0671,g0671.mp3,7.96725,3,2,4.854104,5.871451,1.017347
g0672,g0672.mp3,7.52325,3,0,0.0,1.033152,1.033152
g0672,g0672.mp3,7.52325,3,1,3.026735,3.573016,0.546281
g0672,g0672.mp3,7.52325,3,2,4.502993,5.503061,1.000068
g0673,g0673.mp3,7.8105,3,0,0.0,1.038322,1.038322
g0673,g0673.mp3,7.8105,3,1,3.15907,3.665011,0.505941
g0673,g0673.mp3,7.8105,3,2,4.700023,5.727914,1.027891
g0674,g0674.mp3,7.392625,3,0,0.0,1.0439,1.0439
g0674,g0674.mp3,7.392625,3,1,3.187483,3.691859,0.504376
g0674,g0674.mp3,7.392625,3,2,4.526984,5.551315,1.024331
g0675,g0675.mp3,7.079125,3,0,0.0,1.025057,1.025057
g0675,g0675.mp3,7.079125,3,1,3.410794,4.410794,1.0
g0675,g0675.mp3,7.079125,3,2,5.239365,6.239456,1.000091
g0676,g0676.mp3,7.68,3,0,0.0,1.040272,1.040272
g0676,g0676.mp3,7.68,3,1,3.173152,3.691769,0.518617
g0676,g0676.mp3,7.68,3,2,4.649864,5.656576,1.006712
g0677,g0677.mp3,7.86275,3,0,0.0,1.02424,1.02424
g0677,g0677.mp3,7.86275,3,1,3.197075,3.729093,0.532018
g0677,g0677.mp3,7.86275,3,2,4.753878,5.769569,1.015692
g0678,g0678.mp3,8.463625,3,0,0.0,1.031723,1.031723
g0678,g0678.mp3,8.463625,3,1,3.018639,3.539093,0.520454
g0678,g0678.mp3,8.463625,3,2,4.991519,6.048095,1.056576
g0679,g0679.mp3,7.549375,3,0,0.0,1.030907,1.030907
g0679,g0679.mp3,7.549375,3,1,3.126327,3.65356,0.527234
g0679,g0679.mp3,7.549375,3,2,4.584989,5.603583,1.018594
g0680,g0680.mp3,10.73625,6,0,0.0,1.022812,1.022812
g0680,g0680.mp3,10.73625,6,1,3.021882,4.021859,0.999977
g0680,g0680.mp3,10.73625,6,2,4.627551,5.619274,0.991723
g0680,g0680.mp3,10.73625,6,3,6.272653,6.712562,0.439909
g0680,g0680.mp3,10.73625,6,4,7.716712,8.716712,1.0
g0680,g0680.mp3,10.73625,6,5,9.224512,10.224558,1.000045
g0681,g0681.mp3,6.68725,3,0,0.0,1.027778,1.027778
g0681,g0681.mp3,6.68725,3,1,3.236372,3.751043,0.514671
g0681,g0681.mp3,6.68725,3,2,4.190884,5.215941,1.025057
g0682,g0682.mp3,7.026875,3,0,0.0,1.053447,1.053447
g0682,g0682.mp3,7.026875,3,1,3.170431,3.725351,0.554921
g0682,g0682.mp3,7.026875,3,2,4.336259,5.357732,1.021474
g0683,g0683.mp3,7.026875,3,0,0.0,1.026463,1.026463
g0683,g0683.mp3,7.026875,3,1,2.931701,3.468617,0.536916
g0683,g0683.mp3,7.026875,3,2,4.210658,5.232676,1.022018
g0684,g0684.mp3,6.89625,3,0,0.0,1.037302,1.037302
g0684,g0684.mp3,6.89625,3,1,2.969501,3.485238,0.515737
g0684,g0684.mp3,6.89625,3,2,4.144082,5.167664,1.023583
g0685,g0685.mp3,6.765625,3,0,0.0,1.026281,1.026281
g0685,g0685.mp3,6.765625,3,1,3.056168,3.5922,0.536032
g0685,g0685.mp3,6.765625,3,2,4.135646,5.15644,1.020794
g0686,g0686.mp3,6.608875,3,0,0.0,1.039002,1.039002
g0686,g0686.mp3,6.608875,3,1,3.224717,3.742426,0.51771
g0686,g0686.mp3,6.608875,3,2,4.151202,5.160068,1.008866
g0687,g0687.mp3,6.556625,3,0,0.0,1.050703,1.050703
g0687,g0687.mp3,6.556625,3,1,3.040635,3.574535,0.5339
g0687,g0687.mp3,6.556625,3,2,4.039297,5.066213,1.026916
g0688,g0688.mp3,7.10525,3,0,0.0,1.032993,1.032993
g0688,g0688.mp3,7.10525,3,1,3.141043,3.640476,0.499433
g0688,g0688.mp3,7.10525,3,2,4.322653,5.336077,1.013424
g0689,g0689.mp3,7.131375,3,0,0.0,1.047007,1.047007
g0689,g0689.mp3,7.131375,3,1,3.184717,3.697438,0.512721
g0689,g0689.mp3,7.131375,3,2,4.362154,5.415351,1.053197
g0690,g0690.mp3,7.026875,3,0,0.0,1.041927,1.041927
g0690,g0690.mp3,7.026875,3,1,3.071882,3.597302,0.52542
g0690,g0690.mp3,7.026875,3,2,4.239501,5.281247,1.041746
g0691,g0691.mp3,7.340375,3,0,0.0,1.039274,1.039274
g0691,g0691.mp3,7.340375,3,1,3.463968,3.980431,0.516463
g0691,g0691.mp3,7.340375,3,2,4.623084,5.63873,1.015646
g0692,g0692.mp3,7.31425,3,0,0.0,1.059615,1.059615
g0692,g0692.mp3,7.31425,3,1,3.144263,3.654603,0.51034
g0692,g0692.mp3,7.31425,3,2,4.43712,5.460771,1.023651
g0693,g0693.mp3,7.75825,3,0,0.0,1.025034,1.025034
g0693,g0693.mp3,7.75825,3,1,3.473175,4.46034,0.987166
g0693,g0693.mp3,7.75825,3,2,5.664603,6.664558,0.999955
g0694,g0694.mp3,7.732125,3,0,0.0,1.047868,1.047868
g0694,g0694.mp3,7.732125,3,1,3.169206,3.698866,0.52966
g0694,g0694.mp3,7.732125,3,2,4.652744,5.674399,1.021655
g0695,g0695.mp3,8.4375,3,0,0.0,1.028118,1.028118
g0695,g0695.mp3,8.4375,3,1,3.160635,3.715578,0.554943
g0695,g0695.mp3,8.4375,3,2,5.053991,6.097687,1.043696
g0696,g0696.mp3,7.52325,3,0,0.0,1.037891,1.037891
g0696,g0696.mp3,7.52325,3,1,3.08322,3.61737,0.53415
g0696,g0696.mp3,7.52325,3,2,4.527438,5.544014,1.016576
g0697,g0697.mp3,8.359125,3,0,0.0,1.025057,1.025057
g0697,g0697.mp3,8.359125,3,1,3.60381,4.60381,1.0
g0697,g0697.mp3,8.359125,3,2,5.95483,6.954921,1.000091
g0698,g0698.mp3,7.836625,3,0,0.0,1.043152,1.043152
g0698,g0698.mp3,7.836625,3,1,2.79839,3.319252,0.520862
g0698,g0698.mp3,7.836625,3,2,4.512585,5.54839,1.035805
g0699,g0699.mp3,7.288125,3,0,0.0,1.028844,1.028844
g0699,g0699.mp3,7.288125,3,1,3.154853,3.693243,0.53839
g0699,g0699.mp3,7.288125,3,2,4.451474,5.473946,1.022472
g0700,g0700.mp3,6.765625,3,0,0.0,1.042177,1.042177
g0700,g0700.mp3,6.765625,3,1,2.999932,3.521973,0.522041
g0700,g0700.mp3,6.765625,3,2,4.117528,5.136825,1.019297
g0701,g0701.mp3,7.836625,3,0,0.0,1.037438,1.037438
g0701,g0701.mp3,7.836625,3,1,3.401429,3.928322,0.526893
g0701,g0701.mp3,7.836625,3,2,4.847098,5.866032,1.018934
g0702,g0702.mp3,7.10525,3,0,0.0,1.024966,1.024966
g0702,g0702.mp3,7.10525,3,1,3.380317,4.380295,0.999977
g0702,g0702.mp3,7.10525,3,2,5.207438,6.207528,1.000091
g0703,g0703.mp3,7.20975,3,0,0.0,1.036417,1.036417
g0703,g0703.mp3,7.20975,3,1,3.297528,3.807959,0.510431
g0703,g0703.mp3,7.20975,3,2,4.48551,5.494535,1.009025
g0704,g0704.mp3,7.471,3,0,0.0,1.03746,1.03746
g0704,g0704.mp3,7.471,3,1,3.355737,3.856417,0.50068
g0704,g0704.mp3,7.471,3,2,4.636032,5.656893,1.020862
g0705,g0705.mp3,7.497125,4,0,0.0,1.024875,1.024875
g0705,g0705.mp3,7.497125,4,1,2.116213,2.252132,0.135918
g0705,g0705.mp3,7.497125,4,2,3.398549,3.914694,0.516145
g0705,g0705.mp3,7.497125,4,3,4.681995,5.714694,1.032698
g0706,g0706.mp3,7.601625,3,0,0.0,1.052902,1.052902
g0706,g0706.mp3,7.601625,3,1,3.324921,3.827914,0.502993
g0706,g0706.mp3,7.601625,3,2,4.68,5.707052,1.027052
g0707,g0707.mp3,7.8105,3,0,0.0,1.048526,1.048526
g0707,g0707.mp3,7.8105,3,1,3.398844,3.955986,0.557143
g0707,g0707.mp3,7.8105,3,2,4.87458,5.894444,1.019864
g0708,g0708.mp3,7.888875,3,0,0.0,1.042517,1.042517
g0708,g0708.mp3,7.888875,3,1,3.202404,3.714853,0.512449
g0708,g0708.mp3,7.888875,3,2,4.826009,5.839864,1.013855
g0709,g0709.mp3,7.41875,3,0,0.0,1.026735,1.026735
g0709,g0709.mp3,7.41875,3,1,3.337347,3.843016,0.505669
g0709,g0709.mp3,7.41875,3,2,4.602109,5.617823,1.015714
g0710,g0710.mp3,7.706,3,0,0.0,1.03093,1.03093
g0710,g0710.mp3,7.706,3,1,3.057415,3.586712,0.529297
g0710,g0710.mp3,7.706,3,2,4.612789,5.629546,1.016757
g0711,g0711.mp3,7.993375,3,0,0.0,1.024399,1.024399
g0711,g0711.mp3,7.993375,3,1,3.170295,3.656417,0.486122
g0711,g0711.mp3,7.993375,3,2,4.820703,5.842426,1.021723
g0712,g0712.mp3,7.026875,3,0,0.0,1.049206,1.049206
g0712,g0712.mp3,7.026875,3,1,3.078844,3.603605,0.524762
g0712,g0712.mp3,7.026875,3,2,4.326848,5.3461,1.019252
g0713,g0713.mp3,7.888875,3,0,0.0,1.024558,1.024558
g0713,g0713.mp3,7.888875,3,1,3.546508,4.040907,0.494399
g0713,g0713.mp3,7.888875,3,2,4.930816,5.952063,1.021247
g0714,g0714.mp3,7.340375,3,0,0.0,1.037642,1.037642
g0714,g0714.mp3,7.340375,3,1,3.405283,3.929342,0.524059
g0714,g0714.mp3,7.340375,3,2,4.633356,5.643265,1.009909
g0715,g0715.mp3,7.053,3,0,0.0,1.024263,1.024263
g0715,g0715.mp3,7.053,3,1,3.213424,4.213424,1.0
g0715,g0715.mp3,7.053,3,2,5.113084,6.113129,1.000045
g0716,g0716.mp3,7.131375,3,0,0.0,1.048844,1.048844
g0716,g0716.mp3,7.131375,3,1,3.60195,4.113152,0.511202
g0716,g0716.mp3,7.131375,3,2,4.602268,5.628254,1.025986
g0717,g0717.mp3,8.777125,3,0,0.0,1.036984,1.036984
g0717,g0717.mp3,8.777125,3,1,3.92712,4.431383,0.504263
g0717,g0717.mp3,8.777125,3,2,5.568549,6.588707,1.020159
g0718,g0718.mp3,7.444875,3,0,0.0,1.031542,1.031542
g0718,g0718.mp3,7.444875,3,1,3.435079,3.95415,0.51907
g0718,g0718.mp3,7.444875,3,2,4.678299,5.682222,1.003923
g0719,g0719.mp3,7.471,3,0,0.0,1.047642,1.047642
g0719,g0719.mp3,7.471,3,1,3.543107,4.059977,0.516871
g0719,g0719.mp3,7.471,3,2,4.75322,5.752472,0.999252
g0720,g0720.mp3,7.732125,3,0,0.0,1.042086,1.042086
g0720,g0720.mp3,7.732125,3,1,3.383424,3.888435,0.505011
g0720,g0720.mp3,7.732125,3,2,4.771134,5.786984,1.01585
g0721,g0721.mp3,7.5755,3,0,0.0,1.044762,1.044762
g0721,g0721.mp3,7.5755,3,1,3.365578,3.884308,0.51873
g0721,g0721.mp3,7.5755,3,2,4.650227,5.683288,1.033061
g0722,g0722.mp3,7.915,3,0,0.0,1.024127,1.024127
g0722,g0722.mp3,7.915,3,1,3.341066,3.863651,0.522585
g0722,g0722.mp3,7.915,3,2,4.809615,5.836508,1.026893
g0723,g0723.mp3,7.86275,3,0,0.0,1.053673,1.053673
g0723,g0723.mp3,7.86275,3,1,3.463764,4.083991,0.620227
g0723,g0723.mp3,7.86275,3,2,4.953923,5.999864,1.045941
g0724,g0724.mp3,7.62775,3,0,0.0,1.031451,1.031451
g0724,g0724.mp3,7.62775,3,1,3.40737,3.931429,0.524059
g0724,g0724.mp3,7.62775,3,2,4.757029,5.772676,1.015646
g0725,g0725.mp3,7.8105,3,0,0.0,1.029932,1.029932
g0725,g0725.mp3,7.8105,3,1,3.40585,3.934989,0.529138
g0725,g0725.mp3,7.8105,3,2,4.856485,5.880635,1.02415
g0726,g0726.mp3,7.288125,3,0,0.0,1.043696,1.043696
g0726,g0726.mp3,7.288125,3,1,3.287642,3.785692,0.49805
g0726,g0726.mp3,7.288125,3,2,4.496689,5.501678,1.004989
g0727,g0727.mp3,7.340375,3,0,0.0,1.03517,1.03517
g0727,g0727.mp3,7.340375,3,1,3.325964,3.873061,0.547098
g0727,g0727.mp3,7.340375,3,2,4.620522,5.553016,0.932494
g0728,g0728.mp3,7.653875,3,0,0.0,1.043832,1.043832
g0728,g0728.mp3,7.653875,3,1,3.428277,3.9322,0.503923
g0728,g0728.mp3,7.653875,3,2,4.77161,5.797732,1.026122
g0729,g0729.mp3,7.549375,3,0,0.0,1.031383,1.031383
g0729,g0729.mp3,7.549375,3,1,3.371361,3.892018,0.520658
g0729,g0729.mp3,7.549375,3,2,4.656213,5.661497,1.005283
g0731,g0731.mp3,7.392625,3,0,0.0,1.031361,1.031361
g0731,g0731.mp3,7.392625,3,1,3.174082,3.68966,0.515578
g0731,g0731.mp3,7.392625,3,2,4.5561,5.559297,1.003197
g0732,g0732.mp3,7.784375,3,0,0.0,1.033129,1.033129
g0732,g0732.mp3,7.784375,3,1,3.492154,4.037029,0.544875
g0732,g0732.mp3,7.784375,3,2,4.881973,5.903923,1.02195
g0733,g0733.mp3,8.59425,3,0,0.0,1.040998,1.040998
g0733,g0733.mp3,8.59425,3,1,3.287279,3.785873,0.498594
g0733,g0733.mp3,8.59425,3,2,5.141837,6.163265,1.021429
g0734,g0734.mp3,7.836625,3,0,0.0,1.024558,1.024558
g0734,g0734.mp3,7.836625,3,1,3.343741,3.842766,0.499025
g0734,g0734.mp3,7.836625,3,2,4.788027,5.803288,1.015261
g0735,g0735.mp3,8.0195,3,0,0.0,1.041066,1.041066
g0735,g0735.mp3,8.0195,3,1,3.663356,4.162993,0.499637
g0735,g0735.mp3,8.0195,3,2,5.078435,6.092857,1.014422
g0736,g0736.mp3,7.497125,3,0,0.0,1.048435,1.048435
g0736,g0736.mp3,7.497125,3,1,3.366667,3.877007,0.51034
g0736,g0736.mp3,7.497125,3,2,4.671678,5.690726,1.019048
g0737,g0737.mp3,7.10525,3,0,0.0,1.043515,1.043515
g0737,g0737.mp3,7.10525,3,1,3.35288,3.880227,0.527347
g0737,g0737.mp3,7.10525,3,2,4.437687,5.464694,1.027007
g0738,g0738.mp3,8.333,3,0,0.0,1.050295,1.050295
g0738,g0738.mp3,8.333,3,1,3.134785,3.742449,0.607664
g0738,g0738.mp3,8.333,3,2,4.983107,6.017778,1.034671
g0739,g0739.mp3,7.706,3,0,0.0,1.047823,1.047823
g0739,g0739.mp3,7.706,3,1,3.327188,3.854603,0.527415
g0739,g0739.mp3,7.706,3,2,4.747279,5.78542,1.038141
g0740,g0740.mp3,6.974625,3,0,0.0,1.025805,1.025805
g0740,g0740.mp3,6.974625,3,1,2.878322,3.387279,0.508957
g0740,g0740.mp3,6.974625,3,2,4.1561,5.162562,1.006463
g0741,g0741.mp3,7.3665,3,0,0.0,1.050816,1.050816
g0741,g0741.mp3,7.3665,3,1,3.296327,3.814717,0.51839
g0741,g0741.mp3,7.3665,3,2,4.545918,5.564195,1.018277
g0742,g0742.mp3,7.732125,3,0,0.0,1.024218,1.024218
g0742,g0742.mp3,7.732125,3,1,3.362608,3.891361,0.528753
g0742,g0742.mp3,7.732125,3,2,4.763855,5.784467,1.020612
g0743,g0743.mp3,8.254625,3,0,0.0,1.075488,1.075488
g0743,g0743.mp3,8.254625,3,1,3.456077,3.999955,0.543878
g0743,g0743.mp3,8.254625,3,2,5.101905,6.122698,1.020794
g0744,g0744.mp3,7.5755,3,0,0.0,1.062608,1.062608
g0744,g0744.mp3,7.5755,3,1,3.232132,3.758209,0.526077
g0744,g0744.mp3,7.5755,3,2,4.656553,5.672358,1.015805
g0745,g0745.mp3,8.333,3,0,0.0,1.061474,1.061474
g0745,g0745.mp3,8.333,3,1,3.693878,4.261995,0.568118
g0745,g0745.mp3,8.333,3,2,5.258413,6.277166,1.018753
g0746,g0746.mp3,7.10525,3,0,0.0,1.031247,1.031247
g0746,g0746.mp3,7.10525,3,1,3.370975,3.89288,0.521905
g0746,g0746.mp3,7.10525,3,2,4.448526,5.472472,1.023946
g0747,g0747.mp3,8.07175,3,0,0.0,1.050771,1.050771
g0747,g0747.mp3,8.07175,3,1,3.61932,4.179501,0.560181
g0747,g0747.mp3,8.07175,3,2,5.115079,6.1222,1.00712
g0748,g0748.mp3,8.4375,3,0,0.0,1.045828,1.045828
g0748,g0748.mp3,8.4375,3,1,2.98449,3.51932,0.53483
g0748,g0748.mp3,8.4375,3,2,4.925828,5.951633,1.025805
g0749,g0749.mp3,8.17625,3,0,0.0,1.032766,1.032766
g0749,g0749.mp3,8.17625,3,1,3.520272,4.038367,0.518095
g0749,g0749.mp3,8.17625,3,2,5.098594,6.099342,1.000748
g0750,g0750.mp3,7.3665,3,0,0.0,1.036576,1.036576
g0750,g0750.mp3,7.3665,3,1,2.996077,3.51712,0.521043
g0750,g0750.mp3,7.3665,3,2,4.389841,5.41619,1.026349
g0751,g0751.mp3,7.62775,3,0,0.0,1.049728,1.049728
g0751,g0751.mp3,7.62775,3,1,3.245737,3.759841,0.514104
g0751,g0751.mp3,7.62775,3,2,4.692721,5.713968,1.021247
g0752,g0752.mp3,8.48975,3,0,0.0,1.046417,1.046417
g0752,g0752.mp3,8.48975,3,1,3.07102,3.613243,0.542222
g0752,g0752.mp3,8.48975,3,2,5.03322,6.065737,1.032517
g0753,g0753.mp3,7.706,3,0,0.0,1.045533,1.045533
g0753,g0753.mp3,7.706,3,1,3.268889,3.800726,0.531837
g0753,g0753.mp3,7.706,3,2,4.742925,5.743039,1.000113
g0754,g0754.mp3,8.150125,3,0,0.0,1.048798,1.048798
g0754,g0754.mp3,8.150125,3,1,3.158027,3.674943,0.516916
g0754,g0754.mp3,8.150125,3,2,4.850408,5.864014,1.013605
g0755,g0755.mp3,8.672625,3,0,0.0,1.039524,1.039524
g0755,g0755.mp3,8.672625,3,1,3.483492,4.045896,0.562404
g0755,g0755.mp3,8.672625,3,2,5.303333,6.329977,1.026644
g0756,g0756.mp3,7.262,3,0,0.0,1.038866,1.038866
g0756,g0756.mp3,7.262,3,1,3.297483,3.814762,0.517279
g0756,g0756.mp3,7.262,3,2,4.482109,5.49093,1.008821
g0757,g0757.mp3,6.844,3,0,0.0,1.068231,1.068231
g0757,g0757.mp3,6.844,3,1,3.220567,3.75093,0.530363
g0757,g0757.mp3,6.844,3,2,4.252517,5.281043,1.028526
g0758,g0758.mp3,7.026875,3,0,0.0,1.024762,1.024762
g0758,g0758.mp3,7.026875,3,1,2.973764,3.494331,0.520567
g0758,g0758.mp3,7.026875,3,2,4.179161,5.212086,1.032925
g0759,g0759.mp3,6.974625,3,0,0.0,1.035556,1.035556
g0759,g0759.mp3,6.974625,3,1,3.175941,3.730091,0.55415
g0759,g0759.mp3,6.974625,3,2,4.293469,5.324785,1.031315
g0761,g0761.mp3,7.68,3,0,0.0,1.037528,1.037528
g0761,g0761.mp3,7.68,3,1,3.238073,3.738118,0.500045
g0761,g0761.mp3,7.68,3,2,4.696644,5.710907,1.014263
g0762,g0762.mp3,7.653875,3,0,0.0,1.051247,1.051247
g0762,g0762.mp3,7.653875,3,1,3.221655,3.755261,0.533605
g0762,g0762.mp3,7.653875,3,2,4.679546,5.706168,1.026621
g0763,g0763.mp3,7.68,3,0,0.0,1.040567,1.040567
g0763,g0763.mp3,7.68,3,1,3.400748,3.948912,0.548163
g0763,g0763.mp3,7.68,3,2,4.799841,5.75381,0.953968
g0764,g0764.mp3,7.20975,3,0,0.0,1.031814,1.031814
g0764,g0764.mp3,7.20975,3,1,3.33517,3.859161,0.523991
g0764,g0764.mp3,7.20975,3,2,4.511134,5.518141,1.007007
g0765,g0765.mp3,7.497125,3,0,0.0,1.024785,1.024785
g0765,g0765.mp3,7.497125,3,1,3.281406,3.791247,0.509841
g0765,g0765.mp3,7.497125,3,2,4.614921,5.636803,1.021882
g0766,g0766.mp3,7.62775,3,0,0.0,1.063878,1.063878
g0766,g0766.mp3,7.62775,3,1,3.36102,3.863084,0.502063
g0766,g0766.mp3,7.62775,3,2,4.729546,5.757324,1.027778
g0767,g0767.mp3,7.340375,3,0,0.0,1.039478,1.039478
g0767,g0767.mp3,7.340375,3,1,3.179342,3.712313,0.532971
g0767,g0767.mp3,7.340375,3,2,4.499887,5.516644,1.016757
g0768,g0768.mp3,6.844,3,0,0.0,1.047914,1.047914
g0768,g0768.mp3,6.844,3,1,3.076372,3.588844,0.512472
g0768,g0768.mp3,6.844,3,2,4.184172,5.192404,1.008231
g0769,g0769.mp3,7.392625,3,0,0.0,1.025374,1.025374
g0769,g0769.mp3,7.392625,3,1,3.210091,3.73737,0.527279
g0769,g0769.mp3,7.392625,3,2,4.558073,5.57415,1.016077
g0770,g0770.mp3,7.262,3,0,0.0,1.02517,1.02517
g0770,g0770.mp3,7.262,3,1,3.256463,3.775442,0.51898
g0770,g0770.mp3,7.262,3,2,4.531156,5.541655,1.010499
g0771,g0771.mp3,7.653875,3,0,0.0,1.042925,1.042925
g0771,g0771.mp3,7.653875,3,1,3.573696,4.086893,0.513197
g0771,g0771.mp3,7.653875,3,2,4.84458,5.857256,1.012676
g0772,g0772.mp3,7.706,3,0,0.0,1.039569,1.039569
g0772,g0772.mp3,7.706,3,1,3.351202,3.882925,0.531723
g0772,g0772.mp3,7.706,3,2,4.778957,5.782766,1.00381
g0773,g0773.mp3,7.392625,3,0,0.0,1.050794,1.050794
g0773,g0773.mp3,7.392625,3,1,3.556054,4.11966,0.563605
g0773,g0773.mp3,7.392625,3,2,4.720612,5.731791,1.011179
g0774,g0774.mp3,7.915,3,0,0.0,1.048844,1.048844
g0774,g0774.mp3,7.915,3,1,3.479887,4.0061,0.526213
g0774,g0774.mp3,7.915,3,2,4.951406,5.957211,1.005805
g0775,g0775.mp3,7.96725,3,0,0.0,1.030431,1.030431
g0775,g0775.mp3,7.96725,3,1,3.250862,3.775147,0.524286
g0775,g0775.mp3,7.96725,3,2,4.812018,5.850295,1.038277
g0776,g0776.mp3,7.471,3,0,0.0,1.032109,1.032109
g0776,g0776.mp3,7.471,3,1,3.485397,4.008231,0.522834
g0776,g0776.mp3,7.471,3,2,4.699433,5.722494,1.023061
g0777,g0777.mp3,7.471,3,0,0.0,1.026032,1.026032
g0777,g0777.mp3,7.471,3,1,3.307596,3.813855,0.506259
g0777,g0777.mp3,7.471,3,2,4.593991,5.620862,1.026871
g0778,g0778.mp3,7.235875,3,0,0.0,1.04644,1.04644
g0778,g0778.mp3,7.235875,3,1,3.36254,3.86415,0.50161
g0778,g0778.mp3,7.235875,3,2,4.538821,5.559977,1.021156
g0779,g0779.mp3,7.262,3,0,0.0,1.035488,1.035488
g0779,g0779.mp3,7.262,3,1,3.271655,3.791111,0.519456
g0779,g0779.mp3,7.262,3,2,4.48093,5.487959,1.007029
g0780,g0780.mp3,7.10525,3,0,0.0,1.033107,1.033107
g0780,g0780.mp3,7.10525,3,1,2.861066,3.396893,0.535828
g0780,g0780.mp3,7.10525,3,2,4.209184,5.23127,1.022086
g0781,g0781.mp3,7.471,3,0,0.0,1.030159,1.030159
g0781,g0781.mp3,7.471,3,1,3.233696,3.743719,0.510023
g0781,g0781.mp3,7.471,3,2,4.575374,5.602562,1.027188
g0782,g0782.mp3,8.150125,3,0,0.0,1.047619,1.047619
g0782,g0782.mp3,8.150125,3,1,3.781179,4.314036,0.532857
g0782,g0782.mp3,8.150125,3,2,5.162857,6.16483,1.001973
g0783,g0783.mp3,7.8105,3,0,0.0,1.068662,1.068662
g0783,g0783.mp3,7.8105,3,1,3.42,3.923651,0.503651
g0783,g0783.mp3,7.8105,3,2,4.852925,5.877211,1.024286
g0784,g0784.mp3,7.653875,3,0,0.0,1.042449,1.042449
g0784,g0784.mp3,7.653875,3,1,3.430431,3.931156,0.500726
g0784,g0784.mp3,7.653875,3,2,4.752789,5.78449,1.031701
g0785,g0785.mp3,7.183625,3,0,0.0,1.065147,1.065147
g0785,g0785.mp3,7.183625,3,1,3.248141,3.763719,0.515578
g0785,g0785.mp3,7.183625,3,2,4.434739,5.473696,1.038957
g0786,g0786.mp3,7.52325,3,0,0.0,1.031497,1.031497
g0786,g0786.mp3,7.52325,3,1,3.279388,3.802925,0.523537
g0786,g0786.mp3,7.52325,3,2,4.656304,5.672063,1.01576
g0787,g0787.mp3,7.8105,3,0,0.0,1.037687,1.037687
g0787,g0787.mp3,7.8105,3,1,3.577143,4.099138,0.521995
g0787,g0787.mp3,7.8105,3,2,4.918118,5.944354,1.026236
g0788,g0788.mp3,6.68725,3,0,0.0,1.027687,1.027687
g0788,g0788.mp3,6.68725,3,1,3.045442,3.54517,0.499728
g0788,g0788.mp3,6.68725,3,2,4.041383,5.071383,1.03
g0789,g0789.mp3,7.235875,3,0,0.0,1.02542,1.02542
g0789,g0789.mp3,7.235875,3,1,3.300204,3.827211,0.527007
g0789,g0789.mp3,7.235875,3,2,4.496395,5.552494,1.0561
g0790,g0790.mp3,6.844,3,0,0.0,1.049546,1.049546
g0790,g0790.mp3,6.844,3,1,2.854331,3.362086,0.507755
g0790,g0790.mp3,6.844,3,2,4.072063,5.102132,1.030068
g0791,g0791.mp3,7.444875,3,0,0.0,1.027256,1.027256
g0791,g0791.mp3,7.444875,3,1,3.234014,3.729728,0.495714
g0791,g0791.mp3,7.444875,3,2,4.547098,5.577347,1.030249
g0792,g0792.mp3,7.10525,3,0,0.0,1.048322,1.048322
g0792,g0792.mp3,7.10525,3,1,3.183492,3.742494,0.559002
g0792,g0792.mp3,7.10525,3,2,4.387596,5.415215,1.027619
g0793,g0793.mp3,7.96725,3,0,0.0,1.035918,1.035918
g0793,g0793.mp3,7.96725,3,1,3.375034,3.894308,0.519274
g0793,g0793.mp3,7.96725,3,2,4.953968,5.954898,1.00093
g0794,g0794.mp3,7.471,3,0,0.0,1.036689,1.036689
g0794,g0794.mp3,7.471,3,1,3.124263,3.629683,0.50542
g0794,g0794.mp3,7.471,3,2,4.553741,5.567642,1.0139
g0795,g0795.mp3,7.706,3,0,0.0,1.051043,1.051043
g0795,g0795.mp3,7.706,3,1,3.582245,4.10263,0.520385
g0795,g0795.mp3,7.706,3,2,4.88254,5.895873,1.013333
g0796,g0796.mp3,7.52325,3,0,0.0,1.068617,1.068617
g0796,g0796.mp3,7.52325,3,1,3.254717,3.77424,0.519524
g0796,g0796.mp3,7.52325,3,2,4.589478,5.620952,1.031474
g0797,g0797.mp3,7.706,3,0,0.0,1.031451,1.031451
g0797,g0797.mp3,7.706,3,1,3.580862,4.096463,0.515601
g0797,g0797.mp3,7.706,3,2,4.874671,5.906349,1.031678
g0798,g0798.mp3,6.870125,3,0,0.0,1.026531,1.026531
g0798,g0798.mp3,6.870125,3,1,2.978639,3.486304,0.507664
g0798,g0798.mp3,6.870125,3,2,4.196485,5.204467,1.007982
g0799,g0799.mp3,8.411375,3,0,0.0,1.024989,1.024989
g0799,g0799.mp3,8.411375,3,1,3.524195,4.050181,0.525986
g0799,g0799.mp3,8.411375,3,2,5.18,6.21127,1.03127
g0800,g0800.mp3,7.62775,4,0,0.0,1.042336,1.042336
g0800,g0800.mp3,7.62775,4,1,2.106689,2.238617,0.131927
g0800,g0800.mp3,7.62775,4,2,2.966485,3.497687,0.531202
g0800,g0800.mp3,7.62775,4,3,4.538118,5.561542,1.023424
g0801,g0801.mp3,7.5755,3,0,0.0,1.045624,1.045624
g0801,g0801.mp3,7.5755,3,1,3.149184,3.665351,0.516168
g0801,g0801.mp3,7.5755,3,2,4.589728,5.596531,1.006803
g0802,g0802.mp3,7.3665,3,0,0.0,1.029478,1.029478
g0802,g0802.mp3,7.3665,3,1,2.855873,3.363651,0.507778
g0802,g0802.mp3,7.3665,3,2,4.3361,5.352313,1.016213
g0803,g0803.mp3,7.1575,3,0,0.0,1.034694,1.034694
g0803,g0803.mp3,7.1575,3,1,3.088027,3.602993,0.514966
g0803,g0803.mp3,7.1575,3,2,4.314671,5.351315,1.036644
g0804,g0804.mp3,7.10525,3,0,0.0,1.029184,1.029184
g0804,g0804.mp3,7.10525,3,1,2.873583,3.375601,0.502018
g0804,g0804.mp3,7.10525,3,2,4.222698,5.233787,1.011088
g0805,g0805.mp3,7.10525,3,0,0.0,1.04254,1.04254
g0805,g0805.mp3,7.10525,3,1,2.925805,3.445102,0.519297
g0805,g0805.mp3,7.10525,3,2,4.219501,5.241837,1.022336
g0806,g0806.mp3,6.9485,3,0,0.0,1.025465,1.025465
g0806,g0806.mp3,6.9485,3,1,2.757596,3.278231,0.520635
g0806,g0806.mp3,6.9485,3,2,4.097211,5.102268,1.005057
g0807,g0807.mp3,7.41875,3,0,0.0,1.049252,1.049252
g0807,g0807.mp3,7.41875,3,1,2.871905,3.421655,0.549751
g0807,g0807.mp3,7.41875,3,2,4.363537,5.365147,1.00161
g0808,g0808.mp3,7.340375,3,0,0.0,1.0622,1.0622
g0808,g0808.mp3,7.340375,3,1,2.642381,3.165737,0.523356
g0808,g0808.mp3,7.340375,3,2,4.241156,5.256032,1.014875
g0809,g0809.mp3,6.870125,3,0,0.0,1.049093,1.049093
g0809,g0809.mp3,6.870125,3,1,2.861973,3.374853,0.51288
g0809,g0809.mp3,6.870125,3,2,4.116417,5.131247,1.01483
g0810,g0810.mp3,6.7395,3,0,0.0,1.032472,1.032472
g0810,g0810.mp3,6.7395,3,1,2.763288,3.294218,0.53093
g0810,g0810.mp3,6.7395,3,2,3.970612,4.9861,1.015488
g0811,g0811.mp3,6.9485,3,0,0.0,1.056689,1.056689
g0811,g0811.mp3,6.9485,3,1,2.844422,3.395578,0.551156
g0811,g0811.mp3,6.9485,3,2,4.147483,5.16161,1.014127
g0812,g0812.mp3,6.765625,3,0,0.0,1.051678,1.051678
g0812,g0812.mp3,6.765625,3,1,2.735306,3.264717,0.52941
g0812,g0812.mp3,6.765625,3,2,3.981814,5.018367,1.036553
g0813,g0813.mp3,7.053,3,0,0.0,1.048866,1.048866
g0813,g0813.mp3,7.053,3,1,2.930272,3.452971,0.522698
g0813,g0813.mp3,7.053,3,2,4.221814,5.240317,1.018503
g0814,g0814.mp3,7.262,3,0,0.0,1.043673,1.043673
g0814,g0814.mp3,7.262,3,1,3.019206,3.540567,0.521361
g0814,g0814.mp3,7.262,3,2,4.37424,5.396893,1.022653
g0815,g0815.mp3,7.00075,3,0,0.0,1.033084,1.033084
g0815,g0815.mp3,7.00075,3,1,2.908549,3.420998,0.512449
g0815,g0815.mp3,7.00075,3,2,4.213673,5.226395,1.012721
g0816,g0816.mp3,7.235875,3,0,0.0,1.02746,1.02746
g0816,g0816.mp3,7.235875,3,1,3.03585,3.550249,0.514399
g0816,g0816.mp3,7.235875,3,2,4.385669,5.415351,1.029683
g0817,g0817.mp3,6.661125,3,0,0.0,1.024558,1.024558
g0817,g0817.mp3,6.661125,3,1,3.461542,4.46161,1.000068
g0817,g0817.mp3,6.661125,3,2,5.072426,6.072494,1.000068
g0818,g0818.mp3,7.053,3,0,0.0,1.036417,1.036417
g0818,g0818.mp3,7.053,3,1,2.81585,3.396054,0.580204
g0818,g0818.mp3,7.053,3,2,4.16746,5.20127,1.03381
g0819,g0819.mp3,7.131375,4,0,0.0,1.055147,1.055147
g0819,g0819.mp3,7.131375,4,1,2.011474,2.151111,0.139637
g0819,g0819.mp3,7.131375,4,2,3.152834,3.713243,0.560408
g0819,g0819.mp3,7.131375,4,3,4.384898,5.407302,1.022404
g0820,g0820.mp3,6.713375,3,0,0.0,1.053515,1.053515
g0820,g0820.mp3,6.713375,3,1,2.667596,3.202381,0.534785
g0820,g0820.mp3,6.713375,3,2,3.915238,4.942562,1.027324
g0821,g0821.mp3,6.9485,3,0,0.0,1.047551,1.047551
g0821,g0821.mp3,6.9485,3,1,3.001179,3.526916,0.525737
g0821,g0821.mp3,6.9485,3,2,4.214762,5.220884,1.006122
g0822,g0822.mp3,6.844,3,0,0.0,1.040544,1.040544
g0822,g0822.mp3,6.844,3,1,2.868594,3.375986,0.507392
g0822,g0822.mp3,6.844,3,2,4.093832,5.113673,1.019841
g0823,g0823.mp3,7.079125,3,0,0.0,1.029365,1.029365
g0823,g0823.mp3,7.079125,3,1,3.009252,3.529728,0.520476
g0823,g0823.mp3,7.079125,3,2,4.269116,5.287347,1.018231
g0824,g0824.mp3,7.20975,3,0,0.0,1.060884,1.060884
g0824,g0824.mp3,7.20975,3,1,3.117619,3.633741,0.516122
g0824,g0824.mp3,7.20975,3,2,4.39288,5.428186,1.035306
g0825,g0825.mp3,7.235875,3,0,0.0,1.052336,1.052336
g0825,g0825.mp3,7.235875,3,1,3.259841,3.794082,0.53424
g0825,g0825.mp3,7.235875,3,2,4.489501,5.524444,1.034943
g0827,g0827.mp3,6.661125,3,0,0.0,1.030454,1.030454
g0827,g0827.mp3,6.661125,3,1,3.008027,3.529977,0.52195
g0827,g0827.mp3,6.661125,3,2,4.062812,5.090544,1.027732
g0828,g0828.mp3,7.053,3,0,0.0,1.036961,1.036961
g0828,g0828.mp3,7.053,3,1,2.777823,3.306531,0.528707
g0828,g0828.mp3,7.053,3,2,4.156712,5.185329,1.028617
g0829,g0829.mp3,7.549375,3,0,0.0,1.02458,1.02458
g0829,g0829.mp3,7.549375,3,1,3.068118,3.596349,0.528231
g0829,g0829.mp3,7.549375,3,2,4.516485,5.56195,1.045465
g0830,g0830.mp3,7.86275,3,0,0.0,1.044603,1.044603
g0830,g0830.mp3,7.86275,3,1,2.864059,3.397891,0.533832
g0830,g0830.mp3,7.86275,3,2,4.648458,5.675737,1.027279
g0831,g0831.mp3,7.706,3,0,0.0,1.037234,1.037234
g0831,g0831.mp3,7.706,3,1,3.04322,3.588209,0.544989
g0831,g0831.mp3,7.706,3,2,4.599751,5.630612,1.030862
g0832,g0832.mp3,6.9485,3,0,0.0,1.04551,1.04551
g0832,g0832.mp3,6.9485,3,1,3.010227,3.512472,0.502245
g0832,g0832.mp3,6.9485,3,2,4.191066,5.221678,1.030612
g0833,g0833.mp3,6.765625,3,0,0.0,1.032653,1.032653
g0833,g0833.mp3,6.765625,3,1,3.03458,3.547098,0.512517
g0833,g0833.mp3,6.765625,3,2,4.095306,5.149456,1.05415
g0834,g0834.mp3,7.31425,3,0,0.0,1.04034,1.04034
g0834,g0834.mp3,7.31425,3,1,3.027914,3.535692,0.507778
g0834,g0834.mp3,7.31425,3,2,4.41737,5.428299,1.01093
g0835,g0835.mp3,7.288125,3,0,0.0,1.034875,1.034875
g0835,g0835.mp3,7.288125,3,1,2.968073,3.476757,0.508685
g0835,g0835.mp3,7.288125,3,2,4.331383,5.356984,1.025601
g0836,g0836.mp3,7.10525,3,0,0.0,1.042948,1.042948
g0836,g0836.mp3,7.10525,3,1,3.04356,3.57619,0.53263
g0836,g0836.mp3,7.10525,3,2,4.319932,5.342902,1.022971
g0837,g0837.mp3,7.131375,3,0,0.0,1.04644,1.04644
g0837,g0837.mp3,7.131375,3,1,3.05712,3.579433,0.522313
g0837,g0837.mp3,7.131375,3,2,4.330272,5.350385,1.020113
g0838,g0838.mp3,7.31425,3,0,0.0,1.042834,1.042834
g0838,g0838.mp3,7.31425,3,1,2.83483,3.362517,0.527687
g0838,g0838.mp3,7.31425,3,2,4.288549,5.33746,1.048912
g0839,g0839.mp3,7.053,3,0,0.0,1.044286,1.044286
g0839,g0839.mp3,7.053,3,1,2.973719,3.496871,0.523152
g0839,g0839.mp3,7.053,3,2,4.248707,5.281088,1.032381
g0840,g0840.mp3,7.183625,3,0,0.0,1.051723,1.051723
g0840,g0840.mp3,7.183625,3,1,2.70254,3.21805,0.51551
g0840,g0840.mp3,7.183625,3,2,4.166281,5.194989,1.028707
g0841,g0841.mp3,7.3665,3,0,0.0,1.047188,1.047188
g0841,g0841.mp3,7.3665,3,1,2.76873,3.305782,0.537052
g0841,g0841.mp3,7.3665,3,2,4.274966,5.288889,1.013923
g0842,g0842.mp3,7.62775,3,0,0.0,1.052472,1.052472
g0842,g0842.mp3,7.62775,3,1,2.982585,3.506576,0.523991
g0842,g0842.mp3,7.62775,3,2,4.558844,5.573401,1.014558
g0843,g0843.mp3,8.542,4,0,0.0,1.052971,1.052971
g0843,g0843.mp3,8.542,4,1,1.998481,2.183673,0.185193
g0843,g0843.mp3,8.542,4,2,3.078662,3.638345,0.559683
g0843,g0843.mp3,8.542,4,3,5.060612,6.065465,1.004853
g0844,g0844.mp3,7.62775,3,0,0.0,1.054943,1.054943
g0844,g0844.mp3,7.62775,3,1,2.990431,3.51517,0.524739
g0844,g0844.mp3,7.62775,3,2,4.500748,5.535283,1.034535
g0845,g0845.mp3,7.31425,3,0,0.0,1.043084,1.043084
g0845,g0845.mp3,7.31425,3,1,2.990952,3.518707,0.527755
g0845,g0845.mp3,7.31425,3,2,4.389569,5.415011,1.025442
g0846,g0846.mp3,7.026875,3,0,0.0,1.029274,1.029274
g0846,g0846.mp3,7.026875,3,1,2.987937,3.495442,0.507506
g0846,g0846.mp3,7.026875,3,2,4.228435,5.248844,1.020408
g0847,g0847.mp3,6.608875,3,0,0.0,1.042109,1.042109
g0847,g0847.mp3,6.608875,3,1,2.961973,3.459184,0.497211
g0847,g0847.mp3,6.608875,3,2,4.010295,5.028912,1.018617
g0848,g0848.mp3,6.817875,3,0,0.0,1.0339,1.0339
g0848,g0848.mp3,6.817875,3,1,2.97966,3.496508,0.516848
g0848,g0848.mp3,6.817875,3,2,4.12449,5.154082,1.029592
g0849,g0849.mp3,7.131375,3,0,0.0,1.034717,1.034717
g0849,g0849.mp3,7.131375,3,1,2.824172,3.33907,0.514898
g0849,g0849.mp3,7.131375,3,2,4.218345,5.239909,1.021565
g0850,g0850.mp3,7.52325,3,0,0.0,1.037914,1.037914
g0850,g0850.mp3,7.52325,3,1,2.830068,3.399365,0.569297
g0850,g0850.mp3,7.52325,3,2,4.402608,5.421723,1.019116
g0851,g0851.mp3,7.00075,3,0,0.0,1.02424,1.02424
g0851,g0851.mp3,7.00075,3,1,2.86424,3.378481,0.51424
g0851,g0851.mp3,7.00075,3,2,4.163787,5.18542,1.021633
g0852,g0852.mp3,7.1575,3,0,0.0,1.038776,1.038776
g0852,g0852.mp3,7.1575,3,1,3.011293,3.51941,0.508118
g0852,g0852.mp3,7.1575,3,2,4.332336,5.348957,1.016621
g0853,g0853.mp3,7.053,3,0,0.0,1.031542,1.031542
g0853,g0853.mp3,7.053,3,1,2.897755,3.403515,0.50576
g0853,g0853.mp3,7.053,3,2,4.152517,5.169365,1.016848
g0854,g0854.mp3,7.471,3,0,0.0,1.049932,1.049932
g0854,g0854.mp3,7.471,3,1,2.950272,3.479252,0.52898
g0854,g0854.mp3,7.471,3,2,4.47127,5.496893,1.025624
g0855,g0855.mp3,7.026875,3,0,0.0,1.048458,1.048458
g0855,g0855.mp3,7.026875,3,1,2.882744,3.402562,0.519819
g0855,g0855.mp3,7.026875,3,2,4.23322,5.195578,0.962358
g0856,g0856.mp3,7.41875,3,0,0.0,1.024512,1.024512
g0856,g0856.mp3,7.41875,3,1,3.066803,3.57424,0.507438
g0856,g0856.mp3,7.41875,3,2,4.436984,5.481134,1.04415
g0857,g0857.mp3,6.974625,3,0,0.0,1.052948,1.052948
g0857,g0857.mp3,6.974625,3,1,2.966463,3.495465,0.529002
g0857,g0857.mp3,6.974625,3,2,4.209274,5.238073,1.028798
g0858,g0858.mp3,7.5755,3,0,0.0,1.049637,1.049637
g0858,g0858.mp3,7.5755,3,1,3.012585,3.506689,0.494104
g0858,g0858.mp3,7.5755,3,2,4.542676,5.575805,1.033129
g0859,g0859.mp3,7.131375,3,0,0.0,1.044921,1.044921
g0859,g0859.mp3,7.131375,3,1,3.079569,3.588526,0.508957
g0859,g0859.mp3,7.131375,3,2,4.3078,5.324172,1.016372
g0860,g0860.mp3,6.7395,3,0,0.0,1.02424,1.02424
g0860,g0860.mp3,6.7395,3,1,3.00288,3.516395,0.513515
g0860,g0860.mp3,6.7395,3,2,4.099637,5.140998,1.041361
g0861,g0861.mp3,7.444875,3,0,0.0,1.02424,1.02424
g0861,g0861.mp3,7.444875,3,1,2.909433,3.42873,0.519297
g0861,g0861.mp3,7.444875,3,2,4.379342,5.395488,1.016145
g0862,g0862.mp3,7.941125,4,0,0.0,1.061995,1.061995
g0862,g0862.mp3,7.941125,4,1,2.14195,2.284649,0.142698
g0862,g0862.mp3,7.941125,4,2,3.225011,3.837234,0.612222
g0862,g0862.mp3,7.941125,4,3,4.860091,5.883855,1.023764
g0863,g0863.mp3,7.026875,4,0,0.0,1.03771,1.03771
g0863,g0863.mp3,7.026875,4,1,2.042381,2.170363,0.127982
g0863,g0863.mp3,7.026875,4,2,3.114399,3.670295,0.555896
g0863,g0863.mp3,7.026875,4,3,4.308005,5.347778,1.039773
g0864,g0864.mp3,7.549375,3,0,0.0,1.037982,1.037982
g0864,g0864.mp3,7.549375,3,1,3.100726,3.619501,0.518776
g0864,g0864.mp3,7.549375,3,2,4.577347,5.602494,1.025147
g0865,g0865.mp3,8.150125,3,0,0.0,1.027143,1.027143
g0865,g0865.mp3,8.150125,3,1,3.297891,3.808254,0.510363
g0865,g0865.mp3,8.150125,3,2,4.89288,5.950975,1.058095
g0866,g0866.mp3,8.568125,3,0,0.0,1.035125,1.035125
g0866,g0866.mp3,8.568125,3,1,3.204399,3.730816,0.526417
g0866,g0866.mp3,8.568125,3,2,5.128844,6.165351,1.036508
g0867,g0867.mp3,7.340375,3,0,0.0,1.053583,1.053583
g0867,g0867.mp3,7.340375,3,1,3.033719,3.563447,0.529728
g0867,g0867.mp3,7.340375,3,2,4.414376,5.446145,1.031769
g0868,g0868.mp3,6.974625,3,0,0.0,1.048912,1.048912
g0868,g0868.mp3,6.974625,3,1,2.845057,3.359229,0.514172
g0868,g0868.mp3,6.974625,3,2,4.166961,5.185601,1.018639
g0869,g0869.mp3,6.68725,3,0,0.0,1.024671,1.024671
g0869,g0869.mp3,6.68725,3,1,3.021066,3.55517,0.534104
g0869,g0869.mp3,6.68725,3,2,4.076395,5.102721,1.026327
g0870,g0870.mp3,6.7395,3,0,0.0,1.031293,1.031293
g0870,g0870.mp3,6.7395,3,1,2.638073,3.148549,0.510476
g0870,g0870.mp3,6.7395,3,2,3.911542,4.935941,1.024399
g0871,g0871.mp3,7.601625,3,0,0.0,1.034354,1.034354
g0871,g0871.mp3,7.601625,3,1,3.088889,3.61576,0.526871
g0871,g0871.mp3,7.601625,3,2,4.587234,5.623333,1.0361
g0872,g0872.mp3,7.262,3,0,0.0,1.037143,1.037143
g0872,g0872.mp3,7.262,3,1,3.060839,3.584853,0.524014
g0872,g0872.mp3,7.262,3,2,4.344989,5.368639,1.023651
g0873,g0873.mp3,7.31425,3,0,0.0,1.028639,1.028639
g0873,g0873.mp3,7.31425,3,1,3.073628,3.586984,0.513356
g0873,g0873.mp3,7.31425,3,2,4.417211,5.443764,1.026553
g0874,g0874.mp3,7.20975,3,0,0.0,1.048277,1.048277
g0874,g0874.mp3,7.20975,3,1,3.182834,3.695737,0.512902
g0874,g0874.mp3,7.20975,3,2,4.425079,5.446327,1.021247
g0875,g0875.mp3,7.235875,3,0,0.0,1.038277,1.038277
g0875,g0875.mp3,7.235875,3,1,3.137392,3.658594,0.521202
g0875,g0875.mp3,7.235875,3,2,4.431202,5.437234,1.006032
g0876,g0876.mp3,7.3665,3,0,0.0,1.037029,1.037029
g0876,g0876.mp3,7.3665,3,1,3.253288,3.781451,0.528163
g0876,g0876.mp3,7.3665,3,2,4.521156,5.565782,1.044626
g0877,g0877.mp3,7.262,3,0,0.0,1.045578,1.045578
g0877,g0877.mp3,7.262,3,1,3.084785,3.609365,0.52458
g0877,g0877.mp3,7.262,3,2,4.386825,5.437891,1.051066
g0878,g0878.mp3,6.608875,3,0,0.0,1.031814,1.031814
g0878,g0878.mp3,6.608875,3,1,2.82576,3.391995,0.566236
g0878,g0878.mp3,6.608875,3,2,3.977324,5.010408,1.033084
g0879,g0879.mp3,7.340375,3,0,0.0,1.034104,1.034104
g0879,g0879.mp3,7.340375,3,1,3.171746,3.680522,0.508776
g0879,g0879.mp3,7.340375,3,2,4.487687,5.515918,1.028231
g0880,g0880.mp3,8.124,3,0,0.0,1.05644,1.05644
g0880,g0880.mp3,8.124,3,1,3.290408,4.343152,1.052744
g0880,g0880.mp3,8.124,3,2,5.164921,6.206304,1.041383
g0881,g0881.mp3,7.601625,3,0,0.0,1.059546,1.059546
g0881,g0881.mp3,7.601625,3,1,3.367846,3.882744,0.514898
g0881,g0881.mp3,7.601625,3,2,4.6922,5.72,1.0278
g0882,g0882.mp3,7.784375,3,0,0.0,1.050091,1.050091
g0882,g0882.mp3,7.784375,3,1,3.284671,4.31644,1.031769
g0882,g0882.mp3,7.784375,3,2,5.033946,6.065057,1.031111
g0883,g0883.mp3,7.62775,3,0,0.0,1.078776,1.078776
g0883,g0883.mp3,7.62775,3,1,3.106553,3.655533,0.54898
g0883,g0883.mp3,7.62775,3,2,4.625986,5.650204,1.024218
g0884,g0884.mp3,8.306875,3,0,0.0,1.038889,1.038889
g0884,g0884.mp3,8.306875,3,1,3.104354,4.108299,1.003946
g0884,g0884.mp3,8.306875,3,2,5.210045,6.211066,1.00102
g0885,g0885.mp3,7.079125,3,0,0.0,1.024172,1.024172
g0885,g0885.mp3,7.079125,3,1,3.310567,4.309751,0.999184
g0885,g0885.mp3,7.079125,3,2,5.175533,6.175488,0.999955
g0886,g0886.mp3,8.6465,3,0,0.0,1.024059,1.024059
g0886,g0886.mp3,8.6465,3,1,3.260703,3.801837,0.541134
g0886,g0886.mp3,8.6465,3,2,5.259274,6.27,1.010726
g0887,g0887.mp3,7.732125,3,0,0.0,1.030385,1.030385
g0887,g0887.mp3,7.732125,3,1,3.019796,4.044739,1.024943
g0887,g0887.mp3,7.732125,3,2,4.87424,5.907211,1.032971
g0888,g0888.mp3,8.0195,3,0,0.0,1.074308,1.074308
g0888,g0888.mp3,8.0195,3,1,2.99034,4.029184,1.038844
g0888,g0888.mp3,8.0195,3,2,5.006961,6.035329,1.028367
g0889,g0889.mp3,7.549375,3,0,0.0,1.052902,1.052902
g0889,g0889.mp3,7.549375,3,1,3.171361,3.707506,0.536145
g0889,g0889.mp3,7.549375,3,2,4.59288,5.605918,1.013039
g0890,g0890.mp3,7.392625,3,0,0.0,1.041406,1.041406
g0890,g0890.mp3,7.392625,3,1,2.812449,3.355646,0.543197
g0890,g0890.mp3,7.392625,3,2,4.36195,5.391905,1.029955
g0891,g0891.mp3,6.7395,3,0,0.0,1.05,1.05
g0891,g0891.mp3,6.7395,3,1,3.101202,3.617438,0.516236
g0891,g0891.mp3,6.7395,3,2,4.127324,5.164535,1.037211
g0892,g0892.mp3,7.1575,3,0,0.0,1.026803,1.026803
g0892,g0892.mp3,7.1575,3,1,3.10542,3.614717,0.509297
g0892,g0892.mp3,7.1575,3,2,4.312494,5.351927,1.039433
g0893,g0893.mp3,7.62775,3,0,0.0,1.030431,1.030431
g0893,g0893.mp3,7.62775,3,1,3.228322,3.747959,0.519637
g0893,g0893.mp3,7.62775,3,2,4.654399,5.693787,1.039388
g0894,g0894.mp3,7.31425,3,0,0.0,1.039524,1.039524
g0894,g0894.mp3,7.31425,3,1,3.050612,3.560113,0.509501
g0894,g0894.mp3,7.31425,3,2,4.375102,5.394218,1.019116
g0895,g0895.mp3,7.497125,3,0,0.0,1.040794,1.040794
g0895,g0895.mp3,7.497125,3,1,3.083537,3.612971,0.529433
g0895,g0895.mp3,7.497125,3,2,4.51932,5.554127,1.034807
g0896,g0896.mp3,7.31425,3,0,0.0,1.058322,1.058322
g0896,g0896.mp3,7.31425,3,1,3.442676,3.966916,0.52424
g0896,g0896.mp3,7.31425,3,2,4.595578,5.619501,1.023923
g0897,g0897.mp3,7.549375,3,0,0.0,1.0522,1.0522
g0897,g0897.mp3,7.549375,3,1,3.145578,3.685193,0.539615
g0897,g0897.mp3,7.549375,3,2,4.563084,5.609274,1.04619
g0898,g0898.mp3,7.183625,3,0,0.0,1.03898,1.03898
g0898,g0898.mp3,7.183625,3,1,2.946122,3.474717,0.528594
g0898,g0898.mp3,7.183625,3,2,4.31356,5.350703,1.037143
g0899,g0899.mp3,7.20975,3,0,0.0,1.036009,1.036009
g0899,g0899.mp3,7.20975,3,1,3.232109,3.739773,0.507664
g0899,g0899.mp3,7.20975,3,2,4.410544,5.420567,1.010023
g0900,g0900.mp3,6.9485,3,0,0.0,1.042789,1.042789
g0900,g0900.mp3,6.9485,3,1,3.029819,3.528912,0.499093
g0900,g0900.mp3,6.9485,3,2,4.168163,5.196032,1.027868
g0901,g0901.mp3,7.026875,3,0,0.0,1.025714,1.025714
g0901,g0901.mp3,7.026875,3,1,2.983991,3.514875,0.530884
g0901,g0901.mp3,7.026875,3,2,4.219615,5.24288,1.023265
g0902,g0902.mp3,6.817875,3,0,0.0,1.043197,1.043197
g0902,g0902.mp3,6.817875,3,1,3.090635,3.591587,0.500952
g0902,g0902.mp3,6.817875,3,2,4.165669,5.175442,1.009773
g0903,g0903.mp3,7.86275,3,0,0.0,1.046259,1.046259
g0903,g0903.mp3,7.86275,3,1,3.44458,3.976757,0.532177
g0903,g0903.mp3,7.86275,3,2,4.914036,5.934603,1.020567
g0904,g0904.mp3,6.870125,3,0,0.0,1.047483,1.047483
g0904,g0904.mp3,6.870125,3,1,3.118299,3.632063,0.513764
g0904,g0904.mp3,6.870125,3,2,4.221678,5.234263,1.012585
g0905,g0905.mp3,7.288125,3,0,0.0,1.025147,1.025147
g0905,g0905.mp3,7.288125,3,1,3.418005,4.418073,1.000068
g0905,g0905.mp3,7.288125,3,2,5.420771,6.420771,1.0
g0906,g0906.mp3,6.713375,3,0,0.0,1.041179,1.041179
g0906,g0906.mp3,6.713375,3,1,3.1639,3.65517,0.49127
g0906,g0906.mp3,6.713375,3,2,4.156644,5.184603,1.027959
g0907,g0907.mp3,7.601625,3,0,0.0,1.047052,1.047052
g0907,g0907.mp3,7.601625,3,1,2.970045,3.981474,1.011429
g0907,g0907.mp3,7.601625,3,2,4.728844,5.739705,1.010862
g0908,g0908.mp3,7.053,3,0,0.0,1.039342,1.039342
g0908,g0908.mp3,7.053,3,1,2.979592,3.533243,0.553651
g0908,g0908.mp3,7.053,3,2,4.217596,5.24068,1.023084
g0909,g0909.mp3,8.150125,3,0,0.0,1.027075,1.027075
g0909,g0909.mp3,8.150125,3,1,3.19415,4.233741,1.039592
g0909,g0909.mp3,8.150125,3,2,5.132562,6.139365,1.006803
g0910,g0910.mp3,7.549375,3,0,0.0,1.060612,1.060612
g0910,g0910.mp3,7.549375,3,1,3.101224,3.627392,0.526168
g0910,g0910.mp3,7.549375,3,2,4.547778,5.567029,1.019252
g0911,g0911.mp3,6.713375,3,0,0.0,1.061882,1.061882
g0911,g0911.mp3,6.713375,3,1,3.019592,3.524263,0.504671
g0911,g0911.mp3,6.713375,3,2,4.070771,5.098118,1.027347
g0912,g0912.mp3,7.549375,3,0,0.0,1.028844,1.028844
g0912,g0912.mp3,7.549375,3,1,3.20229,3.729841,0.527551
g0912,g0912.mp3,7.549375,3,2,4.571066,5.595011,1.023946
g0913,g0913.mp3,7.053,3,0,0.0,1.031111,1.031111
g0913,g0913.mp3,7.053,3,1,3.26873,3.779864,0.511134
g0913,g0913.mp3,7.053,3,2,4.3978,5.41483,1.017029
g0914,g0914.mp3,7.836625,3,0,0.0,1.045306,1.045306
g0914,g0914.mp3,7.836625,3,1,3.377914,3.898639,0.520726
g0914,g0914.mp3,7.836625,3,2,4.819955,5.834104,1.01415
g0915,g0915.mp3,7.888875,3,0,0.0,1.040635,1.040635
g0915,g0915.mp3,7.888875,3,1,3.407098,3.931247,0.52415
g0915,g0915.mp3,7.888875,3,2,4.842109,5.866032,1.023923
g0916,g0916.mp3,7.3665,3,0,0.0,1.060476,1.060476
g0916,g0916.mp3,7.3665,3,1,3.418186,3.948435,0.530249
g0916,g0916.mp3,7.3665,3,2,4.547415,5.583288,1.035873
g0917,g0917.mp3,7.653875,3,0,0.0,1.051769,1.051769
g0917,g0917.mp3,7.653875,3,1,3.379025,3.890385,0.511361
g0917,g0917.mp3,7.653875,3,2,4.788254,5.792812,1.004558
g0918,g0918.mp3,8.542,3,0,0.0,1.068005,1.068005
g0918,g0918.mp3,8.542,3,1,3.126395,3.67737,0.550975
g0918,g0918.mp3,8.542,3,2,5.04898,6.071791,1.022812
g0919,g0919.mp3,7.62775,3,0,0.0,1.064376,1.064376
g0919,g0919.mp3,7.62775,3,1,3.322857,3.831474,0.508617
g0919,g0919.mp3,7.62775,3,2,4.69483,5.723016,1.028186
g0920,g0920.mp3,7.235875,3,0,0.0,1.024308,1.024308
g0920,g0920.mp3,7.235875,3,1,2.973923,3.974059,1.000136
g0920,g0920.mp3,7.235875,3,2,5.094263,6.09424,0.999977
g0921,g0921.mp3,7.784375,3,0,0.0,1.024649,1.024649
g0921,g0921.mp3,7.784375,3,1,3.135102,3.69932,0.564218
g0921,g0921.mp3,7.784375,3,2,4.616553,5.637732,1.021179
g0922,g0922.mp3,7.31425,3,0,0.0,1.031429,1.031429
g0922,g0922.mp3,7.31425,3,1,3.304399,3.828458,0.524059
g0922,g0922.mp3,7.31425,3,2,4.543129,5.564014,1.020884
g0923,g0923.mp3,8.17625,3,0,0.0,1.022676,1.022676
g0923,g0923.mp3,8.17625,3,1,3.766349,4.766372,1.000023
g0923,g0923.mp3,8.17625,3,2,5.956281,6.956304,1.000023
g0924,g0924.mp3,13.71425,6,0,0.0,1.022676,1.022676
g0924,g0924.mp3,13.71425,6,1,3.217778,4.217778,1.0
g0924,g0924.mp3,13.71425,6,2,5.496259,6.496213,0.999955
g0924,g0924.mp3,13.71425,6,3,7.860113,8.345896,0.485782
g0924,g0924.mp3,13.71425,6,4,9.409546,10.408594,0.999048
g0924,g0924.mp3,13.71425,6,5,11.557392,12.557347,0.999955
g0925,g0925.mp3,7.00075,3,0,0.0,1.024717,1.024717
g0925,g0925.mp3,7.00075,3,1,3.141973,3.645465,0.503492
g0925,g0925.mp3,7.00075,3,2,4.2678,5.29195,1.02415
g0926,g0926.mp3,7.601625,3,0,0.0,1.036576,1.036576
g0926,g0926.mp3,7.601625,3,1,3.338912,3.869977,0.531066
g0926,g0926.mp3,7.601625,3,2,4.708753,5.72093,1.012177
g0927,g0927.mp3,8.150125,3,0,0.0,1.052698,1.052698
g0927,g0927.mp3,8.150125,3,1,3.403311,3.91771,0.514399
g0927,g0927.mp3,8.150125,3,2,4.957007,5.999569,1.042562
g0928,g0928.mp3,7.497125,3,0,0.0,1.035011,1.035011
g0928,g0928.mp3,7.497125,3,1,3.09517,3.607937,0.512766
g0928,g0928.mp3,7.497125,3,2,4.542517,5.555646,1.013129
g0929,g0929.mp3,8.124,3,0,0.0,1.031519,1.031519
g0929,g0929.mp3,8.124,3,1,3.364671,3.88737,0.522698
g0929,g0929.mp3,8.124,3,2,4.970771,5.994399,1.023628
g0930,g0930.mp3,8.38525,3,0,0.0,1.043311,1.043311
g0930,g0930.mp3,8.38525,3,1,3.186735,4.211338,1.024603
g0930,g0930.mp3,8.38525,3,2,5.287755,6.316395,1.028639
g0931,g0931.mp3,7.62775,3,0,0.0,1.049184,1.049184
g0931,g0931.mp3,7.62775,3,1,3.339365,3.843379,0.504014
g0931,g0931.mp3,7.62775,3,2,4.68585,5.65517,0.96932
g0932,g0932.mp3,7.340375,3,0,0.0,1.037098,1.037098
g0932,g0932.mp3,7.340375,3,1,3.073537,3.578821,0.505283
g0932,g0932.mp3,7.340375,3,2,4.413923,5.428889,1.014966
g0933,g0933.mp3,7.471,3,0,0.0,1.058095,1.058095
g0933,g0933.mp3,7.471,3,1,3.010748,3.532132,0.521383
g0933,g0933.mp3,7.471,3,2,4.477052,5.506281,1.029229
g0934,g0934.mp3,7.5755,3,0,0.0,1.036531,1.036531
g0934,g0934.mp3,7.5755,3,1,3.142245,3.67161,0.529365
g0934,g0934.mp3,7.5755,3,2,4.588912,5.622993,1.034082
g0935,g0935.mp3,7.444875,3,0,0.0,1.032313,1.032313
g0935,g0935.mp3,7.444875,3,1,3.134172,3.642041,0.507868
g0935,g0935.mp3,7.444875,3,2,4.519546,5.544694,1.025147
g0936,g0936.mp3,7.444875,3,0,0.0,1.027823,1.027823
g0936,g0936.mp3,7.444875,3,1,3.212653,3.741202,0.528549
g0936,g0936.mp3,7.444875,3,2,4.564172,5.615692,1.051519
g0937,g0937.mp3,7.75825,3,0,0.0,1.031723,1.031723
g0937,g0937.mp3,7.75825,3,1,3.151655,3.666304,0.514649
g0937,g0937.mp3,7.75825,3,2,4.697528,5.723424,1.025896
g0938,g0938.mp3,7.131375,3,0,0.0,1.039683,1.039683
g0938,g0938.mp3,7.131375,3,1,2.934558,3.441701,0.507143
g0938,g0938.mp3,7.131375,3,2,4.266077,5.2822,1.016122
g0939,g0939.mp3,7.053,3,0,0.0,1.039546,1.039546
g0939,g0939.mp3,7.053,3,1,3.208957,3.723061,0.514104
g0939,g0939.mp3,7.053,3,2,4.364218,5.379887,1.015669
g0940,g0940.mp3,6.7395,3,0,0.0,1.045941,1.045941
g0940,g0940.mp3,6.7395,3,1,2.805306,3.315805,0.510499
g0940,g0940.mp3,6.7395,3,2,3.995805,5.01746,1.021655
g0941,g0941.mp3,7.1575,3,0,0.0,1.021497,1.021497
g0941,g0941.mp3,7.1575,3,1,3.449252,4.449252,1.0
g0941,g0941.mp3,7.1575,3,2,5.358118,6.358413,1.000295
g0942,g0942.mp3,7.00075,3,0,0.0,1.052744,1.052744
g0942,g0942.mp3,7.00075,3,1,2.96932,3.499025,0.529705
g0942,g0942.mp3,7.00075,3,2,4.216961,5.236349,1.019388
g0943,g0943.mp3,7.262,3,0,0.0,1.03356,1.03356
g0943,g0943.mp3,7.262,3,1,3.204785,3.702517,0.497732
g0943,g0943.mp3,7.262,3,2,4.441633,5.456599,1.014966
g0944,g0944.mp3,7.784375,3,0,0.0,1.058186,1.058186
g0944,g0944.mp3,7.784375,3,1,3.219524,3.7522,0.532676
g0944,g0944.mp3,7.784375,3,2,4.729025,5.760045,1.03102
g0945,g0945.mp3,7.52325,3,0,0.0,1.038254,1.038254
g0945,g0945.mp3,7.52325,3,1,3.161837,3.686463,0.524626
g0945,g0945.mp3,7.52325,3,2,4.576463,5.602177,1.025714
g0946,g0946.mp3,7.20975,3,0,0.0,1.037959,1.037959
g0946,g0946.mp3,7.20975,3,1,3.203379,3.723469,0.520091
g0946,g0946.mp3,7.20975,3,2,4.438821,5.459977,1.021156
g0947,g0947.mp3,7.62775,3,0,0.0,1.041088,1.041088
g0947,g0947.mp3,7.62775,3,1,3.130839,3.651995,0.521156
g0947,g0947.mp3,7.62775,3,2,4.627188,5.6461,1.018912
g0948,g0948.mp3,7.053,3,0,0.0,1.025034,1.025034
g0948,g0948.mp3,7.053,3,1,3.500771,4.500748,0.999977
g0948,g0948.mp3,7.053,3,2,5.258231,6.258231,1.0
g0949,g0949.mp3,7.288125,3,0,0.0,1.035102,1.035102
g0949,g0949.mp3,7.288125,3,1,3.046871,3.559274,0.512404
g0949,g0949.mp3,7.288125,3,2,4.426168,5.467029,1.040862
g0950,g0950.mp3,6.922375,3,0,0.0,1.031859,1.031859
g0950,g0950.mp3,6.922375,3,1,2.853447,3.3539,0.500454
g0950,g0950.mp3,6.922375,3,2,4.127483,5.149138,1.021655
g0951,g0951.mp3,7.52325,3,0,0.0,1.031859,1.031859
g0951,g0951.mp3,7.52325,3,1,3.119116,3.638095,0.51898
g0951,g0951.mp3,7.52325,3,2,4.550522,5.570204,1.019683
g0952,g0952.mp3,7.235875,3,0,0.0,1.047392,1.047392
g0952,g0952.mp3,7.235875,3,1,3.034807,3.539773,0.504966
g0952,g0952.mp3,7.235875,3,2,4.367483,5.412857,1.045374
g0953,g0953.mp3,7.183625,3,0,0.0,1.024286,1.024286
g0953,g0953.mp3,7.183625,3,1,2.991587,3.511224,0.519637
g0953,g0953.mp3,7.183625,3,2,4.260249,5.277483,1.017234
g0954,g0954.mp3,7.86275,3,0,0.0,1.033129,1.033129
g0954,g0954.mp3,7.86275,3,1,3.267098,3.82415,0.557052
g0954,g0954.mp3,7.86275,3,2,4.786213,5.807937,1.021723
g0955,g0955.mp3,14.393375,6,0,0.0,1.025011,1.025011
g0955,g0955.mp3,14.393375,6,1,3.801202,4.801156,0.999955
g0955,g0955.mp3,14.393375,6,2,5.574535,6.574603,1.000068
g0955,g0955.mp3,14.393375,6,3,7.391565,7.87059,0.479025
g0955,g0955.mp3,14.393375,6,4,10.704762,11.704739,0.999977
g0955,g0955.mp3,14.393375,6,5,12.552154,13.552222,1.000068
g0956,g0956.mp3,13.792625,6,0,0.0,1.025079,1.025079
g0956,g0956.mp3,13.792625,6,1,3.37161,4.37161,1.0
g0956,g0956.mp3,13.792625,6,2,5.142132,6.142132,1.0
g0956,g0956.mp3,13.792625,6,3,6.97644,7.469955,0.493515
g0956,g0956.mp3,13.792625,6,4,10.273741,11.273719,0.999977
g0956,g0956.mp3,13.792625,6,5,12.072857,13.073469,1.000612
g0957,g0957.mp3,7.053,3,0,0.0,1.024603,1.024603
g0957,g0957.mp3,7.053,3,1,3.053197,3.586825,0.533628
g0957,g0957.mp3,7.053,3,2,4.279252,5.300476,1.021224
g0958,g0958.mp3,7.68,3,0,0.0,1.027143,1.027143
g0958,g0958.mp3,7.68,3,1,3.10873,3.629274,0.520544
g0958,g0958.mp3,7.68,3,2,4.619501,5.62458,1.005079
g0959,g0959.mp3,7.52325,3,0,0.0,1.052585,1.052585
g0959,g0959.mp3,7.52325,3,1,3.190726,3.700567,0.509841
g0959,g0959.mp3,7.52325,3,2,4.58619,5.591338,1.005147
g0960,g0960.mp3,7.079125,3,0,0.0,1.027166,1.027166
g0960,g0960.mp3,7.079125,3,1,3.033152,3.551429,0.518277
g0960,g0960.mp3,7.079125,3,2,4.275986,5.306599,1.030612
g0961,g0961.mp3,7.888875,3,0,0.0,1.024785,1.024785
g0961,g0961.mp3,7.888875,3,1,3.508118,4.508118,1.0
g0961,g0961.mp3,7.888875,3,2,5.713878,6.714263,1.000385
g0962,g0962.mp3,7.653875,3,0,0.0,1.044921,1.044921
g0962,g0962.mp3,7.653875,3,1,3.17941,3.730499,0.551088
g0962,g0962.mp3,7.653875,3,2,4.620204,5.675147,1.054943
g0963,g0963.mp3,7.915,3,0,0.0,1.046372,1.046372
g0963,g0963.mp3,7.915,3,1,3.600771,4.116803,0.516032
g0963,g0963.mp3,7.915,3,2,5.021066,6.034376,1.013311
g0964,g0964.mp3,7.3665,3,0,0.0,1.024444,1.024444
g0964,g0964.mp3,7.3665,3,1,3.5022,4.502245,1.000045
g0964,g0964.mp3,7.3665,3,2,5.470045,6.470136,1.000091
g0965,g0965.mp3,7.915,3,0,0.0,1.067937,1.067937
g0965,g0965.mp3,7.915,3,1,3.53195,4.075646,0.543696
g0965,g0965.mp3,7.915,3,2,4.975737,5.999751,1.024014
g0966,g0966.mp3,7.3665,3,0,0.0,1.023333,1.023333
g0966,g0966.mp3,7.3665,3,1,3.432562,4.432562,1.0
g0966,g0966.mp3,7.3665,3,2,5.394649,6.394671,1.000023
g0967,g0967.mp3,7.8105,3,0,0.0,1.043401,1.043401
g0967,g0967.mp3,7.8105,3,1,3.592585,4.134671,0.542086
g0967,g0967.mp3,7.8105,3,2,4.943628,5.948776,1.005147
g0968,g0968.mp3,7.053,3,0,0.0,1.037664,1.037664
g0968,g0968.mp3,7.053,3,1,3.483855,4.010431,0.526576
g0968,g0968.mp3,7.053,3,2,4.508912,5.514127,1.005215
g0969,g0969.mp3,8.568125,3,0,0.0,1.049977,1.049977
g0969,g0969.mp3,8.568125,3,1,3.949433,4.510159,0.560726
g0969,g0969.mp3,8.568125,3,2,5.499206,6.526327,1.02712
g0970,g0970.mp3,6.9485,3,0,0.0,1.047642,1.047642
g0970,g0970.mp3,6.9485,3,1,3.439433,3.975488,0.536054
g0970,g0970.mp3,6.9485,3,2,4.410884,5.448889,1.038005
g0971,g0971.mp3,7.549375,3,0,0.0,1.029705,1.029705
g0971,g0971.mp3,7.549375,3,1,3.64542,4.187619,0.5422
g0971,g0971.mp3,7.549375,3,2,4.820862,5.853537,1.032676
g0972,g0972.mp3,7.96725,3,0,0.0,1.027982,1.027982
g0972,g0972.mp3,7.96725,3,1,3.809093,4.328798,0.519705
g0972,g0972.mp3,7.96725,3,2,5.095034,6.115397,1.020363
g0973,g0973.mp3,7.8105,3,0,0.0,1.025714,1.025714
g0973,g0973.mp3,7.8105,3,1,3.457778,3.992404,0.534626
g0973,g0973.mp3,7.8105,3,2,4.878458,5.90195,1.023492
g0974,g0974.mp3,8.0195,3,0,0.0,1.032494,1.032494
g0974,g0974.mp3,8.0195,3,1,3.545692,4.061791,0.5161
g0974,g0974.mp3,8.0195,3,2,4.993265,6.017075,1.02381
g0975,g0975.mp3,7.993375,3,0,0.0,1.02941,1.02941
g0975,g0975.mp3,7.993375,3,1,3.541565,4.563311,1.021746
g0975,g0975.mp3,7.993375,3,2,5.215488,6.226553,1.011066
g0976,g0976.mp3,7.392625,3,0,0.0,1.037823,1.037823
g0976,g0976.mp3,7.392625,3,1,3.395034,3.910771,0.515737
g0976,g0976.mp3,7.392625,3,2,4.597347,5.64932,1.051973
g0977,g0977.mp3,6.912375,3,0,0.0,1.04746,1.04746
g0977,g0977.mp3,6.912375,3,1,3.876825,4.357211,0.480385
g0977,g0977.mp3,6.912375,3,2,5.096689,6.096984,1.000295
g0978,g0978.mp3,7.3665,3,0,0.0,1.058662,1.058662
g0978,g0978.mp3,7.3665,3,1,3.343946,3.87415,0.530204
g0978,g0978.mp3,7.3665,3,2,4.56551,5.596576,1.031066
g0979,g0979.mp3,7.497125,3,0,0.0,1.05,1.05
g0979,g0979.mp3,7.497125,3,1,3.493401,4.019841,0.52644
g0979,g0979.mp3,7.497125,3,2,4.701995,5.752336,1.05034
g0980,g0980.mp3,7.079125,3,0,0.0,1.04127,1.04127
g0980,g0980.mp3,7.079125,3,1,3.306757,3.822449,0.515692
g0980,g0980.mp3,7.079125,3,2,4.408798,5.45195,1.043152
g0981,g0981.mp3,7.52325,3,0,0.0,1.049819,1.049819
g0981,g0981.mp3,7.52325,3,1,3.287664,3.831179,0.543515
g0981,g0981.mp3,7.52325,3,2,4.622608,5.673152,1.050544
g0982,g0982.mp3,8.333,3,0,0.0,1.061066,1.061066
g0982,g0982.mp3,8.333,3,1,3.702721,4.241474,0.538753
g0982,g0982.mp3,8.333,3,2,5.274104,6.297188,1.023084
g0983,g0983.mp3,8.17625,3,0,0.0,1.047959,1.047959
g0983,g0983.mp3,8.17625,3,1,3.663673,4.186939,0.523265
g0983,g0983.mp3,8.17625,3,2,5.135578,6.182086,1.046508
g0984,g0984.mp3,7.3665,3,0,0.0,1.051066,1.051066
g0984,g0984.mp3,7.3665,3,1,3.641111,4.169025,0.527914
g0984,g0984.mp3,7.3665,3,2,4.767823,5.792698,1.024875
g0985,g0985.mp3,7.732125,3,0,0.0,1.037574,1.037574
g0985,g0985.mp3,7.732125,3,1,3.659932,4.1778,0.517868
g0985,g0985.mp3,7.732125,3,2,4.92941,5.930522,1.001111
g0986,g0986.mp3,8.07175,3,0,0.0,1.065669,1.065669
g0986,g0986.mp3,8.07175,3,1,3.947438,4.452948,0.50551
g0986,g0986.mp3,8.07175,3,2,5.220317,6.268322,1.048005
g0987,g0987.mp3,7.601625,3,0,0.0,1.046009,1.046009
g0987,g0987.mp3,7.601625,3,1,3.231905,3.759206,0.527302
g0987,g0987.mp3,7.601625,3,2,4.583583,5.626621,1.043039
g0988,g0988.mp3,7.3665,3,0,0.0,1.035125,1.035125
g0988,g0988.mp3,7.3665,3,1,3.19576,3.708209,0.512449
g0988,g0988.mp3,7.3665,3,2,4.470998,5.502358,1.031361
g0989,g0989.mp3,8.28075,3,0,0.0,1.047392,1.047392
g0989,g0989.mp3,8.28075,3,1,3.731179,4.273288,0.542109
g0989,g0989.mp3,8.28075,3,2,5.225488,6.290499,1.065011
g0990,g0990.mp3,6.608875,3,0,0.0,1.045896,1.045896
g0990,g0990.mp3,6.608875,3,1,3.14254,3.657007,0.514467
g0990,g0990.mp3,6.608875,3,2,4.081678,5.112585,1.030907
g0991,g0991.mp3,6.844,3,0,0.0,1.042063,1.042063
g0991,g0991.mp3,6.844,3,1,3.306054,3.822585,0.516531
g0991,g0991.mp3,6.844,3,2,4.333243,5.354286,1.021043
g0992,g0992.mp3,7.86275,3,0,0.0,1.041134,1.041134
g0992,g0992.mp3,7.86275,3,1,3.556236,4.101497,0.545261
g0992,g0992.mp3,7.86275,3,2,4.936553,5.96458,1.028027
g0993,g0993.mp3,8.411375,3,0,0.0,1.026304,1.026304
g0993,g0993.mp3,8.411375,3,1,3.481111,3.998141,0.517029
g0993,g0993.mp3,8.411375,3,2,5.184898,6.213469,1.028571
g0994,g0994.mp3,7.471,3,0,0.0,1.038299,1.038299
g0994,g0994.mp3,7.471,3,1,3.601859,4.108095,0.506236
g0994,g0994.mp3,7.471,3,2,4.715578,5.751859,1.036281
g0995,g0995.mp3,7.3665,3,0,0.0,1.029274,1.029274
g0995,g0995.mp3,7.3665,3,1,3.62161,4.150862,0.529252
g0995,g0995.mp3,7.3665,3,2,4.695533,5.710408,1.014875
g0996,g0996.mp3,7.96725,3,0,0.0,1.050385,1.050385
g0996,g0996.mp3,7.96725,3,1,3.740227,4.258707,0.518481
g0996,g0996.mp3,7.96725,3,2,5.088685,6.099048,1.010363
g0997,g0997.mp3,7.706,3,0,0.0,1.036304,1.036304
g0997,g0997.mp3,7.706,3,1,3.557937,4.073016,0.515079
g0997,g0997.mp3,7.706,3,2,4.840794,5.879977,1.039184
g0998,g0998.mp3,7.8105,3,0,0.0,1.034218,1.034218
g0998,g0998.mp3,7.8105,3,1,3.450658,3.959728,0.50907
g0998,g0998.mp3,7.8105,3,2,4.866871,5.888231,1.021361
g0999,g0999.mp3,8.306875,3,0,0.0,1.048617,1.048617
g0999,g0999.mp3,8.306875,3,1,3.927551,4.432154,0.504603
g0999,g0999.mp3,8.306875,3,2,5.33059,6.353923,1.023333
g1000,g1000.mp3,7.183625,3,0,0.0,1.036712,1.036712
g1000,g1000.mp3,7.183625,3,1,3.477846,3.984467,0.506621
g1000,g1000.mp3,7.183625,3,2,4.554399,5.574263,1.019864
g1001,g1001.mp3,8.411375,3,0,0.0,1.061746,1.061746
g1001,g1001.mp3,8.411375,3,1,4.31068,4.83907,0.52839
g1001,g1001.mp3,8.411375,3,2,5.616984,6.634626,1.017642
g1002,g1002.mp3,7.549375,3,0,0.0,1.046893,1.046893
g1002,g1002.mp3,7.549375,3,1,3.521088,4.040113,0.519025
g1002,g1002.mp3,7.549375,3,2,4.763787,5.783946,1.020159
g1003,g1003.mp3,7.5915,3,0,0.0,1.069161,1.069161
g1003,g1003.mp3,7.5915,3,1,3.531927,4.028934,0.497007
g1003,g1003.mp3,7.5915,3,2,4.810295,5.810794,1.000499
g1004,g1004.mp3,8.411375,3,0,0.0,1.036984,1.036984
g1004,g1004.mp3,8.411375,3,1,3.761542,4.290454,0.528912
g1004,g1004.mp3,8.411375,3,2,5.300703,6.326077,1.025374
g1005,g1005.mp3,7.915,3,0,0.0,1.046599,1.046599
g1005,g1005.mp3,7.915,3,1,3.606644,4.127664,0.52102
g1005,g1005.mp3,7.915,3,2,4.92483,5.955737,1.030907
g1006,g1006.mp3,7.471,3,0,0.0,1.034853,1.034853
g1006,g1006.mp3,7.471,3,1,3.6861,4.215896,0.529796
g1006,g1006.mp3,7.471,3,2,4.83585,5.885737,1.049887
g1007,g1007.mp3,7.601625,3,0,0.0,1.040975,1.040975
g1007,g1007.mp3,7.601625,3,1,3.461769,4.010975,0.549206
g1007,g1007.mp3,7.601625,3,2,4.765125,5.78449,1.019365
g1008,g1008.mp3,7.497125,3,0,0.0,1.05102,1.05102
g1008,g1008.mp3,7.497125,3,1,3.480227,4.004626,0.524399
g1008,g1008.mp3,7.497125,3,2,4.691043,5.733061,1.042018
g1009,g1009.mp3,7.784375,3,0,0.0,1.045556,1.045556
g1009,g1009.mp3,7.784375,3,1,3.547914,4.057846,0.509932
g1009,g1009.mp3,7.784375,3,2,4.937188,5.846122,0.908934
g1010,g1010.mp3,8.124,3,0,0.0,1.03644,1.03644
g1010,g1010.mp3,8.124,3,1,3.57,4.105556,0.535556
g1010,g1010.mp3,8.124,3,2,5.112449,6.132698,1.020249
g1011,g1011.mp3,7.8105,3,0,0.0,1.026621,1.026621
g1011,g1011.mp3,7.8105,3,1,3.761814,4.275193,0.513379
g1011,g1011.mp3,7.8105,3,2,4.969841,5.99619,1.026349
g1012,g1012.mp3,7.392625,3,0,0.0,1.041882,1.041882
g1012,g1012.mp3,7.392625,3,1,3.544898,4.057937,0.513039
g1012,g1012.mp3,7.392625,3,2,4.689184,5.716576,1.027392
g1013,g1013.mp3,7.784375,3,0,0.0,1.067596,1.067596
g1013,g1013.mp3,7.784375,3,1,3.962812,4.494512,0.531701
g1013,g1013.mp3,7.784375,3,2,5.099637,6.135488,1.03585
g1014,g1014.mp3,7.62775,3,0,0.0,1.059048,1.059048
g1014,g1014.mp3,7.62775,3,1,3.787279,4.331111,0.543832
g1014,g1014.mp3,7.62775,3,2,4.915442,5.937052,1.02161
g1015,g1015.mp3,7.86275,3,0,0.0,1.025873,1.025873
g1015,g1015.mp3,7.86275,3,1,3.688254,4.227619,0.539365
g1015,g1015.mp3,7.86275,3,2,4.971859,5.985941,1.014082
g1016,g1016.mp3,7.52325,3,0,0.0,1.035805,1.035805
g1016,g1016.mp3,7.52325,3,1,3.824399,4.374966,0.550567
g1016,g1016.mp3,7.52325,3,2,4.894286,5.933447,1.039161
g1017,g1017.mp3,8.097875,3,0,0.0,1.071134,1.071134
g1017,g1017.mp3,8.097875,3,1,3.84966,4.373673,0.524014
g1017,g1017.mp3,8.097875,3,2,5.187483,6.220249,1.032766
g1018,g1018.mp3,7.888875,3,0,0.0,1.056508,1.056508
g1018,g1018.mp3,7.888875,3,1,3.630045,4.192426,0.562381
g1018,g1018.mp3,7.888875,3,2,4.992857,6.033288,1.040431
g1019,g1019.mp3,7.86275,3,0,0.0,1.049887,1.049887
g1019,g1019.mp3,7.86275,3,1,3.747506,4.288571,0.541066
g1019,g1019.mp3,7.86275,3,2,5.045624,6.057755,1.012132
g1020,g1020.mp3,8.28075,3,0,0.0,1.043651,1.043651
g1020,g1020.mp3,8.28075,3,1,3.409637,3.949342,0.539705
g1020,g1020.mp3,8.28075,3,2,5.149116,6.156621,1.007506
g1021,g1021.mp3,7.8105,3,0,0.0,1.033605,1.033605
g1021,g1021.mp3,7.8105,3,1,3.622789,4.136508,0.513719
g1021,g1021.mp3,7.8105,3,2,4.923175,5.93619,1.013016
g1022,g1022.mp3,13.426875,6,0,0.0,1.025057,1.025057
g1022,g1022.mp3,13.426875,6,1,3.689955,4.686485,0.996531
g1022,g1022.mp3,13.426875,6,2,5.664218,6.664739,1.000522
g1022,g1022.mp3,13.426875,6,3,7.673016,8.144853,0.471837
g1022,g1022.mp3,13.426875,6,4,9.35941,10.359456,1.000045
g1022,g1022.mp3,13.426875,6,5,11.394104,12.394104,1.0
g1023,g1023.mp3,8.411375,3,0,0.0,1.073696,1.073696
g1023,g1023.mp3,8.411375,3,1,3.663175,4.215011,0.551837
g1023,g1023.mp3,8.411375,3,2,5.213923,6.236236,1.022313
g1024,g1024.mp3,7.96725,3,0,0.0,1.031769,1.031769
g1024,g1024.mp3,7.96725,3,1,3.582245,4.098005,0.51576
g1024,g1024.mp3,7.96725,3,2,4.982336,5.999592,1.017256
g1025,g1025.mp3,7.915,3,0,0.0,1.029297,1.029297
g1025,g1025.mp3,7.915,3,1,3.5739,4.102358,0.528458
g1025,g1025.mp3,7.915,3,2,4.951066,5.988866,1.0378
g1026,g1026.mp3,7.392625,3,0,0.0,1.054717,1.054717
g1026,g1026.mp3,7.392625,3,1,3.673787,4.193537,0.519751
g1026,g1026.mp3,7.392625,3,2,4.720567,5.751973,1.031406
g1027,g1027.mp3,7.993375,3,0,0.0,1.039274,1.039274
g1027,g1027.mp3,7.993375,3,1,3.871723,4.401746,0.530023
g1027,g1027.mp3,7.993375,3,2,5.165125,6.207166,1.042041
g1028,g1028.mp3,7.444875,3,0,0.0,1.038163,1.038163
g1028,g1028.mp3,7.444875,3,1,3.415578,3.933379,0.5178
g1028,g1028.mp3,7.444875,3,2,4.62542,5.652608,1.027188
g1029,g1029.mp3,7.888875,3,0,0.0,1.038481,1.038481
g1029,g1029.mp3,7.888875,3,1,3.511406,4.031587,0.520181
g1029,g1029.mp3,7.888875,3,2,4.932132,5.95229,1.020159
g1030,g1030.mp3,7.915,3,0,0.0,1.04263,1.04263
g1030,g1030.mp3,7.915,3,1,3.301338,3.872948,0.57161
g1030,g1030.mp3,7.915,3,2,4.867415,5.890544,1.023129
g1031,g1031.mp3,7.471,3,0,0.0,1.053628,1.053628
g1031,g1031.mp3,7.471,3,1,3.665896,4.197596,0.531701
g1031,g1031.mp3,7.471,3,2,4.807891,5.828549,1.020658
g1032,g1032.mp3,7.62775,3,0,0.0,1.044898,1.044898
g1032,g1032.mp3,7.62775,3,1,3.6578,4.236168,0.578367
g1032,g1032.mp3,7.62775,3,2,4.889365,5.930272,1.040907
g1033,g1033.mp3,7.31425,3,0,0.0,1.043651,1.043651
g1033,g1033.mp3,7.31425,3,1,3.578594,4.090363,0.511769
g1033,g1033.mp3,7.31425,3,2,4.66229,5.670839,1.008549
g1034,g1034.mp3,8.28075,3,0,0.0,1.02542,1.02542
g1034,g1034.mp3,8.28075,3,1,3.76805,4.281315,0.513265
g1034,g1034.mp3,8.28075,3,2,5.255011,6.279932,1.024921
g1035,g1035.mp3,8.38525,3,0,0.0,1.066281,1.066281
g1035,g1035.mp3,8.38525,3,1,4.09746,4.640454,0.542993
g1035,g1035.mp3,8.38525,3,2,5.452971,6.476712,1.023741
g1036,g1036.mp3,8.097875,3,0,0.0,1.026712,1.026712
g1036,g1036.mp3,8.097875,3,1,3.790113,4.329274,0.539161
g1036,g1036.mp3,8.097875,3,2,5.114308,6.138639,1.024331
g1037,g1037.mp3,7.62775,3,0,0.0,1.053016,1.053016
g1037,g1037.mp3,7.62775,3,1,3.44551,3.968503,0.522993
g1037,g1037.mp3,7.62775,3,2,4.755986,5.774535,1.018549
g1038,g1038.mp3,7.915,3,0,0.0,1.035193,1.035193
g1038,g1038.mp3,7.915,3,1,3.210726,3.750975,0.540249
g1038,g1038.mp3,7.915,3,2,4.755147,5.808889,1.053741
g1039,g1039.mp3,7.941125,3,0,0.0,1.039365,1.039365
g1039,g1039.mp3,7.941125,3,1,3.601542,4.110136,0.508594
g1039,g1039.mp3,7.941125,3,2,5.010794,6.026236,1.015442
g1040,g1040.mp3,7.392625,3,0,0.0,1.055964,1.055964
g1040,g1040.mp3,7.392625,3,1,3.263492,3.782744,0.519252
g1040,g1040.mp3,7.392625,3,2,4.544717,5.557755,1.013039
g1041,g1041.mp3,7.706,3,0,0.0,1.025329,1.025329
g1041,g1041.mp3,7.706,3,1,3.508912,4.005692,0.49678
g1041,g1041.mp3,7.706,3,2,4.808322,5.840975,1.032653
g1042,g1042.mp3,7.96725,3,0,0.0,1.025057,1.025057
g1042,g1042.mp3,7.96725,3,1,3.808707,4.36644,0.557732
g1042,g1042.mp3,7.96725,3,2,5.077619,6.114036,1.036417
g1043,g1043.mp3,8.333,3,0,0.0,1.028639,1.028639
g1043,g1043.mp3,8.333,3,1,3.775374,4.360363,0.584989
g1043,g1043.mp3,8.333,3,2,5.215374,6.274286,1.058912
g1044,g1044.mp3,7.68,3,0,0.0,1.025102,1.025102
g1044,g1044.mp3,7.68,3,1,3.636485,4.1439,0.507415
g1044,g1044.mp3,7.68,3,2,4.821519,5.851565,1.030045
g1045,g1045.mp3,8.124,3,0,0.0,1.060726,1.060726
g1045,g1045.mp3,8.124,3,1,4.207302,4.761406,0.554104
g1045,g1045.mp3,8.124,3,2,5.362857,6.39517,1.032313
g1046,g1046.mp3,9.273375,4,0,0.0,1.068095,1.068095
g1046,g1046.mp3,9.273375,4,1,2.337868,2.550181,0.212313
g1046,g1046.mp3,9.273375,4,2,4.336689,4.891905,0.555215
g1046,g1046.mp3,9.273375,4,3,6.020045,7.061247,1.041202
g1047,g1047.mp3,7.497125,3,0,0.0,1.04551,1.04551
g1047,g1047.mp3,7.497125,3,1,3.743946,4.284717,0.540771
g1047,g1047.mp3,7.497125,3,2,4.802698,5.852449,1.049751
g1048,g1048.mp3,7.497125,3,0,0.0,1.040748,1.040748
g1048,g1048.mp3,7.497125,3,1,3.753356,4.278095,0.524739
g1048,g1048.mp3,7.497125,3,2,4.832993,5.870431,1.037438
g1049,g1049.mp3,8.933875,3,0,0.0,1.016803,1.016803
g1049,g1049.mp3,8.933875,3,1,3.850952,4.389002,0.53805
g1049,g1049.mp3,8.933875,3,2,5.590567,6.551134,0.960567
g1050,g1050.mp3,7.706,3,0,0.0,1.056961,1.056961
g1050,g1050.mp3,7.706,3,1,3.454626,3.96161,0.506984
g1050,g1050.mp3,7.706,3,2,4.794762,5.808254,1.013492
g1051,g1051.mp3,7.31425,3,0,0.0,1.064943,1.064943
g1051,g1051.mp3,7.31425,3,1,3.723628,4.256689,0.533061
g1051,g1051.mp3,7.31425,3,2,4.750454,5.786893,1.03644
g1052,g1052.mp3,8.097875,3,0,0.0,1.06288,1.06288
g1052,g1052.mp3,8.097875,3,1,3.720771,4.249864,0.529093
g1052,g1052.mp3,8.097875,3,2,5.152132,6.172653,1.020522
g1053,g1053.mp3,8.2285,3,0,0.0,1.0278,1.0278
g1053,g1053.mp3,8.2285,3,1,4.017619,4.539615,0.521995
g1053,g1053.mp3,8.2285,3,2,5.333424,6.361247,1.027823
g1054,g1054.mp3,8.38525,3,0,0.0,1.061111,1.061111
g1054,g1054.mp3,8.38525,3,1,3.61932,4.178277,0.558957
g1054,g1054.mp3,8.38525,3,2,5.234376,6.211429,0.977052
g1055,g1055.mp3,7.8105,3,0,0.0,1.049025,1.049025
g1055,g1055.mp3,7.8105,3,1,3.77161,4.297347,0.525737
g1055,g1055.mp3,7.8105,3,2,4.977891,6.028141,1.050249
g1056,g1056.mp3,8.17625,3,0,0.0,1.062404,1.062404
g1056,g1056.mp3,8.17625,3,1,3.847483,4.358277,0.510794
g1056,g1056.mp3,8.17625,3,2,5.276893,6.286803,1.009909
g1057,g1057.mp3,8.38525,3,0,0.0,1.04,1.04
g1057,g1057.mp3,8.38525,3,1,3.648277,4.199751,0.551474
g1057,g1057.mp3,8.38525,3,2,5.246395,6.290771,1.044376
g1058,g1058.mp3,7.732125,3,0,0.0,1.075896,1.075896
g1058,g1058.mp3,7.732125,3,1,3.559456,4.133605,0.57415
g1058,g1058.mp3,7.732125,3,2,4.939932,5.974354,1.034422
g1059,g1059.mp3,8.4375,3,0,0.0,1.042925,1.042925
g1059,g1059.mp3,8.4375,3,1,4.032925,4.577596,0.544671
g1059,g1059.mp3,8.4375,3,2,5.427324,6.469637,1.042313
g1060,g1060.mp3,7.5755,3,0,0.0,1.059161,1.059161
g1060,g1060.mp3,7.5755,3,1,3.617642,4.125102,0.50746
g1060,g1060.mp3,7.5755,3,2,4.792562,5.827664,1.035102
g1061,g1061.mp3,13.583625,6,0,0.0,1.041995,1.041995
g1061,g1061.mp3,13.583625,6,1,3.726689,4.257188,0.530499
g1061,g1061.mp3,13.583625,6,2,4.991927,6.026009,1.034082
g1061,g1061.mp3,13.583625,6,3,6.83161,7.872063,1.040454
g1061,g1061.mp3,13.583625,6,4,8.965873,10.002971,1.037098
g1061,g1061.mp3,13.583625,6,5,10.779025,11.822381,1.043356
g1062,g1062.mp3,7.706,3,0,0.0,1.034014,1.034014
g1062,g1062.mp3,7.706,3,1,3.577029,4.090295,0.513265
g1062,g1062.mp3,7.706,3,2,4.84127,5.851814,1.010544
g1063,g1063.mp3,7.653875,3,0,0.0,1.030771,1.030771
g1063,g1063.mp3,7.653875,3,1,3.827211,4.339342,0.512132
g1063,g1063.mp3,7.653875,3,2,4.945737,5.962358,1.016621
g1064,g1064.mp3,8.045625,3,0,0.0,1.040522,1.040522
g1064,g1064.mp3,8.045625,3,1,3.762132,4.302971,0.540839
g1064,g1064.mp3,8.045625,3,2,5.100703,6.136009,1.035306
g1065,g1065.mp3,7.1575,3,0,0.0,1.040862,1.040862
g1065,g1065.mp3,7.1575,3,1,3.674512,4.193039,0.518526
g1065,g1065.mp3,7.1575,3,2,4.624467,5.644104,1.019637
g1066,g1066.mp3,8.333,3,0,0.0,1.038231,1.038231
g1066,g1066.mp3,8.333,3,1,3.88517,4.407211,0.522041
g1066,g1066.mp3,8.333,3,2,5.332789,6.348753,1.015964
g1067,g1067.mp3,7.5755,3,0,0.0,1.037664,1.037664
g1067,g1067.mp3,7.5755,3,1,3.784558,4.314558,0.53
g1067,g1067.mp3,7.5755,3,2,4.890567,5.918776,1.028209
g1068,g1068.mp3,8.097875,3,0,0.0,1.092971,1.092971
g1068,g1068.mp3,8.097875,3,1,3.570975,4.157551,0.586576
g1068,g1068.mp3,8.097875,3,2,5.075374,6.09093,1.015556
g1069,g1069.mp3,7.75825,3,0,0.0,1.04381,1.04381
g1069,g1069.mp3,7.75825,3,1,3.963288,4.480385,0.517098
g1069,g1069.mp3,7.75825,3,2,5.068934,6.10424,1.035306
g1070,g1070.mp3,7.444875,3,0,0.0,1.04966,1.04966
g1070,g1070.mp3,7.444875,3,1,3.500159,4.01093,0.510771
g1070,g1070.mp3,7.444875,3,2,4.67932,5.70424,1.024921
g1071,g1071.mp3,8.202375,3,0,0.0,1.048458,1.048458
g1071,g1071.mp3,8.202375,3,1,4.06517,4.587415,0.522245
g1071,g1071.mp3,8.202375,3,2,5.340113,6.367755,1.027642
g1072,g1072.mp3,8.411375,3,0,0.0,1.048118,1.048118
g1072,g1072.mp3,8.411375,3,1,3.759751,4.796009,1.036259
g1072,g1072.mp3,8.411375,3,2,5.55034,6.565805,1.015465
g1073,g1073.mp3,7.915,3,0,0.0,1.039977,1.039977
g1073,g1073.mp3,7.915,3,1,3.812426,4.819569,1.007143
g1073,g1073.mp3,7.915,3,2,5.337324,6.338299,1.000975
g1074,g1074.mp3,8.38525,3,0,0.0,1.569002,1.569002
g1074,g1074.mp3,8.38525,3,1,4.366939,4.887483,0.520544
g1074,g1074.mp3,8.38525,3,2,5.583424,6.610907,1.027483
g1075,g1075.mp3,8.90775,3,0,0.0,1.072744,1.072744
g1075,g1075.mp3,8.90775,3,1,3.98127,4.535397,0.554127
g1075,g1075.mp3,8.90775,3,2,5.645601,6.702948,1.057347
g1076,g1076.mp3,8.568125,3,0,0.0,1.034422,1.034422
g1076,g1076.mp3,8.568125,3,1,3.798662,4.313946,0.515283
g1076,g1076.mp3,8.568125,3,2,5.407664,6.434172,1.026508
g1077,g1077.mp3,7.784375,3,0,0.0,1.040385,1.040385
g1077,g1077.mp3,7.784375,3,1,3.802517,4.331973,0.529456
g1077,g1077.mp3,7.784375,3,2,5.02093,6.039184,1.018254
g1078,g1078.mp3,7.915,3,0,0.0,1.047664,1.047664
g1078,g1078.mp3,7.915,3,1,3.63263,4.162381,0.529751
g1078,g1078.mp3,7.915,3,2,4.952222,5.974444,1.022222
g1079,g1079.mp3,7.993375,3,0,0.0,1.033628,1.033628
g1079,g1079.mp3,7.993375,3,1,3.771973,4.283968,0.511995
g1079,g1079.mp3,7.993375,3,2,5.130998,6.148345,1.017347
g1080,g1080.mp3,7.288125,3,0,0.0,1.039478,1.039478
g1080,g1080.mp3,7.288125,3,1,3.449637,3.95941,0.509773
g1080,g1080.mp3,7.288125,3,2,4.551088,5.576939,1.02585
g1081,g1081.mp3,7.444875,3,0,0.0,1.038617,1.038617
g1081,g1081.mp3,7.444875,3,1,3.673016,4.190317,0.517302
g1081,g1081.mp3,7.444875,3,2,4.79585,5.818095,1.022245
g1082,g1082.mp3,8.0195,3,0,0.0,1.038435,1.038435
g1082,g1082.mp3,8.0195,3,1,3.820771,4.373832,0.553061
g1082,g1082.mp3,8.0195,3,2,5.203991,6.176213,0.972222
g1083,g1083.mp3,7.888875,3,0,0.0,1.049683,1.049683
g1083,g1083.mp3,7.888875,3,1,3.549546,4.07898,0.529433
g1083,g1083.mp3,7.888875,3,2,4.900227,5.936984,1.036757
g1084,g1084.mp3,7.888875,3,0,0.0,1.044717,1.044717
g1084,g1084.mp3,7.888875,3,1,3.491905,4.023311,0.531406
g1084,g1084.mp3,7.888875,3,2,4.909864,5.936236,1.026372
g1085,g1085.mp3,7.86275,3,0,0.0,1.047098,1.047098
g1085,g1085.mp3,7.86275,3,1,3.728481,4.273719,0.545238
g1085,g1085.mp3,7.86275,3,2,5.045669,6.084376,1.038707
g1086,g1086.mp3,8.4375,3,0,0.0,1.046485,1.046485
g1086,g1086.mp3,8.4375,3,1,3.604331,4.153265,0.548934
g1086,g1086.mp3,8.4375,3,2,5.215465,6.269932,1.054467
g1087,g1087.mp3,7.784375,3,0,0.0,1.071338,1.071338
g1087,g1087.mp3,7.784375,3,1,3.586757,4.102925,0.516168
g1087,g1087.mp3,7.784375,3,2,4.867188,5.89678,1.029592
g1088,g1088.mp3,7.732125,3,0,0.0,1.046735,1.046735
g1088,g1088.mp3,7.732125,3,1,3.581247,4.133175,0.551927
g1088,g1088.mp3,7.732125,3,2,4.821247,5.865828,1.04458
g1089,g1089.mp3,7.444875,3,0,0.0,1.045964,1.045964
g1089,g1089.mp3,7.444875,3,1,3.815283,4.338186,0.522902
g1089,g1089.mp3,7.444875,3,2,4.843628,5.860726,1.017098
g1090,g1090.mp3,7.497125,3,0,0.0,1.022948,1.022948
g1090,g1090.mp3,7.497125,3,1,3.4761,4.4761,1.0
g1090,g1090.mp3,7.497125,3,2,5.539773,6.539773,1.0
g1091,g1091.mp3,8.411375,3,0,0.0,1.045533,1.045533
g1091,g1091.mp3,8.411375,3,1,3.830635,4.345624,0.514989
g1091,g1091.mp3,8.411375,3,2,5.285828,6.332676,1.046848
g1092,g1092.mp3,8.0195,3,0,0.0,1.036077,1.036077
g1092,g1092.mp3,8.0195,3,1,3.367302,3.878571,0.51127
g1092,g1092.mp3,8.0195,3,2,4.947098,5.972766,1.025669
g1093,g1093.mp3,7.131375,3,0,0.0,1.03,1.03
g1093,g1093.mp3,7.131375,3,1,3.488005,4.028005,0.54
g1093,g1093.mp3,7.131375,3,2,4.523197,5.570612,1.047415
g1094,g1094.mp3,7.549375,3,0,0.0,1.05551,1.05551
g1094,g1094.mp3,7.549375,3,1,3.398776,3.902857,0.504082
g1094,g1094.mp3,7.549375,3,2,4.699705,5.725034,1.025329
g1095,g1095.mp3,7.68,3,0,0.0,1.067302,1.067302
g1095,g1095.mp3,7.68,3,1,3.602268,4.13551,0.533243
g1095,g1095.mp3,7.68,3,2,4.830907,5.866508,1.035601
g1096,g1096.mp3,7.601625,3,0,0.0,1.041905,1.041905
g1096,g1096.mp3,7.601625,3,1,3.795057,4.317256,0.5222
g1096,g1096.mp3,7.601625,3,2,4.911043,5.933356,1.022313
g1097,g1097.mp3,7.497125,3,0,0.0,1.044172,1.044172
g1097,g1097.mp3,7.497125,3,1,3.467098,3.9939,0.526803
g1097,g1097.mp3,7.497125,3,2,4.716304,5.767324,1.05102
g1098,g1098.mp3,7.941125,3,0,0.0,1.06381,1.06381
g1098,g1098.mp3,7.941125,3,1,3.651111,4.152789,0.501678
g1098,g1098.mp3,7.941125,3,2,4.993175,6.020181,1.027007
g1099,g1099.mp3,7.784375,3,0,0.0,1.057098,1.057098
g1099,g1099.mp3,7.784375,3,1,3.528934,4.058413,0.529478
g1099,g1099.mp3,7.784375,3,2,4.884966,5.907914,1.022948
g1100,g1100.mp3,6.79175,3,0,0.0,1.03288,1.03288
g1100,g1100.mp3,6.79175,3,1,3.028186,3.588367,0.560181
g1100,g1100.mp3,6.79175,3,2,4.141406,5.169025,1.027619
g1101,g1101.mp3,7.836625,3,0,0.0,1.041134,1.041134
g1101,g1101.mp3,7.836625,3,1,3.567052,4.128367,0.561315
g1101,g1101.mp3,7.836625,3,2,4.906508,5.942562,1.036054
g1102,g1102.mp3,7.784375,3,0,0.0,1.041088,1.041088
g1102,g1102.mp3,7.784375,3,1,3.429478,3.958526,0.529048
g1102,g1102.mp3,7.784375,3,2,4.848118,5.885714,1.037596
g1103,g1103.mp3,7.8105,3,0,0.0,1.028005,1.028005
g1103,g1103.mp3,7.8105,3,1,3.253447,3.769501,0.516054
g1103,g1103.mp3,7.8105,3,2,4.735941,5.771179,1.035238
g1104,g1104.mp3,7.75825,3,0,0.0,1.078821,1.078821
g1104,g1104.mp3,7.75825,3,1,3.207664,3.736644,0.52898
g1104,g1104.mp3,7.75825,3,2,4.665782,5.713605,1.047823
g1105,g1105.mp3,7.31425,3,0,0.0,1.078141,1.078141
g1105,g1105.mp3,7.31425,3,1,3.259342,3.788435,0.529093
g1105,g1105.mp3,7.31425,3,2,4.478435,5.497959,1.019524
g1106,g1106.mp3,7.10525,3,0,0.0,1.063016,1.063016
g1106,g1106.mp3,7.10525,3,1,3.366236,3.849705,0.483469
g1106,g1106.mp3,7.10525,3,2,4.391293,5.444603,1.053311
g1107,g1107.mp3,7.68,3,0,0.0,1.063469,1.063469
g1107,g1107.mp3,7.68,3,1,3.3261,3.860771,0.534671
g1107,g1107.mp3,7.68,3,2,4.698594,5.746961,1.048367
g1108,g1108.mp3,7.20975,3,0,0.0,1.078594,1.078594
g1108,g1108.mp3,7.20975,3,1,3.023152,3.541678,0.518526
g1108,g1108.mp3,7.20975,3,2,4.323197,5.346984,1.023787
g1109,g1109.mp3,7.75825,3,0,0.0,1.045601,1.045601
g1109,g1109.mp3,7.75825,3,1,3.435782,3.940181,0.504399
g1109,g1109.mp3,7.75825,3,2,4.835737,5.865079,1.029342
g1110,g1110.mp3,7.444875,3,0,0.0,1.049093,1.049093
g1110,g1110.mp3,7.444875,3,1,3.030454,3.579501,0.549048
g1110,g1110.mp3,7.444875,3,2,4.413991,5.449683,1.035692
g1111,g1111.mp3,7.392625,3,0,0.0,1.055351,1.055351
g1111,g1111.mp3,7.392625,3,1,3.322766,3.883923,0.561156
g1111,g1111.mp3,7.392625,3,2,4.577959,5.605465,1.027506
g1112,g1112.mp3,8.463625,3,0,0.0,1.053197,1.053197
g1112,g1112.mp3,8.463625,3,1,3.296644,4.34263,1.045986
g1112,g1112.mp3,8.463625,3,2,5.316395,6.359569,1.043175
g1113,g1113.mp3,7.86275,3,0,0.0,1.049229,1.049229
g1113,g1113.mp3,7.86275,3,1,3.239161,3.782472,0.543311
g1113,g1113.mp3,7.86275,3,2,4.806372,5.85093,1.044558
g1114,g1114.mp3,7.340375,3,0,0.0,1.056803,1.056803
g1114,g1114.mp3,7.340375,3,1,3.174127,3.682381,0.508254
g1114,g1114.mp3,7.340375,3,2,4.45678,5.507324,1.050544
g1115,g1115.mp3,8.07175,4,0,0.0,1.053424,1.053424
g1115,g1115.mp3,8.07175,4,1,1.790952,1.921723,0.130771
g1115,g1115.mp3,8.07175,4,2,3.651678,4.183832,0.532154
g1115,g1115.mp3,8.07175,4,3,5.038957,6.08746,1.048503
g1116,g1116.mp3,7.52325,3,0,0.0,1.05932,1.05932
g1116,g1116.mp3,7.52325,3,1,3.526145,4.058662,0.532517
g1116,g1116.mp3,7.52325,3,2,4.749569,5.766893,1.017324
g1117,g1117.mp3,7.497125,3,0,0.0,1.048027,1.048027
g1117,g1117.mp3,7.497125,3,1,3.562494,4.077052,0.514558
g1117,g1117.mp3,7.497125,3,2,4.774444,5.723787,0.949342
g1118,g1118.mp3,7.444875,3,0,0.0,1.065578,1.065578
g1118,g1118.mp3,7.444875,3,1,3.349864,3.869229,0.519365
g1118,g1118.mp3,7.444875,3,2,4.624603,5.669342,1.044739
g1119,g1119.mp3,6.9485,3,0,0.0,1.052358,1.052358
g1119,g1119.mp3,6.9485,3,1,3.293401,3.817528,0.524127
g1119,g1119.mp3,6.9485,3,2,4.314172,5.321497,1.007324
g1120,g1120.mp3,7.41875,3,0,0.0,1.066984,1.066984
g1120,g1120.mp3,7.41875,3,1,2.931723,3.445102,0.513379
g1120,g1120.mp3,7.41875,3,2,4.412494,5.437483,1.024989
g1121,g1121.mp3,6.870125,3,0,0.0,1.051156,1.051156
g1121,g1121.mp3,6.870125,3,1,3.232018,3.756213,0.524195
g1121,g1121.mp3,6.870125,3,2,4.265646,5.293447,1.0278
g1122,g1122.mp3,8.045625,3,0,0.0,1.045374,1.045374
g1122,g1122.mp3,8.045625,3,1,3.42932,4.017415,0.588095
g1122,g1122.mp3,8.045625,3,2,4.990522,6.03644,1.045918
g1123,g1123.mp3,8.124,3,0,0.0,1.055329,1.055329
g1123,g1123.mp3,8.124,3,1,3.326871,4.385034,1.058163
g1123,g1123.mp3,8.124,3,2,5.210952,6.264535,1.053583
g1124,g1124.mp3,7.392625,3,0,0.0,1.038435,1.038435
g1124,g1124.mp3,7.392625,3,1,3.287937,3.81966,0.531723
g1124,g1124.mp3,7.392625,3,2,4.532925,5.600431,1.067506
g1125,g1125.mp3,7.183625,3,0,0.0,1.052222,1.052222
g1125,g1125.mp3,7.183625,3,1,3.229524,3.752971,0.523447
g1125,g1125.mp3,7.183625,3,2,4.420363,5.434558,1.014195
g1126,g1126.mp3,8.0195,3,0,0.0,1.048639,1.048639
g1126,g1126.mp3,8.0195,3,1,3.335329,3.86907,0.533741
g1126,g1126.mp3,8.0195,3,2,4.848231,5.895465,1.047234
g1127,g1127.mp3,7.732125,3,0,0.0,1.069048,1.069048
g1127,g1127.mp3,7.732125,3,1,3.326463,3.86424,0.537778
g1127,g1127.mp3,7.732125,3,2,4.768458,5.804626,1.036168
g1128,g1128.mp3,7.444875,3,0,0.0,1.044535,1.044535
g1128,g1128.mp3,7.444875,3,1,3.157868,3.678526,0.520658
g1128,g1128.mp3,7.444875,3,2,4.503152,5.541655,1.038503
g1129,g1129.mp3,7.732125,3,0,0.0,1.047574,1.047574
g1129,g1129.mp3,7.732125,3,1,3.333288,3.851406,0.518118
g1129,g1129.mp3,7.732125,3,2,4.722653,5.748798,1.026145
g1130,g1130.mp3,7.915,3,0,0.0,1.025079,1.025079
g1130,g1130.mp3,7.915,3,1,3.923084,4.923107,1.000023
g1130,g1130.mp3,7.915,3,2,5.93161,6.93161,1.0
g1131,g1131.mp3,7.784375,3,0,0.0,1.06288,1.06288
g1131,g1131.mp3,7.784375,3,1,3.464739,3.993832,0.529093
g1131,g1131.mp3,7.784375,3,2,4.863515,5.897166,1.033651
g1132,g1132.mp3,8.150125,3,0,0.0,1.061429,1.061429
g1132,g1132.mp3,8.150125,3,1,3.57932,4.118005,0.538685
g1132,g1132.mp3,8.150125,3,2,5.102698,6.123968,1.02127
g1133,g1133.mp3,8.202375,3,0,0.0,1.044308,1.044308
g1133,g1133.mp3,8.202375,3,1,3.59229,4.125601,0.533311
g1133,g1133.mp3,8.202375,3,2,5.142857,6.155374,1.012517
g1134,g1134.mp3,8.202375,3,0,0.0,1.054807,1.054807
g1134,g1134.mp3,8.202375,3,1,3.466054,4.039274,0.57322
g1134,g1134.mp3,8.202375,3,2,5.047415,6.090612,1.043197
g1135,g1135.mp3,7.601625,3,0,0.0,1.137211,1.137211
g1135,g1135.mp3,7.601625,3,1,3.817166,4.334785,0.517619
g1135,g1135.mp3,7.601625,3,2,4.94034,5.966054,1.025714
g1136,g1136.mp3,7.52325,3,0,0.0,1.084943,1.084943
g1136,g1136.mp3,7.52325,3,1,3.577664,4.124263,0.546599
g1136,g1136.mp3,7.52325,3,2,4.731111,5.74229,1.011179
g1137,g1137.mp3,7.444875,3,0,0.0,1.05161,1.05161
g1137,g1137.mp3,7.444875,3,1,3.512676,4.065692,0.553016
g1137,g1137.mp3,7.444875,3,2,4.703469,5.746871,1.043401
g1138,g1138.mp3,6.922375,3,0,0.0,1.025057,1.025057
g1138,g1138.mp3,6.922375,3,1,3.31068,4.310635,0.999955
g1138,g1138.mp3,6.922375,3,2,5.124717,6.124717,1.0
g1139,g1139.mp3,8.620375,3,0,0.0,1.067959,1.067959
g1139,g1139.mp3,8.620375,3,1,3.629161,4.199524,0.570363
g1139,g1139.mp3,8.620375,3,2,5.385646,6.426508,1.040862
g1140,g1140.mp3,7.86275,3,0,0.0,1.055488,1.055488
g1140,g1140.mp3,7.86275,3,1,3.216395,3.7522,0.535805
g1140,g1140.mp3,7.86275,3,2,4.731043,5.795397,1.064354
g1141,g1141.mp3,8.306875,3,0,0.0,1.04873,1.04873
g1141,g1141.mp3,8.306875,3,1,3.401995,3.926009,0.524014
g1141,g1141.mp3,8.306875,3,2,5.086939,6.123628,1.036689
g1142,g1142.mp3,7.131375,3,0,0.0,1.06619,1.06619
g1142,g1142.mp3,7.131375,3,1,3.450499,4.000658,0.550159
g1142,g1142.mp3,7.131375,3,2,4.540204,5.584172,1.043968
g1143,g1143.mp3,7.41875,3,0,0.0,1.059592,1.059592
g1143,g1143.mp3,7.41875,3,1,3.512971,4.050317,0.537347
g1143,g1143.mp3,7.41875,3,2,4.675125,5.716327,1.041202
g1144,g1144.mp3,6.765625,3,0,0.0,1.021746,1.021746
g1144,g1144.mp3,6.765625,3,1,3.538503,4.538503,1.0
g1144,g1144.mp3,6.765625,3,2,5.17102,6.171383,1.000363
g1145,g1145.mp3,7.888875,3,0,0.0,1.049252,1.049252
g1145,g1145.mp3,7.888875,3,1,3.616395,4.178231,0.561837
g1145,g1145.mp3,7.888875,3,2,4.951293,5.949138,0.997846
g1146,g1146.mp3,7.8105,3,0,0.0,1.071565,1.071565
g1146,g1146.mp3,7.8105,3,1,3.191542,3.738277,0.546735
g1146,g1146.mp3,7.8105,3,2,4.753787,5.80551,1.051723
g1147,g1147.mp3,7.836625,3,0,0.0,1.041202,1.041202
g1147,g1147.mp3,7.836625,3,1,3.379229,3.921655,0.542426
g1147,g1147.mp3,7.836625,3,2,4.858163,5.908821,1.050658
g1148,g1148.mp3,7.86275,3,0,0.0,1.043492,1.043492
g1148,g1148.mp3,7.86275,3,1,3.315964,3.841882,0.525918
g1148,g1148.mp3,7.86275,3,2,4.753039,5.815986,1.062948
g1149,g1149.mp3,7.732125,3,0,0.0,1.05678,1.05678
g1149,g1149.mp3,7.732125,3,1,3.365034,3.915737,0.550703
g1149,g1149.mp3,7.732125,3,2,4.807755,5.856327,1.048571
g1150,g1150.mp3,7.183625,3,0,0.0,1.037891,1.037891
g1150,g1150.mp3,7.183625,3,1,3.093084,3.647868,0.554785
g1150,g1150.mp3,7.183625,3,2,4.377868,5.440726,1.062857
g1151,g1151.mp3,7.68,3,0,0.0,1.040816,1.040816
g1151,g1151.mp3,7.68,3,1,3.311043,3.845125,0.534082
g1151,g1151.mp3,7.68,3,2,4.74059,5.776531,1.035941
g1152,g1152.mp3,7.75825,3,0,0.0,1.05678,1.05678
g1152,g1152.mp3,7.75825,3,1,3.289138,3.836667,0.547528
g1152,g1152.mp3,7.75825,3,2,4.808617,5.850998,1.042381
g1153,g1153.mp3,8.202375,3,0,0.0,1.047166,1.047166
g1153,g1153.mp3,8.202375,3,1,3.451497,3.979932,0.528435
g1153,g1153.mp3,8.202375,3,2,5.08585,6.108594,1.022744
g1154,g1154.mp3,7.915,3,0,0.0,1.061701,1.061701
g1154,g1154.mp3,7.915,3,1,3.419161,3.959751,0.54059
g1154,g1154.mp3,7.915,3,2,4.862086,5.895397,1.033311
g1156,g1156.mp3,7.52325,3,0,0.0,1.050816,1.050816
g1156,g1156.mp3,7.52325,3,1,3.487052,4.016009,0.528957
g1156,g1156.mp3,7.52325,3,2,4.764898,5.78585,1.020952
g1158,g1158.mp3,7.5755,3,0,0.0,1.030363,1.030363
g1158,g1158.mp3,7.5755,3,1,3.285465,3.818844,0.533379
g1158,g1158.mp3,7.5755,3,2,4.696327,5.719501,1.023175
g1159,g1159.mp3,7.549375,3,0,0.0,1.049637,1.049637
g1159,g1159.mp3,7.549375,3,1,3.260816,3.797279,0.536463
g1159,g1159.mp3,7.549375,3,2,4.646417,5.699751,1.053333
g1160,g1160.mp3,6.817875,3,0,0.0,1.038707,1.038707
g1160,g1160.mp3,6.817875,3,1,2.97873,3.50932,0.53059
g1160,g1160.mp3,6.817875,3,2,4.108254,5.126349,1.018095
g1161,g1161.mp3,6.452125,3,0,0.0,1.022721,1.022721
g1161,g1161.mp3,6.452125,3,1,3.526893,4.526893,1.0
g1161,g1161.mp3,6.452125,3,2,4.989592,5.991247,1.001655
g1162,g1162.mp3,7.653875,3,0,0.0,1.04542,1.04542
g1162,g1162.mp3,7.653875,3,1,3.317483,3.856304,0.538821
g1162,g1162.mp3,7.653875,3,2,4.719365,5.749365,1.03
g1163,g1163.mp3,7.053,3,0,0.0,1.03966,1.03966
g1163,g1163.mp3,7.053,3,1,3.36678,3.90873,0.54195
g1163,g1163.mp3,7.053,3,2,4.40966,5.454036,1.044376
g1164,g1164.mp3,7.00075,3,0,0.0,1.060136,1.060136
g1164,g1164.mp3,7.00075,3,1,3.384853,3.918549,0.533696
g1164,g1164.mp3,7.00075,3,2,4.423719,5.448594,1.024875
g1165,g1165.mp3,8.202375,3,0,0.0,1.048889,1.048889
g1165,g1165.mp3,8.202375,3,1,3.534558,4.107687,0.573129
g1165,g1165.mp3,8.202375,3,2,5.139909,6.170816,1.030907
g1166,g1166.mp3,7.340375,3,0,0.0,1.02288,1.02288
g1166,g1166.mp3,7.340375,3,1,3.642993,4.643016,1.000023
g1166,g1166.mp3,7.340375,3,2,5.47737,6.47737,1.0
g1167,g1167.mp3,7.471,3,0,0.0,1.040204,1.040204
g1167,g1167.mp3,7.471,3,1,3.509841,4.028458,0.518617
g1167,g1167.mp3,7.471,3,2,4.678662,5.695215,1.016553
g1168,g1168.mp3,7.235875,3,0,0.0,1.069274,1.069274
g1168,g1168.mp3,7.235875,3,1,3.087506,3.610975,0.523469
g1168,g1168.mp3,7.235875,3,2,4.392971,5.417959,1.024989
g1169,g1169.mp3,7.5755,3,0,0.0,1.045034,1.045034
g1169,g1169.mp3,7.5755,3,1,3.45898,3.988798,0.529819
g1169,g1169.mp3,7.5755,3,2,4.769093,5.786667,1.017574
g1170,g1170.mp3,6.817875,3,0,0.0,1.035306,1.035306
g1170,g1170.mp3,6.817875,3,1,3.181701,3.697687,0.515986
g1170,g1170.mp3,6.817875,3,2,4.212109,5.239002,1.026893
g1171,g1171.mp3,7.75825,3,0,0.0,1.057642,1.057642
g1171,g1171.mp3,7.75825,3,1,3.505533,4.043243,0.53771
g1171,g1171.mp3,7.75825,3,2,4.852268,5.891587,1.03932
g1172,g1172.mp3,7.732125,3,0,0.0,1.032676,1.032676
g1172,g1172.mp3,7.732125,3,1,3.484626,4.017891,0.533265
g1172,g1172.mp3,7.732125,3,2,4.815533,5.886939,1.071406
g1173,g1173.mp3,7.20975,3,0,0.0,1.046599,1.046599
g1173,g1173.mp3,7.20975,3,1,3.454014,3.983175,0.529161
g1173,g1173.mp3,7.20975,3,2,4.538934,5.561066,1.022132
g1174,g1174.mp3,7.41875,3,0,0.0,1.060907,1.060907
g1174,g1174.mp3,7.41875,3,1,2.922336,3.488118,0.565782
g1174,g1174.mp3,7.41875,3,2,4.35288,5.399751,1.046871
g1175,g1175.mp3,7.68,3,0,0.0,1.054354,1.054354
g1175,g1175.mp3,7.68,3,1,2.810998,3.336054,0.525057
g1175,g1175.mp3,7.68,3,2,4.474966,5.508027,1.033061
g1176,g1176.mp3,19.121625,9,0,0.0,1.024762,1.024762
g1176,g1176.mp3,19.121625,9,1,3.554376,4.55449,1.000113
g1176,g1176.mp3,19.121625,9,2,5.017256,6.017483,1.000227
g1176,g1176.mp3,19.121625,9,3,6.488889,6.953447,0.464558
g1176,g1176.mp3,19.121625,9,4,9.678707,10.678753,1.000045
g1176,g1176.mp3,19.121625,9,5,11.756916,12.756984,1.000068
g1176,g1176.mp3,19.121625,9,6,13.689977,14.180635,0.490658
g1176,g1176.mp3,19.121625,9,7,15.23941,16.239955,1.000544
g1176,g1176.mp3,19.121625,9,8,17.210635,18.210862,1.000227
g1177,g1177.mp3,13.244,6,0,0.0,1.025057,1.025057
g1177,g1177.mp3,13.244,6,1,3.444172,4.444172,1.0
g1177,g1177.mp3,13.244,6,2,5.255306,6.255329,1.000023
g1177,g1177.mp3,13.244,6,3,7.035986,7.501973,0.465986
g1177,g1177.mp3,13.244,6,4,9.993651,10.993673,1.000023
g1177,g1177.mp3,13.244,6,5,11.605986,12.605986,1.0
g1178,g1178.mp3,7.68,3,0,0.0,1.064989,1.064989
g1178,g1178.mp3,7.68,3,1,3.467188,3.989887,0.522698
g1178,g1178.mp3,7.68,3,2,4.776281,5.821247,1.044966
g1179,g1179.mp3,7.915,3,0,0.0,1.058912,1.058912
g1179,g1179.mp3,7.915,3,1,3.508662,4.065079,0.556417
g1179,g1179.mp3,7.915,3,2,4.925488,5.977075,1.051587
g1180,g1180.mp3,8.124,3,0,0.0,1.065238,1.065238
g1180,g1180.mp3,8.124,3,1,3.164059,3.696576,0.532517
g1180,g1180.mp3,8.124,3,2,4.880952,5.917642,1.036689
g1181,g1181.mp3,7.340375,3,0,0.0,1.040249,1.040249
g1181,g1181.mp3,7.340375,3,1,3.374195,3.91161,0.537415
g1181,g1181.mp3,7.340375,3,2,4.573832,5.616735,1.042902
g1182,g1182.mp3,7.5755,3,0,0.0,1.038571,1.038571
g1182,g1182.mp3,7.5755,3,1,3.411111,3.985374,0.574263
g1182,g1182.mp3,7.5755,3,2,4.76034,5.727619,0.967279
g1183,g1183.mp3,7.75825,3,0,0.0,1.041429,1.041429
g1183,g1183.mp3,7.75825,3,1,3.529206,4.080567,0.551361
g1183,g1183.mp3,7.75825,3,2,4.861156,5.896259,1.035102
g1184,g1184.mp3,7.62775,3,0,0.0,1.042585,1.042585
g1184,g1184.mp3,7.62775,3,1,3.424104,3.979252,0.555147
g1184,g1184.mp3,7.62775,3,2,4.741723,5.800952,1.059229
g1185,g1185.mp3,8.045625,3,0,0.0,1.047098,1.047098
g1185,g1185.mp3,8.045625,3,1,3.681134,4.22288,0.541746
g1185,g1185.mp3,8.045625,3,2,5.070884,6.129025,1.058141
g1186,g1186.mp3,7.941125,3,0,0.0,1.088095,1.088095
g1186,g1186.mp3,7.941125,3,1,3.486984,4.091361,0.604376
g1186,g1186.mp3,7.941125,3,2,4.949501,6.002426,1.052925
g1187,g1187.mp3,8.28075,3,0,0.0,1.037098,1.037098
g1187,g1187.mp3,8.28075,3,1,3.449388,3.986236,0.536848
g1187,g1187.mp3,8.28075,3,2,5.130045,6.17356,1.043515
g1188,g1188.mp3,7.653875,3,0,0.0,1.049841,1.049841
g1188,g1188.mp3,7.653875,3,1,3.305283,3.836689,0.531406
g1188,g1188.mp3,7.653875,3,2,4.716825,5.763673,1.046848
g1189,g1189.mp3,6.922375,3,0,0.0,1.024331,1.024331
g1189,g1189.mp3,6.922375,3,1,3.489138,4.489206,1.000068
g1189,g1189.mp3,6.922375,3,2,5.204535,6.204535,1.0
g1190,g1190.mp3,7.836625,3,0,0.0,1.049206,1.049206
g1190,g1190.mp3,7.836625,3,1,3.175261,3.714807,0.539546
g1190,g1190.mp3,7.836625,3,2,4.701247,5.7378,1.036553
g1191,g1191.mp3,7.392625,3,0,0.0,1.076508,1.076508
g1191,g1191.mp3,7.392625,3,1,3.442494,3.988571,0.546077
g1191,g1191.mp3,7.392625,3,2,4.604308,5.650771,1.046463
g1192,g1192.mp3,7.131375,3,0,0.0,1.050317,1.050317
g1192,g1192.mp3,7.131375,3,1,3.27127,3.791973,0.520703
g1192,g1192.mp3,7.131375,3,2,4.337143,5.406122,1.06898
g1193,g1193.mp3,8.38525,3,0,0.0,1.044898,1.044898
g1193,g1193.mp3,8.38525,3,1,3.416372,3.941451,0.525079
g1193,g1193.mp3,8.38525,3,2,5.089456,6.155079,1.065624
g1194,g1194.mp3,7.20975,3,0,0.0,1.052676,1.052676
g1194,g1194.mp3,7.20975,3,1,3.469116,3.991451,0.522336
g1194,g1194.mp3,7.20975,3,2,4.537392,5.590363,1.052971
g1195,g1195.mp3,7.62775,3,0,0.0,1.069456,1.069456
g1195,g1195.mp3,7.62775,3,1,3.548617,4.087619,0.539002
g1195,g1195.mp3,7.62775,3,2,4.813787,5.844739,1.030952
g1196,g1196.mp3,7.497125,3,0,0.0,1.062472,1.062472
g1196,g1196.mp3,7.497125,3,1,3.417868,3.949569,0.531701
g1196,g1196.mp3,7.497125,3,2,4.698934,5.729501,1.030567
g1197,g1197.mp3,7.235875,3,0,0.0,1.059342,1.059342
g1197,g1197.mp3,7.235875,3,1,3.375986,3.893764,0.517778
g1197,g1197.mp3,7.235875,3,2,4.525397,5.577234,1.051837
g1198,g1198.mp3,7.68,3,0,0.0,1.02678,1.02678
g1198,g1198.mp3,7.68,3,1,3.319932,3.856508,0.536576
g1198,g1198.mp3,7.68,3,2,4.727596,5.661406,0.93381
g1199,g1199.mp3,7.52325,3,0,0.0,1.043991,1.043991
g1199,g1199.mp3,7.52325,3,1,3.390635,3.905488,0.514853
g1199,g1199.mp3,7.52325,3,2,4.68288,5.723311,1.040431
g1200,g1200.mp3,8.202375,3,0,0.0,1.060295,1.060295
g1200,g1200.mp3,8.202375,3,1,3.26771,3.85,0.58229
g1200,g1200.mp3,8.202375,3,2,5.016485,6.063107,1.046621
g1201,g1201.mp3,7.836625,3,0,0.0,1.070204,1.070204
g1201,g1201.mp3,7.836625,3,1,3.284308,3.87542,0.591111
g1201,g1201.mp3,7.836625,3,2,4.803197,5.86229,1.059093
g1202,g1202.mp3,7.549375,3,0,0.0,1.052086,1.052086
g1202,g1202.mp3,7.549375,3,1,3.15932,3.696372,0.537052
g1202,g1202.mp3,7.549375,3,2,4.579841,5.609501,1.02966
g1203,g1203.mp3,7.340375,3,0,0.0,1.0639,1.0639
g1203,g1203.mp3,7.340375,3,1,3.025692,3.581519,0.555828
g1203,g1203.mp3,7.340375,3,2,4.451837,5.483605,1.031769
g1204,g1204.mp3,6.68725,3,0,0.0,1.088639,1.088639
g1204,g1204.mp3,6.68725,3,1,3.043764,3.580658,0.536893
g1204,g1204.mp3,6.68725,3,2,4.092109,5.135329,1.04322
g1205,g1205.mp3,6.89625,3,0,0.0,1.068776,1.068776
g1205,g1205.mp3,6.89625,3,1,3.185646,3.723673,0.538027
g1205,g1205.mp3,6.89625,3,2,4.242812,5.30195,1.059138
g1206,g1206.mp3,8.124,3,0,0.0,1.075646,1.075646
g1206,g1206.mp3,8.124,3,1,3.377438,3.903288,0.52585
g1206,g1206.mp3,8.124,3,2,4.965057,6.045465,1.080408
g1208,g1208.mp3,7.444875,3,0,0.0,1.044512,1.044512
g1208,g1208.mp3,7.444875,3,1,2.95941,3.509932,0.550522
g1208,g1208.mp3,7.444875,3,2,4.44746,5.510726,1.063265
g1209,g1209.mp3,6.922375,3,0,0.0,1.059048,1.059048
g1209,g1209.mp3,6.922375,3,1,2.859728,3.443741,0.584014
g1209,g1209.mp3,6.922375,3,2,4.128617,5.181134,1.052517
g1210,g1210.mp3,6.974625,3,0,0.0,1.030204,1.030204
g1210,g1210.mp3,6.974625,3,1,2.856553,3.925601,1.069048
g1210,g1210.mp3,6.974625,3,2,4.40068,5.457256,1.056576
g1211,g1211.mp3,6.870125,3,0,0.0,1.046213,1.046213
g1211,g1211.mp3,6.870125,3,1,2.979615,4.031179,1.051565
g1211,g1211.mp3,6.870125,3,2,4.401043,5.458458,1.057415
g1212,g1212.mp3,7.131375,3,0,0.0,1.065397,1.065397
g1212,g1212.mp3,7.131375,3,1,2.993492,3.554603,0.561111
g1212,g1212.mp3,7.131375,3,2,4.294943,5.337302,1.042358
g1213,g1213.mp3,7.131375,3,0,0.0,1.056009,1.056009
g1213,g1213.mp3,7.131375,3,1,3.181837,3.807914,0.626077
g1213,g1213.mp3,7.131375,3,2,4.457891,5.49161,1.033719
g1214,g1214.mp3,7.601625,4,0,0.0,1.057234,1.057234
g1214,g1214.mp3,7.601625,4,1,2.230884,2.373537,0.142653
g1214,g1214.mp3,7.601625,4,2,3.358662,3.913923,0.555261
g1214,g1214.mp3,7.601625,4,3,4.670385,5.729456,1.05907
g1215,g1215.mp3,8.097875,3,0,0.0,1.107868,1.107868
g1215,g1215.mp3,8.097875,3,1,3.122404,4.17127,1.048866
g1215,g1215.mp3,8.097875,3,2,5.071134,6.127347,1.056213
g1216,g1216.mp3,8.124,3,0,0.0,1.062177,1.062177
g1216,g1216.mp3,8.124,3,1,3.221156,3.757551,0.536395
g1216,g1216.mp3,8.124,3,2,4.914626,5.961202,1.046576
g1217,g1217.mp3,8.0195,3,0,0.0,1.06034,1.06034
g1217,g1217.mp3,8.0195,3,1,3.118798,3.636259,0.51746
g1217,g1217.mp3,8.0195,3,2,4.787823,5.808458,1.020635
g1218,g1218.mp3,7.235875,3,0,0.0,1.082744,1.082744
g1218,g1218.mp3,7.235875,3,1,3.072472,3.604195,0.531723
g1218,g1218.mp3,7.235875,3,2,4.354172,5.402494,1.048322
g1219,g1219.mp3,7.68,4,0,0.0,1.062041,1.062041
g1219,g1219.mp3,7.68,4,1,2.132358,2.25356,0.121202
g1219,g1219.mp3,7.68,4,2,3.209524,3.751859,0.542336
g1219,g1219.mp3,7.68,4,3,4.641134,5.689138,1.048005
g1220,g1220.mp3,6.9485,3,0,0.0,0.965057,0.965057
g1220,g1220.mp3,6.9485,3,1,2.838912,3.318844,0.479932
g1220,g1220.mp3,6.9485,3,2,4.102971,5.036757,0.933787
g1221,g1221.mp3,6.870125,3,0,0.0,0.95551,0.95551
g1221,g1221.mp3,6.870125,3,1,3.151406,3.606236,0.45483
g1221,g1221.mp3,6.870125,3,2,4.247143,5.199819,0.952676
g1222,g1222.mp3,6.47825,3,0,0.0,0.962653,0.962653
g1222,g1222.mp3,6.47825,3,1,2.959524,3.411769,0.452245
g1222,g1222.mp3,6.47825,3,2,3.946984,4.897075,0.950091
g1223,g1223.mp3,6.870125,3,0,0.0,0.959456,0.959456
g1223,g1223.mp3,6.870125,3,1,3.350612,3.798685,0.448073
g1223,g1223.mp3,6.870125,3,2,4.356463,5.311565,0.955102
g1224,g1224.mp3,7.183625,3,0,0.0,0.954127,0.954127
g1224,g1224.mp3,7.183625,3,1,3.146372,3.602086,0.455714
g1224,g1224.mp3,7.183625,3,2,4.428594,5.377619,0.949025
g1225,g1225.mp3,7.262,3,0,0.0,0.958776,0.958776
g1225,g1225.mp3,7.262,3,1,3.172472,3.644104,0.471633
g1225,g1225.mp3,7.262,3,2,4.462585,5.419206,0.956621
g1226,g1226.mp3,8.306875,3,0,0.0,0.990748,0.990748
g1226,g1226.mp3,8.306875,3,1,3.22907,3.688322,0.459252
g1226,g1226.mp3,8.306875,3,2,5.066757,6.016485,0.949728
g1227,g1227.mp3,7.10525,3,0,0.0,0.967982,0.967982
g1227,g1227.mp3,7.10525,3,1,3.26356,3.708594,0.445034
g1227,g1227.mp3,7.10525,3,2,4.438866,5.395034,0.956168
g1228,g1228.mp3,7.1575,3,0,0.0,0.969206,0.969206
g1228,g1228.mp3,7.1575,3,1,3.112041,3.559002,0.446961
g1228,g1228.mp3,7.1575,3,2,4.377415,5.328798,0.951383
g1229,g1229.mp3,7.549375,3,0,0.0,0.965397,0.965397
g1229,g1229.mp3,7.549375,3,1,3.107483,4.055601,0.948118
g1229,g1229.mp3,7.549375,3,2,4.84254,5.785283,0.942744
g1230,g1230.mp3,6.844,3,0,0.0,0.971043,0.971043
g1230,g1230.mp3,6.844,3,1,2.854399,3.295011,0.440612
g1230,g1230.mp3,6.844,3,2,4.092857,5.04263,0.949773
g1231,g1231.mp3,7.288125,3,0,0.0,0.961429,0.961429
g1231,g1231.mp3,7.288125,3,1,3.007007,3.518934,0.511927
g1231,g1231.mp3,7.288125,3,2,4.434898,5.376485,0.941587
g1232,g1232.mp3,7.52325,3,0,0.0,0.969501,0.969501
g1232,g1232.mp3,7.52325,3,1,3.074331,3.549932,0.475601
g1232,g1232.mp3,7.52325,3,2,4.546689,5.528413,0.981723
g1233,g1233.mp3,7.131375,3,0,0.0,0.944875,0.944875
g1233,g1233.mp3,7.131375,3,1,3.016553,3.471474,0.454921
g1233,g1233.mp3,7.131375,3,2,4.339864,5.290385,0.950522
g1234,g1234.mp3,7.888875,3,0,0.0,0.957188,0.957188
g1234,g1234.mp3,7.888875,3,1,3.015374,3.96356,0.948186
g1234,g1234.mp3,7.888875,3,2,4.990295,5.933855,0.94356
g1235,g1235.mp3,7.8105,3,0,0.0,0.959773,0.959773
g1235,g1235.mp3,7.8105,3,1,3.173039,3.61517,0.442132
g1235,g1235.mp3,7.8105,3,2,4.751746,5.714014,0.962268
g1236,g1236.mp3,6.635,3,0,0.0,0.951859,0.951859
g1236,g1236.mp3,6.635,3,1,3.104966,3.571043,0.466077
g1236,g1236.mp3,6.635,3,2,4.138957,5.092812,0.953855
g1237,g1237.mp3,7.053,3,0,0.0,0.945261,0.945261
g1237,g1237.mp3,7.053,3,1,2.90449,3.395465,0.490975
g1237,g1237.mp3,7.053,3,2,4.270748,5.21254,0.941791
g1238,g1238.mp3,6.452125,3,0,0.0,0.96068,0.96068
g1238,g1238.mp3,6.452125,3,1,2.776531,3.241406,0.464875
g1238,g1238.mp3,6.452125,3,2,3.911224,4.857052,0.945828
g1239,g1239.mp3,6.765625,3,0,0.0,0.968503,0.968503
g1239,g1239.mp3,6.765625,3,1,2.794649,3.304195,0.509546
g1239,g1239.mp3,6.765625,3,2,4.026621,4.998571,0.97195
g1240,g1240.mp3,7.10525,3,0,0.0,0.959365,0.959365
g1240,g1240.mp3,7.10525,3,1,2.756531,3.237778,0.481247
g1240,g1240.mp3,7.10525,3,2,4.235556,5.196259,0.960703
g1241,g1241.mp3,7.131375,3,0,0.0,0.991361,0.991361
g1241,g1241.mp3,7.131375,3,1,3.022358,3.503288,0.48093
g1241,g1241.mp3,7.131375,3,2,4.36068,5.296916,0.936236
g1242,g1242.mp3,6.817875,3,0,0.0,0.973311,0.973311
g1242,g1242.mp3,6.817875,3,1,2.876304,3.31542,0.439116
g1242,g1242.mp3,6.817875,3,2,4.093515,5.04542,0.951905
g1243,g1243.mp3,7.471,3,0,0.0,0.998889,0.998889
g1243,g1243.mp3,7.471,3,1,3.119887,3.592948,0.473061
g1243,g1243.mp3,7.471,3,2,4.561429,5.513084,0.951655
g1244,g1244.mp3,6.922375,3,0,0.0,0.957347,0.957347
g1244,g1244.mp3,6.922375,3,1,2.988322,3.439388,0.451066
g1244,g1244.mp3,6.922375,3,2,4.242245,5.191179,0.948934
g1245,g1245.mp3,7.75825,3,0,0.0,0.940907,0.940907
g1245,g1245.mp3,7.75825,3,1,3.1839,3.688118,0.504218
g1245,g1245.mp3,7.75825,3,2,4.753197,5.69737,0.944172
g1246,g1246.mp3,8.80325,3,0,0.0,0.945556,0.945556
g1246,g1246.mp3,8.80325,3,1,3.280431,3.728617,0.448186
g1246,g1246.mp3,8.80325,3,2,5.359002,6.298345,0.939342
g1247,g1247.mp3,6.922375,3,0,0.0,0.959819,0.959819
g1247,g1247.mp3,6.922375,3,1,3.03966,3.460204,0.420544
g1247,g1247.mp3,6.922375,3,2,4.248821,5.184626,0.935805
g1248,g1248.mp3,7.053,3,0,0.0,0.984014,0.984014
g1248,g1248.mp3,7.053,3,1,2.927551,3.361474,0.433923
g1248,g1248.mp3,7.053,3,2,4.239274,5.171247,0.931973
g1249,g1249.mp3,7.288125,3,0,0.0,0.9822,0.9822
g1249,g1249.mp3,7.288125,3,1,3.144263,3.583832,0.439569
g1249,g1249.mp3,7.288125,3,2,4.481791,5.309751,0.827959
g1250,g1250.mp3,7.75825,3,0,0.0,0.974989,0.974989
g1250,g1250.mp3,7.75825,3,1,2.908821,3.846735,0.937914
g1250,g1250.mp3,7.75825,3,2,4.877891,5.817506,0.939615
g1251,g1251.mp3,7.3665,3,0,0.0,1.043447,1.043447
g1251,g1251.mp3,7.3665,3,1,3.14229,3.674966,0.532676
g1251,g1251.mp3,7.3665,3,2,4.476667,5.524286,1.047619
g1252,g1252.mp3,7.52325,3,0,0.0,1.037982,1.037982
g1252,g1252.mp3,7.52325,3,1,3.171769,3.71263,0.540862
g1252,g1252.mp3,7.52325,3,2,4.561905,5.600771,1.038866
g1253,g1253.mp3,7.784375,3,0,0.0,1.046236,1.046236
g1253,g1253.mp3,7.784375,3,1,3.095737,3.632517,0.53678
g1253,g1253.mp3,7.784375,3,2,4.654422,5.706893,1.052472
g1254,g1254.mp3,7.653875,3,0,0.0,1.099388,1.099388
g1254,g1254.mp3,7.653875,3,1,3.179002,3.808141,0.629138
g1254,g1254.mp3,7.653875,3,2,4.664082,5.738231,1.07415
g1255,g1255.mp3,7.8105,3,0,0.0,1.049796,1.049796
g1255,g1255.mp3,7.8105,3,1,3.271633,3.823673,0.552041
g1255,g1255.mp3,7.8105,3,2,4.760544,5.807166,1.046621
g1256,g1256.mp3,7.62775,3,0,0.0,1.084331,1.084331
g1256,g1256.mp3,7.62775,3,1,3.300884,3.832132,0.531247
g1256,g1256.mp3,7.62775,3,2,4.638367,5.702132,1.063764
g1258,g1258.mp3,7.392625,3,0,0.0,1.055918,1.055918
g1258,g1258.mp3,7.392625,3,1,2.912063,3.440454,0.52839
g1258,g1258.mp3,7.392625,3,2,4.374785,5.407166,1.032381
g1259,g1259.mp3,7.131375,3,0,0.0,1.022948,1.022948
g1259,g1259.mp3,7.131375,3,1,3.419501,4.419501,1.0
g1259,g1259.mp3,7.131375,3,2,5.255329,6.255329,1.0
g1260,g1260.mp3,7.96725,3,0,0.0,1.064014,1.064014
g1260,g1260.mp3,7.96725,3,1,3.101156,3.651655,0.550499
g1260,g1260.mp3,7.96725,3,2,4.733696,5.775351,1.041655
g1261,g1261.mp3,7.96725,3,0,0.0,1.052517,1.052517
g1261,g1261.mp3,7.96725,3,1,3.052268,3.66229,0.610023
g1261,g1261.mp3,7.96725,3,2,4.733741,5.783946,1.050204
g1262,g1262.mp3,7.549375,3,0,0.0,1.073764,1.073764
g1262,g1262.mp3,7.549375,3,1,3.285147,3.83907,0.553923
g1262,g1262.mp3,7.549375,3,2,4.608889,5.65644,1.047551
g1263,g1263.mp3,8.777125,3,0,0.0,1.051905,1.051905
g1263,g1263.mp3,8.777125,3,1,3.323265,3.930181,0.606916
g1263,g1263.mp3,8.777125,3,2,5.308118,6.374014,1.065896
g1264,g1264.mp3,8.045625,3,0,0.0,1.062812,1.062812
g1264,g1264.mp3,8.045625,3,1,3.284898,3.866508,0.58161
g1264,g1264.mp3,8.045625,3,2,4.882971,5.914762,1.031791
g1265,g1265.mp3,7.5755,3,0,0.0,1.069274,1.069274
g1265,g1265.mp3,7.5755,3,1,3.29932,3.871542,0.572222
g1265,g1265.mp3,7.5755,3,2,4.599161,5.666871,1.06771
g1266,g1266.mp3,8.07175,3,0,0.0,1.043197,1.043197
g1266,g1266.mp3,8.07175,3,1,3.396145,3.933016,0.536871
g1266,g1266.mp3,8.07175,3,2,4.946122,6.004399,1.058277
g1267,g1267.mp3,8.150125,3,0,0.0,1.053923,1.053923
g1267,g1267.mp3,8.150125,3,1,3.119002,3.672404,0.553401
g1267,g1267.mp3,8.150125,3,2,4.864263,5.89873,1.034467
g1268,g1268.mp3,7.262,3,0,0.0,1.059637,1.059637
g1268,g1268.mp3,7.262,3,1,3.071247,3.63542,0.564172
g1268,g1268.mp3,7.262,3,2,4.408639,5.452902,1.044263
g1269,g1269.mp3,7.471,3,0,0.0,1.064989,1.064989
g1269,g1269.mp3,7.471,3,1,3.308662,3.848662,0.54
g1269,g1269.mp3,7.471,3,2,4.588413,5.651837,1.063424
g1270,g1270.mp3,7.288125,3,0,0.0,1.09254,1.09254
g1270,g1270.mp3,7.288125,3,1,2.943039,3.506916,0.563878
g1270,g1270.mp3,7.288125,3,2,4.340748,5.385805,1.045057
g1271,g1271.mp3,7.3665,3,0,0.0,1.059025,1.059025
g1271,g1271.mp3,7.3665,3,1,3.147982,3.694082,0.5461
g1271,g1271.mp3,7.3665,3,2,4.474467,5.531497,1.057029
g1272,g1272.mp3,7.601625,3,0,0.0,1.081769,1.081769
g1272,g1272.mp3,7.601625,3,1,3.35415,3.889433,0.535283
g1272,g1272.mp3,7.601625,3,2,4.722925,5.759252,1.036327
g1273,g1273.mp3,8.07175,3,0,0.0,1.04644,1.04644
g1273,g1273.mp3,8.07175,3,1,3.287438,3.804966,0.517528
g1273,g1273.mp3,8.07175,3,2,4.93483,5.967551,1.032721
g1274,g1274.mp3,7.41875,3,0,0.0,1.053946,1.053946
g1274,g1274.mp3,7.41875,3,1,3.296417,3.82932,0.532902
g1274,g1274.mp3,7.41875,3,2,4.583107,5.617846,1.034739
g1276,g1276.mp3,7.86275,3,0,0.0,1.05059,1.05059
g1276,g1276.mp3,7.86275,3,1,3.34263,3.861678,0.519048
g1276,g1276.mp3,7.86275,3,2,4.781361,5.810385,1.029025
g1277,g1277.mp3,7.471,3,0,0.0,1.05322,1.05322
g1277,g1277.mp3,7.471,3,1,3.182834,3.727732,0.544898
g1277,g1277.mp3,7.471,3,2,4.530567,5.577687,1.04712
g1278,g1278.mp3,7.96725,3,0,0.0,1.047642,1.047642
g1278,g1278.mp3,7.96725,3,1,3.15195,3.691361,0.53941
g1278,g1278.mp3,7.96725,3,2,4.774921,5.825692,1.050771
g1279,g1279.mp3,13.531375,6,0,0.0,1.022789,1.022789
g1279,g1279.mp3,13.531375,6,1,3.619773,4.619773,1.0
g1279,g1279.mp3,13.531375,6,2,5.88517,6.885193,1.000023
g1279,g1279.mp3,13.531375,6,3,8.09093,8.542562,0.451633
g1279,g1279.mp3,13.531375,6,4,9.696077,10.696168,1.000091
g1279,g1279.mp3,13.531375,6,5,11.637846,12.637937,1.000091
g1280,g1280.mp3,7.41875,3,0,0.0,1.039501,1.039501
g1280,g1280.mp3,7.41875,3,1,2.887664,3.416122,0.528458
g1280,g1280.mp3,7.41875,3,2,4.334739,5.390204,1.055465
g1281,g1281.mp3,8.751,3,0,0.0,1.062812,1.062812
g1281,g1281.mp3,8.751,3,1,3.224059,3.768957,0.544898
g1281,g1281.mp3,8.751,3,2,5.208458,6.300408,1.09195
g1282,g1282.mp3,7.392625,3,0,0.0,1.047868,1.047868
g1282,g1282.mp3,7.392625,3,1,3.198776,3.715896,0.51712
g1282,g1282.mp3,7.392625,3,2,4.546054,5.561451,1.015397
g1283,g1283.mp3,7.706,3,0,0.0,1.046485,1.046485
g1283,g1283.mp3,7.706,3,1,3.173719,3.698095,0.524376
g1283,g1283.mp3,7.706,3,2,4.619388,5.67356,1.054172
g1284,g1284.mp3,12.9305,6,0,0.0,1.025034,1.025034
g1284,g1284.mp3,12.9305,6,1,3.498957,4.499342,1.000385
g1284,g1284.mp3,12.9305,6,2,5.417868,6.419229,1.001361
g1284,g1284.mp3,12.9305,6,3,7.353832,7.853515,0.499683
g1284,g1284.mp3,12.9305,6,4,8.886349,9.886349,1.0
g1284,g1284.mp3,12.9305,6,5,10.920771,11.92102,1.000249
g1285,g1285.mp3,7.784375,3,0,0.0,1.066395,1.066395
g1285,g1285.mp3,7.784375,3,1,3.227029,3.767755,0.540726
g1285,g1285.mp3,7.784375,3,2,4.706168,5.753492,1.047324
g1286,g1286.mp3,7.471,3,0,0.0,1.030272,1.030272
g1286,g1286.mp3,7.471,3,1,3.142132,3.68678,0.544649
g1286,g1286.mp3,7.471,3,2,4.498299,5.542358,1.044059
g1287,g1287.mp3,8.202375,3,0,0.0,1.041066,1.041066
g1287,g1287.mp3,8.202375,3,1,3.364036,3.882925,0.518889
g1287,g1287.mp3,8.202375,3,2,5.046032,6.073878,1.027846
g1288,g1288.mp3,7.288125,3,0,0.0,1.052721,1.052721
g1288,g1288.mp3,7.288125,3,1,3.093401,3.643401,0.55
g1288,g1288.mp3,7.288125,3,2,4.408753,5.455782,1.047029
g1289,g1289.mp3,7.653875,3,0,0.0,1.048186,1.048186
g1289,g1289.mp3,7.653875,3,1,3.315193,3.832608,0.517415
g1289,g1289.mp3,7.653875,3,2,4.69322,5.733855,1.040635
g1290,g1290.mp3,7.8105,3,0,0.0,1.040975,1.040975
g1290,g1290.mp3,7.8105,3,1,3.421542,3.945147,0.523605
g1290,g1290.mp3,7.8105,3,2,4.805533,5.851701,1.046168
g1291,g1291.mp3,7.549375,3,0,0.0,1.056825,1.056825
g1291,g1291.mp3,7.549375,3,1,3.35195,3.875601,0.523651
g1291,g1291.mp3,7.549375,3,2,4.649161,5.68712,1.037959
g1292,g1292.mp3,7.653875,3,0,0.0,1.053651,1.053651
g1292,g1292.mp3,7.653875,3,1,3.436939,3.97356,0.536621
g1292,g1292.mp3,7.653875,3,2,4.748458,5.801361,1.052902
g1293,g1293.mp3,7.68,3,0,0.0,1.07576,1.07576
g1293,g1293.mp3,7.68,3,1,3.35161,3.887687,0.536077
g1293,g1293.mp3,7.68,3,2,4.736395,5.793719,1.057324
g1294,g1294.mp3,7.471,3,0,0.0,1.044263,1.044263
g1294,g1294.mp3,7.471,3,1,3.039955,3.592562,0.552608
g1294,g1294.mp3,7.471,3,2,4.487166,5.523061,1.035896
g1295,g1295.mp3,7.653875,3,0,0.0,1.063583,1.063583
g1295,g1295.mp3,7.653875,3,1,3.33458,3.8922,0.557619
g1295,g1295.mp3,7.653875,3,2,4.678231,5.731769,1.053537
g1296,g1296.mp3,7.62775,3,0,0.0,1.045601,1.045601
g1296,g1296.mp3,7.62775,3,1,3.404785,3.946213,0.541429
g1296,g1296.mp3,7.62775,3,2,4.745737,5.77068,1.024943
g1297,g1297.mp3,7.444875,3,0,0.0,1.046259,1.046259
g1297,g1297.mp3,7.444875,3,1,3.254853,3.81102,0.556168
g1297,g1297.mp3,7.444875,3,2,4.576893,5.622063,1.04517
g1298,g1298.mp3,8.333,3,0,0.0,1.074104,1.074104
g1298,g1298.mp3,8.333,3,1,3.141814,4.224853,1.083039
g1298,g1298.mp3,8.333,3,2,5.197596,6.232494,1.034898
g1299,g1299.mp3,7.444875,3,0,0.0,1.045057,1.045057
g1299,g1299.mp3,7.444875,3,1,3.133651,3.668821,0.53517
g1299,g1299.mp3,7.444875,3,2,4.487347,5.507664,1.020317
g1300,g1300.mp3,7.5755,3,0,0.0,1.047256,1.047256
g1300,g1300.mp3,7.5755,3,1,2.995238,3.565533,0.570295
g1300,g1300.mp3,7.5755,3,2,4.507937,5.549093,1.041156
g1301,g1301.mp3,7.601625,3,0,0.0,1.028277,1.028277
g1301,g1301.mp3,7.601625,3,1,3.279955,3.827052,0.547098
g1301,g1301.mp3,7.601625,3,2,4.687574,5.722608,1.035034
g1303,g1303.mp3,7.68,3,0,0.0,1.064717,1.064717
g1303,g1303.mp3,7.68,3,1,3.337324,3.891519,0.554195
g1303,g1303.mp3,7.68,3,2,4.712902,5.791043,1.078141
g1304,g1304.mp3,7.471,3,0,0.0,1.043288,1.043288
g1304,g1304.mp3,7.471,3,1,3.33068,3.872562,0.541882
g1304,g1304.mp3,7.471,3,2,4.62322,5.673129,1.049909
g1305,g1305.mp3,7.784375,3,0,0.0,1.055828,1.055828
g1305,g1305.mp3,7.784375,3,1,3.349388,3.901655,0.552268
g1305,g1305.mp3,7.784375,3,2,4.780748,5.811066,1.030317
g1309,g1309.mp3,7.68,3,0,0.0,1.058617,1.058617
g1309,g1309.mp3,7.68,3,1,3.386145,3.932268,0.546122
g1309,g1309.mp3,7.68,3,2,4.756485,5.796168,1.039683
g1311,g1311.mp3,7.444875,3,0,0.0,1.080249,1.080249
g1311,g1311.mp3,7.444875,3,1,3.113605,3.639206,0.525601
g1311,g1311.mp3,7.444875,3,2,4.4639,5.512381,1.048481
g1312,g1312.mp3,7.915,3,0,0.0,1.068254,1.068254
g1312,g1312.mp3,7.915,3,1,3.521361,4.054558,0.533197
g1312,g1312.mp3,7.915,3,2,4.916213,5.968639,1.052426
g1313,g1313.mp3,8.045625,3,0,0.0,1.077302,1.077302
g1313,g1313.mp3,8.045625,3,1,3.585556,4.129955,0.544399
g1313,g1313.mp3,8.045625,3,2,5.054943,6.092245,1.037302
g1314,g1314.mp3,8.07175,3,0,0.0,1.047188,1.047188
g1314,g1314.mp3,8.07175,3,1,3.464376,3.997937,0.53356
g1314,g1314.mp3,8.07175,3,2,4.972109,6.000726,1.028617
g1315,g1315.mp3,8.202375,3,0,0.0,1.060363,1.060363
g1315,g1315.mp3,8.202375,3,1,3.375714,3.923537,0.547823
g1315,g1315.mp3,8.202375,3,2,5.016667,6.05127,1.034603
g1316,g1316.mp3,7.732125,3,0,0.0,1.042698,1.042698
g1316,g1316.mp3,7.732125,3,1,3.13576,3.656848,0.521088
g1316,g1316.mp3,7.732125,3,2,4.680771,5.699116,1.018345
g1317,g1317.mp3,8.2285,3,0,0.0,1.048118,1.048118
g1317,g1317.mp3,8.2285,3,1,3.38229,3.939909,0.557619
g1317,g1317.mp3,8.2285,3,2,5.052925,6.07839,1.025465
g1318,g1318.mp3,7.915,3,0,0.0,1.050204,1.050204
g1318,g1318.mp3,7.915,3,1,3.315215,3.842834,0.527619
g1318,g1318.mp3,7.915,3,2,4.803515,5.841905,1.03839
g1319,g1319.mp3,8.0195,3,0,0.0,1.06263,1.06263
g1319,g1319.mp3,8.0195,3,1,3.49517,4.023469,0.528299
g1319,g1319.mp3,8.0195,3,2,5.000068,6.035941,1.035873
g1320,g1320.mp3,7.888875,3,0,0.0,1.061791,1.061791
g1320,g1320.mp3,7.888875,3,1,3.138594,3.695556,0.556961
g1320,g1320.mp3,7.888875,3,2,4.72712,5.771565,1.044444
g1321,g1321.mp3,7.62775,3,0,0.0,1.051474,1.051474
g1321,g1321.mp3,7.62775,3,1,3.555714,4.09644,0.540726
g1321,g1321.mp3,7.62775,3,2,4.790091,5.844717,1.054626
g1322,g1322.mp3,7.497125,3,0,0.0,1.0522,1.0522
g1322,g1322.mp3,7.497125,3,1,3.470476,4.00839,0.537914
g1322,g1322.mp3,7.497125,3,2,4.689456,5.745465,1.056009
g1323,g1323.mp3,7.444875,3,0,0.0,1.042517,1.042517
g1323,g1323.mp3,7.444875,3,1,3.321247,3.872336,0.551088
g1323,g1323.mp3,7.444875,3,2,4.549274,5.610454,1.061179
g1324,g1324.mp3,7.75825,3,0,0.0,1.060181,1.060181
g1324,g1324.mp3,7.75825,3,1,3.485283,4.018685,0.533401
g1324,g1324.mp3,7.75825,3,2,4.834535,5.857755,1.02322
g1325,g1325.mp3,7.497125,3,0,0.0,1.039002,1.039002
g1325,g1325.mp3,7.497125,3,1,3.746168,4.2961,0.549932
g1325,g1325.mp3,7.497125,3,2,4.810907,5.840023,1.029116
g1326,g1326.mp3,7.888875,3,0,0.0,1.080454,1.080454
g1326,g1326.mp3,7.888875,3,1,3.640272,4.173537,0.533265
g1326,g1326.mp3,7.888875,3,2,4.963923,6.030431,1.066508
g1327,g1327.mp3,8.0195,3,0,0.0,1.04288,1.04288
g1327,g1327.mp3,8.0195,3,1,3.514104,4.045125,0.53102
g1327,g1327.mp3,8.0195,3,2,4.996122,6.025238,1.029116
g1328,g1328.mp3,8.620375,3,0,0.0,1.050113,1.050113
g1328,g1328.mp3,8.620375,3,1,3.336145,3.899297,0.563152
g1328,g1328.mp3,8.620375,3,2,5.178095,6.242766,1.064671
g1329,g1329.mp3,8.0195,3,0,0.0,1.076168,1.076168
g1329,g1329.mp3,8.0195,3,1,3.483129,4.028005,0.544875
g1329,g1329.mp3,8.0195,3,2,4.964717,6.012336,1.047619
g1330,g1330.mp3,7.471,3,0,0.0,1.082698,1.082698
g1330,g1330.mp3,7.471,3,1,3.108866,3.672472,0.563605
g1330,g1330.mp3,7.471,3,2,4.502154,5.557937,1.055782
g1331,g1331.mp3,7.888875,3,0,0.0,1.064512,1.064512
g1331,g1331.mp3,7.888875,3,1,3.271587,3.785125,0.513537
g1331,g1331.mp3,7.888875,3,2,4.756803,5.812132,1.055329
g1332,g1332.mp3,7.68,3,0,0.0,1.050091,1.050091
g1332,g1332.mp3,7.68,3,1,3.320454,3.868073,0.547619
g1332,g1332.mp3,7.68,3,2,4.727755,5.771383,1.043628
g1333,g1333.mp3,7.784375,3,0,0.0,1.038413,1.038413
g1333,g1333.mp3,7.784375,3,1,3.760816,4.279365,0.518549
g1333,g1333.mp3,7.784375,3,2,5.027664,6.070068,1.042404
g1334,g1334.mp3,7.784375,3,0,0.0,1.066644,1.066644
g1334,g1334.mp3,7.784375,3,1,3.233379,3.828707,0.595329
g1334,g1334.mp3,7.784375,3,2,4.743447,5.794195,1.050748
g1335,g1335.mp3,8.045625,3,0,0.0,1.060952,1.060952
g1335,g1335.mp3,8.045625,3,1,3.292358,3.840612,0.548254
g1335,g1335.mp3,8.045625,3,2,4.911156,5.956259,1.045102
g1336,g1336.mp3,8.07175,3,0,0.0,1.051497,1.051497
g1336,g1336.mp3,8.07175,3,1,3.385329,3.908662,0.523333
g1336,g1336.mp3,8.07175,3,2,4.941882,5.969977,1.028095
g1337,g1337.mp3,8.045625,3,0,0.0,1.078322,1.078322
g1337,g1337.mp3,8.045625,3,1,3.40229,3.948685,0.546395
g1337,g1337.mp3,8.045625,3,2,4.960295,6.017914,1.057619
g1338,g1338.mp3,8.202375,3,0,0.0,1.106644,1.106644
g1338,g1338.mp3,8.202375,3,1,3.657778,4.258073,0.600295
g1338,g1338.mp3,8.202375,3,2,5.206508,6.288345,1.081837
g1339,g1339.mp3,7.392625,3,0,0.0,1.062154,1.062154
g1339,g1339.mp3,7.392625,3,1,3.217755,3.767302,0.549546
g1339,g1339.mp3,7.392625,3,2,4.550045,5.579456,1.02941
g1340,g1340.mp3,8.69875,3,0,0.0,1.051814,1.051814
g1340,g1340.mp3,8.69875,3,1,3.347415,3.930567,0.583152
g1340,g1340.mp3,8.69875,3,2,5.287732,6.342177,1.054444
g1341,g1341.mp3,8.568125,3,0,0.0,1.043651,1.043651
g1341,g1341.mp3,8.568125,3,1,3.396757,3.928118,0.531361
g1341,g1341.mp3,8.568125,3,2,5.1778,6.212404,1.034603
g1342,g1342.mp3,8.17625,3,0,0.0,1.053673,1.053673
g1342,g1342.mp3,8.17625,3,1,3.69941,4.267664,0.568254
g1342,g1342.mp3,8.17625,3,2,5.141247,6.189048,1.0478
g1343,g1343.mp3,8.17625,3,0,0.0,1.04127,1.04127
g1343,g1343.mp3,8.17625,3,1,3.456349,4.027234,0.570884
g1343,g1343.mp3,8.17625,3,2,5.036213,6.124694,1.088481
g1344,g1344.mp3,7.601625,3,0,0.0,1.041587,1.041587
g1344,g1344.mp3,7.601625,3,1,3.432902,3.983628,0.550726
g1344,g1344.mp3,7.601625,3,2,4.746871,5.773197,1.026327
g1345,g1345.mp3,7.601625,3,0,0.0,1.053356,1.053356
g1345,g1345.mp3,7.601625,3,1,3.538753,4.076893,0.538141
g1345,g1345.mp3,7.601625,3,2,4.784286,5.842381,1.058095
g1346,g1346.mp3,7.888875,3,0,0.0,1.06941,1.06941
g1346,g1346.mp3,7.888875,3,1,3.615782,4.151451,0.535669
g1346,g1346.mp3,7.888875,3,2,4.976689,6.014172,1.037483
g1347,g1347.mp3,8.045625,3,0,0.0,1.055374,1.055374
g1347,g1347.mp3,8.045625,3,1,3.447302,3.980703,0.533401
g1347,g1347.mp3,8.045625,3,2,4.98585,6.009025,1.023175
g1348,g1348.mp3,7.653875,3,0,0.0,1.04805,1.04805
g1348,g1348.mp3,7.653875,3,1,3.176349,3.722562,0.546213
g1348,g1348.mp3,7.653875,3,2,4.640816,5.681293,1.040476
g1349,g1349.mp3,7.183625,3,0,0.0,1.075057,1.075057
g1349,g1349.mp3,7.183625,3,1,3.522336,4.059025,0.536689
g1349,g1349.mp3,7.183625,3,2,4.580703,5.597642,1.016939
g1350,g1350.mp3,6.844,3,0,0.0,1.045465,1.045465
g1350,g1350.mp3,6.844,3,1,3.154172,3.667098,0.512925
g1350,g1350.mp3,6.844,3,2,4.224172,5.259002,1.03483
g1351,g1351.mp3,7.52325,3,0,0.0,1.060295,1.060295
g1351,g1351.mp3,7.52325,3,1,3.30322,3.81415,0.51093
g1351,g1351.mp3,7.52325,3,2,4.657279,5.677619,1.02034
g1352,g1352.mp3,6.9485,3,0,0.0,1.042177,1.042177
g1352,g1352.mp3,6.9485,3,1,3.318163,3.83576,0.517596
g1352,g1352.mp3,6.9485,3,2,4.388435,5.437846,1.04941
g1353,g1353.mp3,7.471,3,0,0.0,1.052585,1.052585
g1353,g1353.mp3,7.471,3,1,3.344898,3.8722,0.527302
g1353,g1353.mp3,7.471,3,2,4.611633,5.646281,1.034649
g1354,g1354.mp3,8.568125,3,0,0.0,1.025374,1.025374
g1354,g1354.mp3,8.568125,3,1,3.72127,4.244331,0.523061
g1354,g1354.mp3,8.568125,3,2,5.355057,6.387528,1.032472
g1355,g1355.mp3,7.86275,3,0,0.0,1.052313,1.052313
g1355,g1355.mp3,7.86275,3,1,3.712041,4.237029,0.524989
g1355,g1355.mp3,7.86275,3,2,4.996508,6.013923,1.017415
g1356,g1356.mp3,8.17625,3,0,0.0,1.063696,1.063696
g1356,g1356.mp3,8.17625,3,1,3.480862,4.028027,0.547166
g1356,g1356.mp3,8.17625,3,2,5.037574,6.06873,1.031156
g1357,g1357.mp3,8.17625,3,0,0.0,1.053039,1.053039
g1357,g1357.mp3,8.17625,3,1,3.449705,3.983424,0.533719
g1357,g1357.mp3,8.17625,3,2,5.021202,6.07127,1.050068
g1358,g1358.mp3,7.471,3,0,0.0,1.068957,1.068957
g1358,g1358.mp3,7.471,3,1,3.218095,3.754671,0.536576
g1358,g1358.mp3,7.471,3,2,4.573605,5.602177,1.028571
g1359,g1359.mp3,7.836625,3,0,0.0,1.059184,1.059184
g1359,g1359.mp3,7.836625,3,1,3.336281,3.88805,0.551769
g1359,g1359.mp3,7.836625,3,2,4.770748,5.804467,1.033719
g1360,g1360.mp3,7.026875,3,0,0.0,1.046757,1.046757
g1360,g1360.mp3,7.026875,3,1,3.262608,3.786168,0.52356
g1360,g1360.mp3,7.026875,3,2,4.354898,5.387007,1.032109
g1361,g1361.mp3,7.784375,3,0,0.0,1.025057,1.025057
g1361,g1361.mp3,7.784375,3,1,3.501746,4.502245,1.000499
g1361,g1361.mp3,7.784375,3,2,5.622426,6.622517,1.000091
g1362,g1362.mp3,12.460375,6,0,0.0,1.023447,1.023447
g1362,g1362.mp3,12.460375,6,1,3.48771,4.48771,1.0
g1362,g1362.mp3,12.460375,6,2,5.25678,6.256803,1.000023
g1362,g1362.mp3,12.460375,6,3,7.011338,7.568617,0.557279
g1362,g1362.mp3,12.460375,6,4,8.699138,9.699138,1.0
g1362,g1362.mp3,12.460375,6,5,10.569773,11.569819,1.000045
g1363,g1363.mp3,7.340375,3,0,0.0,1.042744,1.042744
g1363,g1363.mp3,7.340375,3,1,3.431134,3.947664,0.516531
g1363,g1363.mp3,7.340375,3,2,4.574535,5.623968,1.049433
g1364,g1364.mp3,7.235875,3,0,0.0,1.037642,1.037642
g1364,g1364.mp3,7.235875,3,1,3.502993,4.024422,0.521429
g1364,g1364.mp3,7.235875,3,2,4.580091,5.636122,1.056032
g1365,g1365.mp3,7.601625,3,0,0.0,1.050726,1.050726
g1365,g1365.mp3,7.601625,3,1,3.528957,4.061837,0.53288
g1365,g1365.mp3,7.601625,3,2,4.795193,5.845873,1.05068
g1366,g1366.mp3,8.2285,3,0,0.0,1.087052,1.087052
g1366,g1366.mp3,8.2285,3,1,3.740567,4.289932,0.549365
g1366,g1366.mp3,8.2285,3,2,5.175306,6.199546,1.02424
g1367,g1367.mp3,7.993375,3,0,0.0,1.053061,1.053061
g1367,g1367.mp3,7.993375,3,1,3.361202,3.903673,0.542472
g1367,g1367.mp3,7.993375,3,2,4.908934,5.971202,1.062268
g1368,g1368.mp3,7.444875,3,0,0.0,1.025034,1.025034
g1368,g1368.mp3,7.444875,3,1,3.583492,4.583492,1.0
g1368,g1368.mp3,7.444875,3,2,5.513356,6.513673,1.000317
g1369,g1369.mp3,7.86275,3,0,0.0,1.080522,1.080522
g1369,g1369.mp3,7.86275,3,1,3.653447,4.194649,0.541202
g1369,g1369.mp3,7.86275,3,2,4.954943,5.98678,1.031837
g1370,g1370.mp3,8.542,3,0,0.0,1.061837,1.061837
g1370,g1370.mp3,8.542,3,1,3.672766,4.212313,0.539546
g1370,g1370.mp3,8.542,3,2,5.315896,6.373787,1.057891
g1371,g1371.mp3,8.359125,3,0,0.0,1.044853,1.044853
g1371,g1371.mp3,8.359125,3,1,3.642676,4.17576,0.533084
g1371,g1371.mp3,8.359125,3,2,5.270091,6.327687,1.057596
g1372,g1372.mp3,7.62775,3,0,0.0,1.054921,1.054921
g1372,g1372.mp3,7.62775,3,1,3.619751,4.176621,0.556871
g1372,g1372.mp3,7.62775,3,2,4.840884,5.901769,1.060884
g1373,g1373.mp3,7.471,3,0,0.0,1.035034,1.035034
g1373,g1373.mp3,7.471,3,1,3.452018,3.960181,0.508163
g1373,g1373.mp3,7.471,3,2,4.67966,5.7039,1.02424
g1374,g1374.mp3,8.17625,3,0,0.0,1.054467,1.054467
g1374,g1374.mp3,8.17625,3,1,3.576599,4.135329,0.55873
g1374,g1374.mp3,8.17625,3,2,5.115306,6.1722,1.056893
g1375,g1375.mp3,7.86275,3,0,0.0,1.060612,1.060612
g1375,g1375.mp3,7.86275,3,1,3.469773,4.01059,0.540816
g1375,g1375.mp3,7.86275,3,2,4.893583,5.914694,1.021111
g1376,g1376.mp3,7.836625,3,0,0.0,1.062925,1.062925
g1376,g1376.mp3,7.836625,3,1,3.642925,4.205601,0.562676
g1376,g1376.mp3,7.836625,3,2,4.970748,6.01093,1.040181
g1377,g1377.mp3,7.183625,3,0,0.0,1.074943,1.074943
g1377,g1377.mp3,7.183625,3,1,3.420952,3.958345,0.537392
g1377,g1377.mp3,7.183625,3,2,4.498844,5.525714,1.026871
g1378,g1378.mp3,6.922375,3,0,0.0,1.067279,1.067279
g1378,g1378.mp3,6.922375,3,1,3.267256,3.791474,0.524218
g1378,g1378.mp3,6.922375,3,2,4.281701,5.331746,1.050045
g1379,g1379.mp3,8.07175,3,0,0.0,1.083673,1.083673
g1379,g1379.mp3,8.07175,3,1,3.604943,4.130703,0.52576
g1379,g1379.mp3,8.07175,3,2,5.031769,6.079887,1.048118
g1380,g1380.mp3,7.131375,3,0,0.0,1.03907,1.03907
g1380,g1380.mp3,7.131375,3,1,3.251927,3.782426,0.530499
g1380,g1380.mp3,7.131375,3,2,4.424172,5.459977,1.035805
g1381,g1381.mp3,7.915,3,0,0.0,1.077506,1.077506
g1381,g1381.mp3,7.915,3,1,3.567143,4.093605,0.526463
g1381,g1381.mp3,7.915,3,2,4.951927,5.988571,1.036644
g1382,g1382.mp3,7.941125,3,0,0.0,1.031156,1.031156
g1382,g1382.mp3,7.941125,3,1,3.807619,4.336145,0.528526
g1382,g1382.mp3,7.941125,3,2,5.102404,6.14102,1.038617
g1383,g1383.mp3,7.52325,3,0,0.0,1.053855,1.053855
g1383,g1383.mp3,7.52325,3,1,3.416644,3.949048,0.532404
g1383,g1383.mp3,7.52325,3,2,4.672132,5.702698,1.030567
g1384,g1384.mp3,7.8105,3,0,0.0,1.059501,1.059501
g1384,g1384.mp3,7.8105,3,1,3.39839,3.966327,0.567937
g1384,g1384.mp3,7.8105,3,2,4.816281,5.851519,1.035238
g1385,g1385.mp3,7.8105,3,0,0.0,1.047347,1.047347
g1385,g1385.mp3,7.8105,3,1,3.543673,4.080612,0.536939
g1385,g1385.mp3,7.8105,3,2,4.918821,5.979615,1.060794
g1386,g1386.mp3,7.86275,3,0,0.0,1.042245,1.042245
g1386,g1386.mp3,7.86275,3,1,3.549161,4.093061,0.5439
g1386,g1386.mp3,7.86275,3,2,4.932018,5.961565,1.029546
g1387,g1387.mp3,7.549375,3,0,0.0,1.043469,1.043469
g1387,g1387.mp3,7.549375,3,1,3.419751,3.947732,0.527982
g1387,g1387.mp3,7.549375,3,2,4.706077,5.730884,1.024807
g1388,g1388.mp3,7.471,3,0,0.0,1.06737,1.06737
g1388,g1388.mp3,7.471,3,1,3.380249,3.88805,0.5078
g1388,g1388.mp3,7.471,3,2,4.604467,5.636939,1.032472
g1389,g1389.mp3,7.3665,3,0,0.0,1.05263,1.05263
g1389,g1389.mp3,7.3665,3,1,3.431088,3.960975,0.529887
g1389,g1389.mp3,7.3665,3,2,4.609909,5.630113,1.020204
g1390,g1390.mp3,6.844,3,0,0.0,1.050363,1.050363
g1390,g1390.mp3,6.844,3,1,3.282676,3.808912,0.526236
g1390,g1390.mp3,6.844,3,2,4.258889,5.293016,1.034127
g1391,g1391.mp3,7.497125,3,0,0.0,1.046576,1.046576
g1391,g1391.mp3,7.497125,3,1,3.745079,4.275351,0.530272
g1391,g1391.mp3,7.497125,3,2,4.802336,5.823129,1.020794
g1392,g1392.mp3,7.732125,3,0,0.0,1.06415,1.06415
g1392,g1392.mp3,7.732125,3,1,3.499909,4.036689,0.53678
g1392,g1392.mp3,7.732125,3,2,4.822517,5.843696,1.021179
g1393,g1393.mp3,7.941125,3,0,0.0,1.062358,1.062358
g1393,g1393.mp3,7.941125,3,1,3.638458,4.28932,0.650862
g1393,g1393.mp3,7.941125,3,2,5.080136,6.115011,1.034875
g1394,g1394.mp3,7.549375,3,0,0.0,1.055215,1.055215
g1394,g1394.mp3,7.549375,3,1,3.460272,3.98551,0.525238
g1394,g1394.mp3,7.549375,3,2,4.724717,5.776757,1.052041
g1395,g1395.mp3,7.8105,3,0,0.0,1.07127,1.07127
g1395,g1395.mp3,7.8105,3,1,3.656644,4.190862,0.534218
g1395,g1395.mp3,7.8105,3,2,4.94068,5.970862,1.030181
g1396,g1396.mp3,7.86275,3,0,0.0,1.074921,1.074921
g1396,g1396.mp3,7.86275,3,1,3.407596,3.943923,0.536327
g1396,g1396.mp3,7.86275,3,2,4.869184,5.901542,1.032358
g1397,g1397.mp3,7.471,3,0,0.0,1.040884,1.040884
g1397,g1397.mp3,7.471,3,1,3.627166,4.168526,0.541361
g1397,g1397.mp3,7.471,3,2,4.779592,5.816576,1.036984
g1398,g1398.mp3,7.601625,3,0,0.0,1.048753,1.048753
g1398,g1398.mp3,7.601625,3,1,3.640522,4.175351,0.53483
g1398,g1398.mp3,7.601625,3,2,4.829388,5.901746,1.072358
g1399,g1399.mp3,12.042375,6,0,0.0,1.024172,1.024172
g1399,g1399.mp3,12.042375,6,1,3.54576,4.54576,1.0
g1399,g1399.mp3,12.042375,6,2,5.159546,6.159524,0.999977
g1399,g1399.mp3,12.042375,6,3,6.729796,7.223492,0.493696
g1399,g1399.mp3,12.042375,6,4,8.41034,9.41034,1.0
g1399,g1399.mp3,12.042375,6,5,10.233084,11.233651,1.000567
g1400,g1400.mp3,7.497125,3,0,0.0,1.072653,1.072653
g1400,g1400.mp3,7.497125,3,1,3.354807,3.898345,0.543537
g1400,g1400.mp3,7.497125,3,2,4.639138,5.67907,1.039932
g1401,g1401.mp3,7.549375,3,0,0.0,1.057846,1.057846
g1401,g1401.mp3,7.549375,3,1,3.347166,3.884898,0.537732
g1401,g1401.mp3,7.549375,3,2,4.660794,5.705556,1.044762
g1402,g1402.mp3,7.549375,3,0,0.0,1.039365,1.039365
g1402,g1402.mp3,7.549375,3,1,3.670748,4.216281,0.545533
g1402,g1402.mp3,7.549375,3,2,4.859206,5.888707,1.029501
g1403,g1403.mp3,7.444875,3,0,0.0,1.045011,1.045011
g1403,g1403.mp3,7.444875,3,1,3.587279,4.131633,0.544354
g1403,g1403.mp3,7.444875,3,2,4.75102,5.798889,1.047868
g1404,g1404.mp3,7.68,3,0,0.0,1.037234,1.037234
g1404,g1404.mp3,7.68,3,1,3.138209,4.173968,1.03576
g1404,g1404.mp3,7.68,3,2,4.846304,5.901678,1.055374
g1405,g1405.mp3,7.5755,3,0,0.0,1.053333,1.053333
g1405,g1405.mp3,7.5755,3,1,3.50263,4.040998,0.538367
g1405,g1405.mp3,7.5755,3,2,4.736644,5.781224,1.04458
g1406,g1406.mp3,7.732125,3,0,0.0,1.035034,1.035034
g1406,g1406.mp3,7.732125,3,1,3.491361,4.020544,0.529184
g1406,g1406.mp3,7.732125,3,2,4.841565,5.878209,1.036644
g1407,g1407.mp3,7.340375,3,0,0.0,1.039841,1.039841
g1407,g1407.mp3,7.340375,3,1,3.302834,3.828753,0.525918
g1407,g1407.mp3,7.340375,3,2,4.566145,5.603061,1.036916
g1408,g1408.mp3,7.62775,3,0,0.0,1.046553,1.046553
g1408,g1408.mp3,7.62775,3,1,3.342472,3.879002,0.536531
g1408,g1408.mp3,7.62775,3,2,4.759683,5.809433,1.049751
g1409,g1409.mp3,7.444875,3,0,0.0,1.078662,1.078662
g1409,g1409.mp3,7.444875,3,1,3.335533,3.846553,0.51102
g1409,g1409.mp3,7.444875,3,2,4.647868,5.681701,1.033832
g1410,g1410.mp3,7.131375,3,0,0.0,1.057007,1.057007
g1410,g1410.mp3,7.131375,3,1,3.373243,3.890703,0.51746
g1410,g1410.mp3,7.131375,3,2,4.474308,5.500703,1.026395
g1411,g1411.mp3,7.235875,3,0,0.0,1.039388,1.039388
g1411,g1411.mp3,7.235875,3,1,3.148005,3.668186,0.520181
g1411,g1411.mp3,7.235875,3,2,4.384943,5.413583,1.028639
g1412,g1412.mp3,7.497125,3,0,0.0,1.058866,1.058866
g1412,g1412.mp3,7.497125,3,1,3.442381,3.95907,0.516689
g1412,g1412.mp3,7.497125,3,2,4.695669,5.716327,1.020658
g1413,g1413.mp3,7.706,3,0,0.0,1.065896,1.065896
g1413,g1413.mp3,7.706,3,1,3.454036,3.990544,0.536508
g1413,g1413.mp3,7.706,3,2,4.811134,5.839229,1.028095
g1414,g1414.mp3,7.915,3,0,0.0,1.054717,1.054717
g1414,g1414.mp3,7.915,3,1,3.730023,4.264036,0.534014
g1414,g1414.mp3,7.915,3,2,5.009206,6.071519,1.062313
g1415,g1415.mp3,7.941125,3,0,0.0,1.047052,1.047052
g1415,g1415.mp3,7.941125,3,1,3.612063,4.134898,0.522834
g1415,g1415.mp3,7.941125,3,2,4.973469,5.995805,1.022336
g1417,g1417.mp3,7.262,3,0,0.0,1.047098,1.047098
g1417,g1417.mp3,7.262,3,1,3.723039,4.248957,0.525918
g1417,g1417.mp3,7.262,3,2,4.713878,5.768254,1.054376
g1418,g1418.mp3,7.497125,3,0,0.0,1.055692,1.055692
g1418,g1418.mp3,7.497125,3,1,3.686485,4.21102,0.524535
g1418,g1418.mp3,7.497125,3,2,4.849433,5.876349,1.026916
g1419,g1419.mp3,8.568125,3,0,0.0,1.061111,1.061111
g1419,g1419.mp3,8.568125,3,1,3.630839,4.164286,0.533447
g1419,g1419.mp3,8.568125,3,2,5.335896,6.365918,1.030023
g1421,g1421.mp3,8.6465,3,0,0.0,1.030794,1.030794
g1421,g1421.mp3,8.6465,3,1,3.408957,3.942472,0.533515
g1421,g1421.mp3,8.6465,3,2,5.301043,6.323424,1.022381
g1422,g1422.mp3,8.045625,3,0,0.0,1.043447,1.043447
g1422,g1422.mp3,8.045625,3,1,3.709138,4.227075,0.517937
g1422,g1422.mp3,8.045625,3,2,5.13356,6.149751,1.01619
g1423,g1423.mp3,8.0195,3,0,0.0,1.041995,1.041995
g1423,g1423.mp3,8.0195,3,1,3.616735,4.150952,0.534218
g1423,g1423.mp3,8.0195,3,2,5.076689,6.10034,1.023651
g1424,g1424.mp3,7.5755,3,0,0.0,1.042517,1.042517
g1424,g1424.mp3,7.5755,3,1,3.520091,4.048345,0.528254
g1424,g1424.mp3,7.5755,3,2,4.723016,5.762925,1.039909
g1425,g1425.mp3,8.463625,3,0,0.0,1.032358,1.032358
g1425,g1425.mp3,8.463625,3,1,3.628231,4.148617,0.520385
g1425,g1425.mp3,8.463625,3,2,5.27458,6.343333,1.068753
g1426,g1426.mp3,8.097875,3,0,0.0,1.056689,1.056689
g1426,g1426.mp3,8.097875,3,1,3.694717,4.227574,0.532857
g1426,g1426.mp3,8.097875,3,2,5.11619,6.151882,1.035692
g1427,g1427.mp3,7.10525,3,0,0.0,1.034762,1.034762
g1427,g1427.mp3,7.10525,3,1,3.344127,3.84424,0.500113
g1427,g1427.mp3,7.10525,3,2,4.423719,5.449138,1.02542
g1428,g1428.mp3,7.96725,3,0,0.0,1.075193,1.075193
g1428,g1428.mp3,7.96725,3,1,3.532086,4.065147,0.533061
g1428,g1428.mp3,7.96725,3,2,4.988549,6.014331,1.025782
g1429,g1429.mp3,8.202375,3,0,0.0,1.062993,1.062993
g1429,g1429.mp3,8.202375,3,1,3.582472,4.130272,0.5478
g1429,g1429.mp3,8.202375,3,2,5.088662,6.130023,1.041361
g1430,g1430.mp3,6.922375,3,0,0.0,1.045283,1.045283
g1430,g1430.mp3,6.922375,3,1,3.290658,3.845714,0.555057
g1430,g1430.mp3,6.922375,3,2,4.329524,5.333764,1.00424
g1431,g1431.mp3,7.732125,3,0,0.0,1.086531,1.086531
g1431,g1431.mp3,7.732125,3,1,3.58907,4.154921,0.56585
g1431,g1431.mp3,7.732125,3,2,4.900771,5.920317,1.019546
g1432,g1432.mp3,14.184375,6,0,0.0,1.023197,1.023197
g1432,g1432.mp3,14.184375,6,1,3.749025,4.749116,1.000091
g1432,g1432.mp3,14.184375,6,2,5.59932,6.599524,1.000204
g1432,g1432.mp3,14.184375,6,3,7.501927,8.002154,0.500227
g1432,g1432.mp3,14.184375,6,4,10.62068,11.620816,1.000136
g1432,g1432.mp3,14.184375,6,5,12.385397,13.38619,1.000794
g1433,g1433.mp3,12.6955,6,0,0.0,1.025057,1.025057
g1433,g1433.mp3,12.6955,6,1,3.867891,4.867959,1.000068
g1433,g1433.mp3,12.6955,6,2,5.754467,6.754943,1.000476
g1433,g1433.mp3,12.6955,6,3,7.667279,8.175442,0.508163
g1433,g1433.mp3,12.6955,6,4,9.302857,10.302857,1.0
g1433,g1433.mp3,12.6955,6,5,11.016508,12.016803,1.000295
g1434,g1434.mp3,7.444875,3,0,0.0,1.063061,1.063061
g1434,g1434.mp3,7.444875,3,1,3.511338,4.044467,0.533129
g1434,g1434.mp3,7.444875,3,2,4.688322,5.726916,1.038594
g1435,g1435.mp3,7.444875,3,0,0.0,1.036281,1.036281
g1435,g1435.mp3,7.444875,3,1,3.459025,3.980771,0.521746
g1435,g1435.mp3,7.444875,3,2,4.670363,5.680567,1.010204
g1436,g1436.mp3,7.3665,3,0,0.0,1.047075,1.047075
g1436,g1436.mp3,7.3665,3,1,3.598435,4.622358,1.023923
g1436,g1436.mp3,7.3665,3,2,4.966077,6.003605,1.037528
g1437,g1437.mp3,7.10525,3,0,0.0,1.038254,1.038254
g1437,g1437.mp3,7.10525,3,1,3.472154,3.996553,0.524399
g1437,g1437.mp3,7.10525,3,2,4.497052,5.53941,1.042358
g1438,g1438.mp3,7.288125,3,0,0.0,1.040907,1.040907
g1438,g1438.mp3,7.288125,3,1,3.343469,3.906984,0.563515
g1438,g1438.mp3,7.288125,3,2,4.547415,5.560975,1.01356
g1439,g1439.mp3,7.026875,3,0,0.0,1.067052,1.067052
g1439,g1439.mp3,7.026875,3,1,3.350091,3.864943,0.514853
g1439,g1439.mp3,7.026875,3,2,4.422132,5.444989,1.022857
g1441,g1441.mp3,8.829375,3,0,0.0,1.069501,1.069501
g1441,g1441.mp3,8.829375,3,1,3.471519,4.020567,0.549048
g1441,g1441.mp3,8.829375,3,2,5.347392,6.381791,1.034399
g1442,g1442.mp3,7.471,3,0,0.0,1.044036,1.044036
g1442,g1442.mp3,7.471,3,1,3.327528,3.854104,0.526576
g1442,g1442.mp3,7.471,3,2,4.641293,5.658662,1.01737
g1443,g1443.mp3,7.079125,3,0,0.0,1.025057,1.025057
g1443,g1443.mp3,7.079125,3,1,3.657506,4.657528,1.000023
g1443,g1443.mp3,7.079125,3,2,5.359683,6.359955,1.000272
g1444,g1444.mp3,7.941125,3,0,0.0,1.064354,1.064354
g1444,g1444.mp3,7.941125,3,1,3.402721,3.920136,0.517415
g1444,g1444.mp3,7.941125,3,2,4.901088,5.957075,1.055986
g1445,g1445.mp3,7.836625,3,0,0.0,1.058254,1.058254
g1445,g1445.mp3,7.836625,3,1,3.495556,4.022766,0.527211
g1445,g1445.mp3,7.836625,3,2,4.874989,5.913605,1.038617
g1446,g1446.mp3,7.52325,3,0,0.0,1.040907,1.040907
g1446,g1446.mp3,7.52325,3,1,3.445102,3.943379,0.498277
g1446,g1446.mp3,7.52325,3,2,4.736961,5.76229,1.025329
g1447,g1447.mp3,7.68,3,0,0.0,1.038005,1.038005
g1447,g1447.mp3,7.68,3,1,3.39737,3.931315,0.533946
g1447,g1447.mp3,7.68,3,2,4.762222,5.791882,1.02966
g1448,g1448.mp3,7.340375,3,0,0.0,1.047483,1.047483
g1448,g1448.mp3,7.340375,3,1,3.28907,3.813719,0.524649
g1448,g1448.mp3,7.340375,3,2,4.55941,5.595238,1.035828
g1449,g1449.mp3,7.471,3,0,0.0,1.043107,1.043107
g1449,g1449.mp3,7.471,3,1,3.399252,3.939864,0.540612
g1449,g1449.mp3,7.471,3,2,4.65415,5.689048,1.034898
g1450,g1450.mp3,7.31425,3,0,0.0,1.044739,1.044739
g1450,g1450.mp3,7.31425,3,1,3.081587,3.595351,0.513764
g1450,g1450.mp3,7.31425,3,2,4.427029,5.456281,1.029252
g1451,g1451.mp3,7.444875,3,0,0.0,1.053379,1.053379
g1451,g1451.mp3,7.444875,3,1,3.401134,3.947687,0.546553
g1451,g1451.mp3,7.444875,3,2,4.625397,5.664104,1.038707
g1452,g1452.mp3,7.75825,3,0,0.0,1.044535,1.044535
g1452,g1452.mp3,7.75825,3,1,3.434082,3.991973,0.557891
g1452,g1452.mp3,7.75825,3,2,4.838617,5.871769,1.033152
g1453,g1453.mp3,7.235875,3,0,0.0,1.062698,1.062698
g1453,g1453.mp3,7.235875,3,1,3.293061,3.847937,0.554875
g1453,g1453.mp3,7.235875,3,2,4.500476,5.558662,1.058186
g1454,g1454.mp3,7.5755,3,0,0.0,1.070771,1.070771
g1454,g1454.mp3,7.5755,3,1,3.300522,3.836032,0.53551
g1454,g1454.mp3,7.5755,3,2,4.651678,5.672608,1.02093
g1455,g1455.mp3,8.045625,3,0,0.0,1.042698,1.042698
g1455,g1455.mp3,8.045625,3,1,3.467438,3.975351,0.507914
g1455,g1455.mp3,8.045625,3,2,4.927914,5.982698,1.054785
g1456,g1456.mp3,7.20975,3,0,0.0,1.059048,1.059048
g1456,g1456.mp3,7.20975,3,1,3.25068,3.779683,0.529002
g1456,g1456.mp3,7.20975,3,2,4.45127,5.476009,1.024739
g1457,g1457.mp3,7.52325,3,0,0.0,1.044966,1.044966
g1457,g1457.mp3,7.52325,3,1,3.293039,3.826984,0.533946
g1457,g1457.mp3,7.52325,3,2,4.640612,5.678118,1.037506
g1458,g1458.mp3,7.288125,3,0,0.0,1.035329,1.035329
g1458,g1458.mp3,7.288125,3,1,3.230227,3.760113,0.529887
g1458,g1458.mp3,7.288125,3,2,4.498503,5.530136,1.031633
g1459,g1459.mp3,8.254625,3,0,0.0,1.060295,1.060295
g1459,g1459.mp3,8.254625,3,1,3.708186,4.233333,0.525147
g1459,g1459.mp3,8.254625,3,2,5.225986,6.265986,1.04
g1460,g1460.mp3,7.68,3,0,0.0,1.047234,1.047234
g1460,g1460.mp3,7.68,3,1,3.132812,3.674082,0.54127
g1460,g1460.mp3,7.68,3,2,4.63805,5.676349,1.038299
g1461,g1461.mp3,7.86275,3,0,0.0,1.023061,1.023061
g1461,g1461.mp3,7.86275,3,1,3.725714,4.725714,1.0
g1461,g1461.mp3,7.86275,3,2,5.800998,6.800998,1.0
g1462,g1462.mp3,7.183625,3,0,0.0,1.050249,1.050249
g1462,g1462.mp3,7.183625,3,1,3.379048,3.907098,0.52805
g1462,g1462.mp3,7.183625,3,2,4.475896,5.490839,1.014943
g1463,g1463.mp3,7.941125,3,0,0.0,1.047052,1.047052
g1463,g1463.mp3,7.941125,3,1,3.393968,3.919841,0.525873
g1463,g1463.mp3,7.941125,3,2,4.85102,5.898163,1.047143
g1464,g1464.mp3,7.549375,3,0,0.0,1.061927,1.061927
g1464,g1464.mp3,7.549375,3,1,3.623605,4.159887,0.536281
g1464,g1464.mp3,7.549375,3,2,4.802562,5.841519,1.038957
g1465,g1465.mp3,7.497125,3,0,0.0,1.055737,1.055737
g1465,g1465.mp3,7.497125,3,1,3.573832,4.115261,0.541429
g1465,g1465.mp3,7.497125,3,2,4.730227,5.760272,1.030045
g1466,g1466.mp3,7.86275,3,0,0.0,1.062789,1.062789
g1466,g1466.mp3,7.86275,3,1,3.653288,4.209478,0.55619
g1466,g1466.mp3,7.86275,3,2,4.974308,5.998209,1.0239
g1467,g1467.mp3,7.993375,3,0,0.0,1.044376,1.044376
g1467,g1467.mp3,7.993375,3,1,3.469705,3.992676,0.522971
g1467,g1467.mp3,7.993375,3,2,4.949887,5.977347,1.02746
g1468,g1468.mp3,7.62775,3,0,0.0,1.049365,1.049365
g1468,g1468.mp3,7.62775,3,1,3.208458,3.730227,0.521769
g1468,g1468.mp3,7.62775,3,2,4.649796,5.677551,1.027755
g1469,g1469.mp3,7.68,3,0,0.0,1.083265,1.083265
g1469,g1469.mp3,7.68,3,1,3.616395,4.144263,0.527868
g1469,g1469.mp3,7.68,3,2,4.886463,5.919592,1.033129
g1470,g1470.mp3,7.31425,3,0,0.0,1.046077,1.046077
g1470,g1470.mp3,7.31425,3,1,3.169819,3.68678,0.516961
g1470,g1470.mp3,7.31425,3,2,4.46127,5.505102,1.043832
g1471,g1471.mp3,7.497125,3,0,0.0,1.045329,1.045329
g1471,g1471.mp3,7.497125,3,1,3.309048,3.839819,0.530771
g1471,g1471.mp3,7.497125,3,2,4.600363,5.64322,1.042857
g1472,g1472.mp3,7.288125,3,0,0.0,1.045034,1.045034
g1472,g1472.mp3,7.288125,3,1,3.238413,3.773787,0.535374
g1472,g1472.mp3,7.288125,3,2,4.478277,5.497234,1.018957
g1473,g1473.mp3,6.7395,3,0,0.0,1.050113,1.050113
g1473,g1473.mp3,6.7395,3,1,3.260726,3.781837,0.521111
g1473,g1473.mp3,6.7395,3,2,4.211134,5.249773,1.038639
g1474,g1474.mp3,7.68,3,0,0.0,1.057075,1.057075
g1474,g1474.mp3,7.68,3,1,3.364286,3.883628,0.519342
g1474,g1474.mp3,7.68,3,2,4.732426,5.772925,1.040499
g1475,g1475.mp3,7.262,3,0,0.0,1.035351,1.035351
g1475,g1475.mp3,7.262,3,1,3.368163,3.880431,0.512268
g1475,g1475.mp3,7.262,3,2,4.513311,5.531678,1.018367
g1476,g1476.mp3,7.784375,3,0,0.0,1.050703,1.050703
g1476,g1476.mp3,7.784375,3,1,3.421882,3.934943,0.513061
g1476,g1476.mp3,7.784375,3,2,4.822041,5.866122,1.044082
g1477,g1477.mp3,7.340375,3,0,0.0,1.035125,1.035125
g1477,g1477.mp3,7.340375,3,1,3.27712,3.808299,0.531179
g1477,g1477.mp3,7.340375,3,2,4.532381,5.555057,1.022676
g1478,g1478.mp3,7.706,3,0,0.0,1.060952,1.060952
g1478,g1478.mp3,7.706,3,1,3.106712,3.637823,0.531111
g1478,g1478.mp3,7.706,3,2,4.663175,5.682744,1.019569
g1479,g1479.mp3,8.542,3,0,0.0,1.082449,1.082449
g1479,g1479.mp3,8.542,3,1,3.636757,4.172472,0.535714
g1479,g1479.mp3,8.542,3,2,5.325057,6.33415,1.009093
g1480,g1480.mp3,7.262,3,0,0.0,1.045964,1.045964
g1480,g1480.mp3,7.262,3,1,3.320952,3.832109,0.511156
g1480,g1480.mp3,7.262,3,2,4.529909,5.550862,1.020952
g1481,g1481.mp3,7.915,3,0,0.0,1.052993,1.052993
g1481,g1481.mp3,7.915,3,1,3.332063,3.868435,0.536372
g1481,g1481.mp3,7.915,3,2,4.870522,5.884898,1.014376
g1482,g1482.mp3,7.5755,3,0,0.0,1.029524,1.029524
g1482,g1482.mp3,7.5755,3,1,3.169116,3.691542,0.522426
g1482,g1482.mp3,7.5755,3,2,4.618617,5.643265,1.024649
g1483,g1483.mp3,7.732125,3,0,0.0,1.042653,1.042653
g1483,g1483.mp3,7.732125,3,1,3.249478,3.772721,0.523243
g1483,g1483.mp3,7.732125,3,2,4.705283,5.739705,1.034422
g1484,g1484.mp3,7.20975,3,0,0.0,1.033537,1.033537
g1484,g1484.mp3,7.20975,3,1,3.254739,3.761723,0.506984
g1484,g1484.mp3,7.20975,3,2,4.458027,5.472381,1.014354
g1485,g1485.mp3,7.1575,3,0,0.0,1.04034,1.04034
g1485,g1485.mp3,7.1575,3,1,3.228526,3.739819,0.511293
g1485,g1485.mp3,7.1575,3,2,4.422993,5.449728,1.026735
g1487,g1487.mp3,6.89625,3,0,0.0,1.050499,1.050499
g1487,g1487.mp3,6.89625,3,1,3.387664,3.927415,0.539751
g1487,g1487.mp3,6.89625,3,2,4.322789,5.343447,1.020658
g1488,g1488.mp3,11.337125,6,0,0.0,1.025011,1.025011
g1488,g1488.mp3,11.337125,6,1,3.64229,4.643107,1.000816
g1488,g1488.mp3,11.337125,6,2,5.149093,6.149093,1.0
g1488,g1488.mp3,11.337125,6,3,6.611678,7.112154,0.500476
g1488,g1488.mp3,11.337125,6,4,8.188005,9.188005,1.0
g1488,g1488.mp3,11.337125,6,5,9.752313,10.752608,1.000295
g1490,g1490.mp3,7.262,3,0,0.0,1.02381,1.02381
g1490,g1490.mp3,7.262,3,1,3.153152,4.153968,1.000816
g1490,g1490.mp3,7.262,3,2,5.211791,6.211769,0.999977
g1491,g1491.mp3,7.52325,3,0,0.0,1.045374,1.045374
g1491,g1491.mp3,7.52325,3,1,3.572381,4.111973,0.539592
g1491,g1491.mp3,7.52325,3,2,4.76898,5.810068,1.041088
g1492,g1492.mp3,6.47825,3,0,0.0,1.022834,1.022834
g1492,g1492.mp3,6.47825,3,1,3.455306,4.455896,1.00059
g1492,g1492.mp3,6.47825,3,2,4.930045,5.930091,1.000045
g1493,g1493.mp3,8.254625,3,0,0.0,1.053265,1.053265
g1493,g1493.mp3,8.254625,3,1,4.006689,4.541927,0.535238
g1493,g1493.mp3,8.254625,3,2,5.372562,6.416667,1.044104
g1494,g1494.mp3,8.333,3,0,0.0,1.046825,1.046825
g1494,g1494.mp3,8.333,3,1,3.445102,3.962766,0.517664
g1494,g1494.mp3,8.333,3,2,5.091973,6.125782,1.03381
g1495,g1495.mp3,8.515875,3,0,0.0,1.0261,1.0261
g1495,g1495.mp3,8.515875,3,1,3.627982,4.203923,0.575941
g1495,g1495.mp3,8.515875,3,2,5.307959,6.364195,1.056236
g1496,g1496.mp3,8.568125,3,0,0.0,1.067324,1.067324
g1496,g1496.mp3,8.568125,3,1,3.504762,4.07322,0.568458
g1496,g1496.mp3,8.568125,3,2,5.32263,6.363129,1.040499
g1497,g1497.mp3,7.183625,3,0,0.0,1.048435,1.048435
g1497,g1497.mp3,7.183625,3,1,3.370703,3.925147,0.554444
g1497,g1497.mp3,7.183625,3,2,4.503333,5.519524,1.01619
g1498,g1498.mp3,11.128125,6,0,0.0,1.025034,1.025034
g1498,g1498.mp3,11.128125,6,1,3.155351,4.155556,1.000204
g1498,g1498.mp3,11.128125,6,2,4.769252,5.769297,1.000045
g1498,g1498.mp3,11.128125,6,3,6.374331,6.874376,0.500045
g1498,g1498.mp3,11.128125,6,4,7.950385,8.950363,0.999977
g1498,g1498.mp3,11.128125,6,5,9.517732,10.517823,1.000091
g1499,g1499.mp3,11.755,6,0,0.0,1.025034,1.025034
g1499,g1499.mp3,11.755,6,1,3.761995,4.761995,1.0
g1499,g1499.mp3,11.755,6,2,5.443946,6.444036,1.000091
g1499,g1499.mp3,11.755,6,3,7.275465,7.775465,0.5
g1499,g1499.mp3,11.755,6,4,8.868934,9.868957,1.000023
g1499,g1499.mp3,11.755,6,5,10.318571,11.318889,1.000317
g1500,g1500.mp3,7.183625,3,0,0.0,1.055714,1.055714
g1500,g1500.mp3,7.183625,3,1,3.450023,3.993129,0.543107
g1500,g1500.mp3,7.183625,3,2,4.534512,5.567347,1.032834
g1501,g1501.mp3,6.817875,3,0,0.0,1.037619,1.037619
g1501,g1501.mp3,6.817875,3,1,2.98873,3.519501,0.530771
g1501,g1501.mp3,6.817875,3,2,4.108345,5.15034,1.041995
g1502,g1502.mp3,6.608875,3,0,0.0,1.043832,1.043832
g1502,g1502.mp3,6.608875,3,1,3.035193,3.556576,0.521383
g1502,g1502.mp3,6.608875,3,2,3.994059,5.024626,1.030567
g1503,g1503.mp3,6.4,3,0,0.0,1.025034,1.025034
g1503,g1503.mp3,6.4,3,1,3.220635,4.220952,1.000317
g1503,g1503.mp3,6.4,3,2,4.785034,5.785306,1.000272
g1504,g1504.mp3,7.52325,3,0,0.0,1.062404,1.062404
g1504,g1504.mp3,7.52325,3,1,3.417596,3.945986,0.52839
g1504,g1504.mp3,7.52325,3,2,4.673991,5.68576,1.011769
g1505,g1505.mp3,7.96725,3,0,0.0,1.054127,1.054127
g1505,g1505.mp3,7.96725,3,1,3.366349,3.889206,0.522857
g1505,g1505.mp3,7.96725,3,2,4.885125,5.9322,1.047075
g1506,g1506.mp3,8.045625,3,0,0.0,1.037279,1.037279
g1506,g1506.mp3,8.045625,3,1,3.285941,3.816984,0.531043
g1506,g1506.mp3,8.045625,3,2,4.887483,5.932585,1.045102
g1507,g1507.mp3,7.41875,3,0,0.0,1.025079,1.025079
g1507,g1507.mp3,7.41875,3,1,3.711202,4.711202,1.0
g1507,g1507.mp3,7.41875,3,2,5.541224,6.541293,1.000068
g1508,g1508.mp3,11.04975,6,0,0.0,1.025057,1.025057
g1508,g1508.mp3,11.04975,6,1,3.217778,4.217778,1.0
g1508,g1508.mp3,11.04975,6,2,4.84898,5.84898,1.0
g1508,g1508.mp3,11.04975,6,3,6.551859,7.049252,0.497392
g1508,g1508.mp3,11.04975,6,4,8.066395,9.066508,1.000113
g1508,g1508.mp3,11.04975,6,5,9.631723,10.632313,1.00059
g1509,g1509.mp3,11.572125,6,0,0.0,1.025057,1.025057
g1509,g1509.mp3,11.572125,6,1,3.496304,4.496463,1.000159
g1509,g1509.mp3,11.572125,6,2,5.246621,6.246644,1.000023
g1509,g1509.mp3,11.572125,6,3,7.025805,7.523719,0.497914
g1509,g1509.mp3,11.572125,6,4,8.588776,9.588889,1.000113
g1509,g1509.mp3,11.572125,6,5,10.069116,11.069161,1.000045
g1510,g1510.mp3,6.79175,3,0,0.0,1.078685,1.078685
g1510,g1510.mp3,6.79175,3,1,3.179683,3.713764,0.534082
g1510,g1510.mp3,6.79175,3,2,4.224603,5.225896,1.001293
g1511,g1511.mp3,11.25875,6,0,0.0,1.025057,1.025057
g1511,g1511.mp3,11.25875,6,1,3.41805,4.418549,1.000499
g1511,g1511.mp3,11.25875,6,2,4.974603,5.975261,1.000658
g1511,g1511.mp3,11.25875,6,3,6.535306,6.9961,0.460794
g1511,g1511.mp3,11.25875,6,4,8.082358,9.082358,1.0
g1511,g1511.mp3,11.25875,6,5,9.669841,10.670045,1.000204
g1513,g1513.mp3,13.061125,6,0,0.0,1.025057,1.025057
g1513,g1513.mp3,13.061125,6,1,3.538503,4.538481,0.999977
g1513,g1513.mp3,13.061125,6,2,5.321451,6.322132,1.00068
g1513,g1513.mp3,13.061125,6,3,7.127392,7.6278,0.500408
g1513,g1513.mp3,13.061125,6,4,10.122812,11.122812,1.0
g1513,g1513.mp3,13.061125,6,5,11.5639,12.5639,1.0
g1514,g1514.mp3,7.75825,3,0,0.0,1.043084,1.043084
g1514,g1514.mp3,7.75825,3,1,3.478481,4.001859,0.523379
g1514,g1514.mp3,7.75825,3,2,4.796576,5.810658,1.014082
g1515,g1515.mp3,7.288125,3,0,0.0,1.053197,1.053197
g1515,g1515.mp3,7.288125,3,1,3.236485,3.775079,0.538594
g1515,g1515.mp3,7.288125,3,2,4.484671,5.487188,1.002517
g1516,g1516.mp3,8.150125,3,0,0.0,1.051361,1.051361
g1516,g1516.mp3,8.150125,3,1,3.387914,3.930476,0.542562
g1516,g1516.mp3,8.150125,3,2,4.988141,6.039615,1.051474
g1517,g1517.mp3,8.59425,3,0,0.0,1.077392,1.077392
g1517,g1517.mp3,8.59425,3,1,3.421134,3.95356,0.532426
g1517,g1517.mp3,8.59425,3,2,5.187166,6.232268,1.045102
g1518,g1518.mp3,8.38525,3,0,0.0,1.044671,1.044671
g1518,g1518.mp3,8.38525,3,1,3.326236,3.863084,0.536848
g1518,g1518.mp3,8.38525,3,2,5.04263,6.091791,1.049161
g1519,g1519.mp3,7.053,3,0,0.0,1.046349,1.046349
g1519,g1519.mp3,7.053,3,1,3.410522,3.937302,0.52678
g1519,g1519.mp3,7.053,3,2,4.470317,5.489297,1.01898
g1520,g1520.mp3,6.5305,3,0,0.0,1.031791,1.031791
g1520,g1520.mp3,6.5305,3,1,3.005556,3.520295,0.514739
g1520,g1520.mp3,6.5305,3,2,4.011066,5.013968,1.002902
g1521,g1521.mp3,7.079125,3,0,0.0,1.037846,1.037846
g1521,g1521.mp3,7.079125,3,1,3.213175,3.747823,0.534649
g1521,g1521.mp3,7.079125,3,2,4.369683,5.391088,1.021406
g1522,g1522.mp3,7.392625,3,0,0.0,1.040635,1.040635
g1522,g1522.mp3,7.392625,3,1,3.297234,3.831406,0.534172
g1522,g1522.mp3,7.392625,3,2,4.589388,5.606916,1.017528
g1523,g1523.mp3,8.17625,3,0,0.0,1.086304,1.086304
g1523,g1523.mp3,8.17625,3,1,3.667324,4.239615,0.57229
g1523,g1523.mp3,8.17625,3,2,5.212902,6.256871,1.043968
g1525,g1525.mp3,8.6465,3,0,0.0,1.062154,1.062154
g1525,g1525.mp3,8.6465,3,1,3.59932,4.621995,1.022676
g1525,g1525.mp3,8.6465,3,2,5.575079,6.584467,1.009388
g1526,g1526.mp3,11.964,6,0,0.0,1.025057,1.025057
g1526,g1526.mp3,11.964,6,1,3.658957,4.658957,1.0
g1526,g1526.mp3,11.964,6,2,5.412063,6.412086,1.000023
g1526,g1526.mp3,11.964,6,3,7.080998,7.578866,0.497868
g1526,g1526.mp3,11.964,6,4,8.667098,9.667211,1.000113
g1526,g1526.mp3,11.964,6,5,10.314376,11.314558,1.000181
g1528,g1528.mp3,8.254625,3,0,0.0,1.08644,1.08644
g1528,g1528.mp3,8.254625,3,1,3.771565,4.306395,0.53483
g1528,g1528.mp3,8.254625,3,2,5.233696,6.237029,1.003333
g1529,g1529.mp3,7.392625,3,0,0.0,1.025102,1.025102
g1529,g1529.mp3,7.392625,3,1,3.718481,4.718435,0.999955
g1529,g1529.mp3,7.392625,3,2,5.544127,6.544127,1.0
g1530,g1530.mp3,7.235875,3,0,0.0,1.041497,1.041497
g1530,g1530.mp3,7.235875,3,1,3.006848,3.526848,0.52
g1530,g1530.mp3,7.235875,3,2,4.352925,5.368707,1.015782
g1531,g1531.mp3,8.17625,3,0,0.0,1.057732,1.057732
g1531,g1531.mp3,8.17625,3,1,3.538798,4.115737,0.576939
g1531,g1531.mp3,8.17625,3,2,5.102744,6.126735,1.023991
g1532,g1532.mp3,7.75825,3,0,0.0,1.053447,1.053447
g1532,g1532.mp3,7.75825,3,1,3.486145,4.019683,0.533537
g1532,g1532.mp3,7.75825,3,2,4.863333,5.894966,1.031633
g1533,g1533.mp3,7.549375,3,0,0.0,1.040385,1.040385
g1533,g1533.mp3,7.549375,3,1,3.369093,3.901927,0.532834
g1533,g1533.mp3,7.549375,3,2,4.647982,5.706417,1.058435
g1534,g1534.mp3,6.7395,3,0,0.0,1.049728,1.049728
g1534,g1534.mp3,6.7395,3,1,3.318435,3.828957,0.510522
g1534,g1534.mp3,6.7395,3,2,4.243696,5.262404,1.018707
g1535,g1535.mp3,11.389375,6,0,0.0,1.025193,1.025193
g1535,g1535.mp3,11.389375,6,1,3.830181,4.830272,1.000091
g1535,g1535.mp3,11.389375,6,2,5.359819,6.359887,1.000068
g1535,g1535.mp3,11.389375,6,3,6.942789,7.441156,0.498367
g1535,g1535.mp3,11.389375,6,4,8.553288,9.553243,0.999955
g1535,g1535.mp3,11.389375,6,5,9.955918,10.955918,1.0
g1536,g1536.mp3,11.624375,6,0,0.0,1.025057,1.025057
g1536,g1536.mp3,11.624375,6,1,3.692063,4.692381,1.000317
g1536,g1536.mp3,11.624375,6,2,5.362721,6.362789,1.000068
g1536,g1536.mp3,11.624375,6,3,7.066485,7.564376,0.497891
g1536,g1536.mp3,11.624375,6,4,8.61932,9.619297,0.999977
g1536,g1536.mp3,11.624375,6,5,10.119728,11.119977,1.000249
g1537,g1537.mp3,6.713375,3,0,0.0,1.032517,1.032517
g1537,g1537.mp3,6.713375,3,1,3.421769,3.924082,0.502313
g1537,g1537.mp3,6.713375,3,2,4.279705,5.301088,1.021383
g1538,g1538.mp3,7.601625,3,0,0.0,1.048594,1.048594
g1538,g1538.mp3,7.601625,3,1,3.36517,3.895057,0.529887
g1538,g1538.mp3,7.601625,3,2,4.717528,5.742336,1.024807
g1539,g1539.mp3,7.888875,3,0,0.0,1.053719,1.053719
g1539,g1539.mp3,7.888875,3,1,3.538209,4.067574,0.529365
g1539,g1539.mp3,7.888875,3,2,4.954036,5.990816,1.03678
g1540,g1540.mp3,7.1575,3,0,0.0,1.04381,1.04381
g1540,g1540.mp3,7.1575,3,1,3.069138,3.585578,0.51644
g1540,g1540.mp3,7.1575,3,2,4.343039,5.357619,1.01458
g1541,g1541.mp3,8.4375,3,0,0.0,1.02517,1.02517
g1541,g1541.mp3,8.4375,3,1,3.608163,4.612721,1.004558
g1541,g1541.mp3,8.4375,3,2,6.018685,7.018685,1.0
g1542,g1542.mp3,9.56075,3,0,0.0,1.058617,1.058617
g1542,g1542.mp3,9.56075,3,1,3.709683,4.252449,0.542766
g1542,g1542.mp3,9.56075,3,2,5.932177,6.966259,1.034082
g1543,g1543.mp3,9.168875,3,0,0.0,1.033696,1.033696
g1543,g1543.mp3,9.168875,3,1,3.750295,4.271678,0.521383
g1543,g1543.mp3,9.168875,3,2,5.660839,6.699138,1.038299
g1544,g1544.mp3,7.653875,3,0,0.0,1.063447,1.063447
g1544,g1544.mp3,7.653875,3,1,3.669819,4.22059,0.550771
g1544,g1544.mp3,7.653875,3,2,4.834875,5.876032,1.041156
g1545,g1545.mp3,7.75825,3,0,0.0,1.040408,1.040408
g1545,g1545.mp3,7.75825,3,1,3.457755,3.990952,0.533197
g1545,g1545.mp3,7.75825,3,2,4.803515,5.862834,1.05932
g1546,g1546.mp3,7.5755,3,0,0.0,1.047392,1.047392
g1546,g1546.mp3,7.5755,3,1,3.588594,4.127982,0.539388
g1546,g1546.mp3,7.5755,3,2,4.802404,5.83585,1.033447
g1547,g1547.mp3,7.784375,3,0,0.0,1.038934,1.038934
g1547,g1547.mp3,7.784375,3,1,3.362993,3.898617,0.535624
g1547,g1547.mp3,7.784375,3,2,4.791247,5.816757,1.02551
g1548,g1548.mp3,7.471,3,0,0.0,1.05068,1.05068
g1548,g1548.mp3,7.471,3,1,3.135828,3.663265,0.527438
g1548,g1548.mp3,7.471,3,2,4.559161,5.588005,1.028844
g1549,g1549.mp3,7.62775,4,0,0.0,1.049637,1.049637
g1549,g1549.mp3,7.62775,4,1,3.165079,3.708617,0.543537
g1549,g1549.mp3,7.62775,4,2,4.622698,5.653152,1.030454
g1549,g1549.mp3,7.62775,4,3,5.883515,6.011723,0.128209
g1550,g1550.mp3,7.68,3,0,0.0,1.045488,1.045488
g1550,g1550.mp3,7.68,3,1,3.063628,3.61102,0.547392
g1550,g1550.mp3,7.68,3,2,4.593243,5.621429,1.028186
g1551,g1551.mp3,7.706,3,0,0.0,1.052358,1.052358
g1551,g1551.mp3,7.706,3,1,3.235941,3.793605,0.557664
g1551,g1551.mp3,7.706,3,2,4.681134,5.734172,1.053039
g1552,g1552.mp3,7.601625,4,0,0.0,1.043333,1.043333
g1552,g1552.mp3,7.601625,4,1,2.102109,2.226077,0.123968
g1552,g1552.mp3,7.601625,4,2,3.275964,3.83254,0.556576
g1552,g1552.mp3,7.601625,4,3,4.652132,5.681791,1.02966
g1553,g1553.mp3,7.68,3,0,0.0,1.049819,1.049819
g1553,g1553.mp3,7.68,3,1,3.357279,3.931769,0.57449
g1553,g1553.mp3,7.68,3,2,4.743379,5.794603,1.051224
g1554,g1554.mp3,7.549375,3,0,0.0,1.064354,1.064354
g1554,g1554.mp3,7.549375,3,1,3.302698,3.87068,0.567982
g1554,g1554.mp3,7.549375,3,2,4.656304,5.703696,1.047392
g1555,g1555.mp3,8.359125,3,0,0.0,1.059138,1.059138
g1555,g1555.mp3,8.359125,3,1,3.371224,3.940476,0.569252
g1555,g1555.mp3,8.359125,3,2,5.029093,6.104694,1.075601
g1556,g1556.mp3,8.124,3,0,0.0,1.082063,1.082063
g1556,g1556.mp3,8.124,3,1,3.651043,4.192494,0.541451
g1556,g1556.mp3,8.124,3,2,5.072154,6.379751,1.3075969999999997
g1557,g1557.mp3,8.124,3,0,0.0,1.039456,1.039456
g1557,g1557.mp3,8.124,3,1,3.379569,3.909229,0.52966
g1557,g1557.mp3,8.124,3,2,5.000952,6.030045,1.029093
g1558,g1558.mp3,7.497125,3,0,0.0,1.060816,1.060816
g1558,g1558.mp3,7.497125,3,1,3.221224,3.758209,0.536984
g1558,g1558.mp3,7.497125,3,2,4.655941,5.6839,1.027959
g1559,g1559.mp3,7.340375,3,0,0.0,1.041451,1.041451
g1559,g1559.mp3,7.340375,3,1,3.205034,3.704921,0.499887
g1559,g1559.mp3,7.340375,3,2,4.45254,5.488458,1.035918
g1560,g1560.mp3,7.20975,3,0,0.0,1.034354,1.034354
g1560,g1560.mp3,7.20975,3,1,3.027959,3.543991,0.516032
g1560,g1560.mp3,7.20975,3,2,4.343333,5.36229,1.018957
g1561,g1561.mp3,7.497125,3,0,0.0,1.066417,1.066417
g1561,g1561.mp3,7.497125,3,1,3.364218,3.89322,0.529002
g1561,g1561.mp3,7.497125,3,2,4.647959,5.680907,1.032948
g1562,g1562.mp3,7.601625,3,0,0.0,1.073129,1.073129
g1562,g1562.mp3,7.601625,3,1,3.659229,4.179342,0.520113
g1562,g1562.mp3,7.601625,3,2,4.858912,5.868481,1.009569
g1563,g1563.mp3,7.3665,3,0,0.0,1.040113,1.040113
g1563,g1563.mp3,7.3665,3,1,3.604853,4.138322,0.533469
g1563,g1563.mp3,7.3665,3,2,4.71644,5.751927,1.035488
g1564,g1564.mp3,7.235875,3,0,0.0,1.052971,1.052971
g1564,g1564.mp3,7.235875,3,1,3.42678,3.969955,0.543175
g1564,g1564.mp3,7.235875,3,2,4.574195,5.591156,1.016961
g1565,g1565.mp3,7.706,3,0,0.0,1.027642,1.027642
g1565,g1565.mp3,7.706,3,1,3.462109,3.993356,0.531247
g1565,g1565.mp3,7.706,3,2,4.777755,5.81034,1.032585
g1566,g1566.mp3,7.392625,3,0,0.0,1.063878,1.063878
g1566,g1566.mp3,7.392625,3,1,3.509615,4.027438,0.517823
g1566,g1566.mp3,7.392625,3,2,4.678413,5.708844,1.030431
g1567,g1567.mp3,7.915,3,0,0.0,1.067392,1.067392
g1567,g1567.mp3,7.915,3,1,3.49873,4.04644,0.54771
g1567,g1567.mp3,7.915,3,2,4.931043,5.984036,1.052993
g1568,g1568.mp3,7.5755,3,0,0.0,1.062426,1.062426
g1568,g1568.mp3,7.5755,3,1,3.226803,3.78424,0.557438
g1568,g1568.mp3,7.5755,3,2,4.614082,5.641746,1.027664
g1569,g1569.mp3,8.150125,3,0,0.0,1.065737,1.065737
g1569,g1569.mp3,8.150125,3,1,3.653447,4.216848,0.563401
g1569,g1569.mp3,8.150125,3,2,5.132472,6.154966,1.022494
g1570,g1570.mp3,7.52325,3,0,0.0,1.050794,1.050794
g1570,g1570.mp3,7.52325,3,1,3.223356,3.757574,0.534218
g1570,g1570.mp3,7.52325,3,2,4.586531,5.624875,1.038345
g1571,g1571.mp3,7.8105,3,0,0.0,1.070113,1.070113
g1571,g1571.mp3,7.8105,3,1,3.548413,4.0861,0.537687
g1571,g1571.mp3,7.8105,3,2,4.907596,5.94059,1.032993
g1572,g1572.mp3,7.340375,3,0,0.0,1.055079,1.055079
g1572,g1572.mp3,7.340375,3,1,3.431701,3.953265,0.521565
g1572,g1572.mp3,7.340375,3,2,4.583651,5.62576,1.042109
g1574,g1574.mp3,8.0195,3,0,0.0,1.03898,1.03898
g1574,g1574.mp3,8.0195,3,1,3.756961,4.283084,0.526122
g1574,g1574.mp3,8.0195,3,2,5.109932,6.138118,1.028186
g1575,g1575.mp3,7.8105,3,0,0.0,1.064172,1.064172
g1575,g1575.mp3,7.8105,3,1,3.641293,4.189138,0.547846
g1575,g1575.mp3,7.8105,3,2,5.021338,6.058413,1.037075
g1576,g1576.mp3,7.68,3,0,0.0,1.044807,1.044807
g1576,g1576.mp3,7.68,3,1,3.722222,4.246803,0.52458
g1576,g1576.mp3,7.68,3,2,4.922948,5.957755,1.034807
g1577,g1577.mp3,8.07175,3,0,0.0,1.056621,1.056621
g1577,g1577.mp3,8.07175,3,1,3.821882,4.336621,0.514739
g1577,g1577.mp3,8.07175,3,2,5.132154,6.176735,1.04458
g1578,g1578.mp3,7.262,3,0,0.0,1.054943,1.054943
g1578,g1578.mp3,7.262,3,1,3.25068,3.779433,0.528753
g1578,g1578.mp3,7.262,3,2,4.459206,5.492154,1.032948
g1579,g1579.mp3,8.2285,3,0,0.0,1.116122,1.116122
g1579,g1579.mp3,8.2285,3,1,3.622245,4.176463,0.554218
g1579,g1579.mp3,8.2285,3,2,5.159569,6.201315,1.041746
g1580,g1580.mp3,7.41875,3,0,0.0,1.046304,1.046304
g1580,g1580.mp3,7.41875,3,1,3.225918,3.755737,0.529819
g1580,g1580.mp3,7.41875,3,2,4.525057,5.555238,1.030181
g1581,g1581.mp3,7.340375,3,0,0.0,1.050385,1.050385
g1581,g1581.mp3,7.340375,3,1,3.381247,3.925828,0.54458
g1581,g1581.mp3,7.340375,3,2,4.575147,5.622154,1.047007
g1583,g1583.mp3,8.045625,3,0,0.0,1.051995,1.051995
g1583,g1583.mp3,8.045625,3,1,3.819932,4.357256,0.537324
g1583,g1583.mp3,8.045625,3,2,5.146531,6.186372,1.039841
g1584,g1584.mp3,7.471,3,0,0.0,1.037143,1.037143
g1584,g1584.mp3,7.471,3,1,3.412925,3.929887,0.516961
g1584,g1584.mp3,7.471,3,2,4.663016,5.683129,1.020113
g1585,g1585.mp3,13.479125,6,0,0.0,1.025057,1.025057
g1585,g1585.mp3,13.479125,6,1,3.599456,4.599433,0.999977
g1585,g1585.mp3,13.479125,6,2,5.713832,6.713923,1.000091
g1585,g1585.mp3,13.479125,6,3,7.870476,8.368435,0.497959
g1585,g1585.mp3,13.479125,6,4,9.532154,10.532132,0.999977
g1585,g1585.mp3,13.479125,6,5,11.491338,12.491338,1.0
g1586,g1586.mp3,12.512625,6,0,0.0,1.025057,1.025057
g1586,g1586.mp3,12.512625,6,1,3.695215,4.695465,1.000249
g1586,g1586.mp3,12.512625,6,2,5.544104,6.54415,1.000045
g1586,g1586.mp3,12.512625,6,3,7.449615,7.948934,0.49932
g1586,g1586.mp3,12.512625,6,4,9.157732,10.157755,1.000023
g1586,g1586.mp3,12.512625,6,5,10.862766,11.863129,1.000363
g1587,g1587.mp3,7.497125,3,0,0.0,1.082971,1.082971
g1587,g1587.mp3,7.497125,3,1,3.447029,3.966735,0.519705
g1587,g1587.mp3,7.497125,3,2,4.668299,5.709116,1.040816
g1588,g1588.mp3,7.732125,3,0,0.0,1.046689,1.046689
g1588,g1588.mp3,7.732125,3,1,3.242222,3.809388,0.567166
g1588,g1588.mp3,7.732125,3,2,4.719138,5.762971,1.043832
g1589,g1589.mp3,7.653875,3,0,0.0,1.08229,1.08229
g1589,g1589.mp3,7.653875,3,1,3.719161,4.235918,0.516757
g1589,g1589.mp3,7.653875,3,2,4.911224,5.951293,1.040068
g1590,g1590.mp3,7.00075,3,0,0.0,1.061088,1.061088
g1590,g1590.mp3,7.00075,3,1,3.140771,3.690998,0.550227
g1590,g1590.mp3,7.00075,3,2,4.320522,5.347324,1.026803
g1591,g1591.mp3,7.392625,3,0,0.0,1.045079,1.045079
g1591,g1591.mp3,7.392625,3,1,3.352948,3.88254,0.529592
g1591,g1591.mp3,7.392625,3,2,4.60229,5.627143,1.024853
g1592,g1592.mp3,8.751,3,0,0.0,1.05712,1.05712
g1592,g1592.mp3,8.751,3,1,3.643197,4.236327,0.593129
g1592,g1592.mp3,8.751,3,2,5.420952,6.459932,1.03898
g1593,g1593.mp3,7.549375,3,0,0.0,1.038571,1.038571
g1593,g1593.mp3,7.549375,3,1,3.551519,4.066621,0.515102
g1593,g1593.mp3,7.549375,3,2,4.755011,5.793764,1.038753
g1594,g1594.mp3,7.471,3,0,0.0,1.031497,1.031497
g1594,g1594.mp3,7.471,3,1,3.418571,3.930544,0.511973
g1594,g1594.mp3,7.471,3,2,4.625193,5.665079,1.039887
g1595,g1595.mp3,8.2285,3,0,0.0,1.05288,1.05288
g1595,g1595.mp3,8.2285,3,1,3.616667,4.123673,0.507007
g1595,g1595.mp3,8.2285,3,2,5.157551,6.198639,1.041088
g1596,g1596.mp3,8.333,3,0,0.0,1.071814,1.071814
g1596,g1596.mp3,8.333,3,1,3.538095,4.107166,0.56907
g1596,g1596.mp3,8.333,3,2,5.128458,6.228934,1.100476
g1597,g1597.mp3,7.601625,3,0,0.0,1.052245,1.052245
g1597,g1597.mp3,7.601625,3,1,3.501519,4.059909,0.55839
g1597,g1597.mp3,7.601625,3,2,4.773537,5.816553,1.043016
g1598,g1598.mp3,7.941125,3,0,0.0,1.058844,1.058844
g1598,g1598.mp3,7.941125,3,1,3.393311,3.922358,0.529048
g1598,g1598.mp3,7.941125,3,2,4.84381,5.876054,1.032245
g1599,g1599.mp3,7.653875,3,0,0.0,1.058526,1.058526
g1599,g1599.mp3,7.653875,3,1,3.585261,4.134512,0.549252
g1599,g1599.mp3,7.653875,3,2,4.850612,5.886122,1.03551
g1600,g1600.mp3,7.601625,3,0,0.0,1.051723,1.051723
g1600,g1600.mp3,7.601625,3,1,3.236236,3.81415,0.577914
g1600,g1600.mp3,7.601625,3,2,4.65678,5.706667,1.049887
g1601,g1601.mp3,7.20975,3,0,0.0,1.057619,1.057619
g1601,g1601.mp3,7.20975,3,1,3.249501,3.77932,0.529819
g1601,g1601.mp3,7.20975,3,2,4.46898,5.490499,1.021519
g1602,g1602.mp3,7.20975,3,0,0.0,1.051701,1.051701
g1602,g1602.mp3,7.20975,3,1,3.125714,3.642426,0.516712
g1602,g1602.mp3,7.20975,3,2,4.393855,5.428912,1.035057
g1603,g1603.mp3,7.706,3,0,0.0,1.04619,1.04619
g1603,g1603.mp3,7.706,3,1,3.356349,3.888163,0.531814
g1603,g1603.mp3,7.706,3,2,4.757347,5.787143,1.029796
g1604,g1604.mp3,8.17625,3,0,0.0,1.045306,1.045306
g1604,g1604.mp3,8.17625,3,1,3.270272,4.112653,0.842381
g1604,g1604.mp3,8.17625,3,2,4.974717,5.987868,1.013152
g1605,g1605.mp3,7.31425,3,0,0.0,1.051202,1.051202
g1605,g1605.mp3,7.31425,3,1,3.220567,3.730726,0.510159
g1605,g1605.mp3,7.31425,3,2,4.479138,5.75941,1.280272
g1606,g1606.mp3,7.31425,3,0,0.0,1.063107,1.063107
g1606,g1606.mp3,7.31425,3,1,3.38678,3.959546,0.572766
g1606,g1606.mp3,7.31425,3,2,4.573084,5.637778,1.064694
g1607,g1607.mp3,8.045625,3,0,0.0,1.057959,1.057959
g1607,g1607.mp3,8.045625,3,1,3.434762,3.96542,0.530658
g1607,g1607.mp3,8.045625,3,2,4.933152,5.961202,1.02805
g1608,g1608.mp3,7.444875,3,0,0.0,1.039456,1.039456
g1608,g1608.mp3,7.444875,3,1,3.019365,3.531383,0.512018
g1608,g1608.mp3,7.444875,3,2,4.444694,5.489705,1.045011
g1609,g1609.mp3,7.31425,3,0,0.0,1.046122,1.046122
g1609,g1609.mp3,7.31425,3,1,3.223605,4.017143,0.7935379999999999
g1609,g1609.mp3,7.31425,3,2,4.473673,5.850726,1.377053
g1610,g1610.mp3,7.653875,3,0,0.0,1.051451,1.051451
g1610,g1610.mp3,7.653875,3,1,3.274671,3.810091,0.53542
g1610,g1610.mp3,7.653875,3,2,4.657846,5.703923,1.046077
g1611,g1611.mp3,7.3665,3,0,0.0,1.047551,1.047551
g1611,g1611.mp3,7.3665,3,1,3.237846,3.765533,0.527687
g1611,g1611.mp3,7.3665,3,2,4.561655,5.574853,1.013197
g1612,g1612.mp3,7.732125,3,0,0.0,1.061088,1.061088
g1612,g1612.mp3,7.732125,3,1,3.575125,4.123673,0.548549
g1612,g1612.mp3,7.732125,3,2,4.873832,5.905193,1.031361
g1613,g1613.mp3,7.784375,3,0,0.0,1.037166,1.037166
g1613,g1613.mp3,7.784375,3,1,3.443311,3.960703,0.517392
g1613,g1613.mp3,7.784375,3,2,4.810068,5.836667,1.026599
g1614,g1614.mp3,7.392625,3,0,0.0,1.038231,1.038231
g1614,g1614.mp3,7.392625,3,1,3.475306,4.004921,0.529615
g1614,g1614.mp3,7.392625,3,2,4.655488,5.66,1.004512
g1615,g1615.mp3,7.836625,3,0,0.0,1.037687,1.037687
g1615,g1615.mp3,7.836625,3,1,3.597438,4.133991,0.536553
g1615,g1615.mp3,7.836625,3,2,4.963515,5.991542,1.028027
g1616,g1616.mp3,7.75825,3,0,0.0,1.0661,1.0661
g1616,g1616.mp3,7.75825,3,1,3.504172,4.034739,0.530567
g1616,g1616.mp3,7.75825,3,2,4.874921,5.884127,1.009206
g1617,g1617.mp3,13.453,6,0,0.0,1.025057,1.025057
g1617,g1617.mp3,13.453,6,1,3.727166,4.727166,1.0
g1617,g1617.mp3,13.453,6,2,5.886621,6.886621,1.0
g1617,g1617.mp3,13.453,6,3,8.04746,8.543968,0.496508
g1617,g1617.mp3,13.453,6,4,9.606168,10.606168,1.0
g1617,g1617.mp3,13.453,6,5,11.54644,12.546531,1.000091
g1618,g1618.mp3,7.86275,3,0,0.0,1.04712,1.04712
g1618,g1618.mp3,7.86275,3,1,3.509456,4.061769,0.552313
g1618,g1618.mp3,7.86275,3,2,4.927664,5.980363,1.052698
g1619,g1619.mp3,7.96725,3,0,0.0,1.042177,1.042177
g1619,g1619.mp3,7.96725,3,1,3.63932,4.160816,0.521497
g1619,g1619.mp3,7.96725,3,2,5.049569,6.080703,1.031134
g1620,g1620.mp3,7.288125,3,0,0.0,1.040907,1.040907
g1620,g1620.mp3,7.288125,3,1,3.147528,3.658503,0.510975
g1620,g1620.mp3,7.288125,3,2,4.479751,5.486122,1.006372
g1621,g1621.mp3,7.836625,3,0,0.0,1.038707,1.038707
g1621,g1621.mp3,7.836625,3,1,3.594649,4.095329,0.50068
g1621,g1621.mp3,7.836625,3,2,4.928957,5.935465,1.006508
g1622,g1622.mp3,7.601625,3,0,0.0,1.043243,1.043243
g1622,g1622.mp3,7.601625,3,1,3.483855,4.011837,0.527982
g1622,g1622.mp3,7.601625,3,2,4.759637,5.812426,1.052789
g1623,g1623.mp3,7.732125,3,0,0.0,1.067982,1.067982
g1623,g1623.mp3,7.732125,3,1,3.748889,4.274671,0.525782
g1623,g1623.mp3,7.732125,3,2,4.948866,5.998435,1.049569
g1624,g1624.mp3,7.653875,3,0,0.0,1.042653,1.042653
g1624,g1624.mp3,7.653875,3,1,3.663129,4.16093,0.4978
g1624,g1624.mp3,7.653875,3,2,4.867596,5.909342,1.041746
g1625,g1625.mp3,7.549375,3,0,0.0,1.034399,1.034399
g1625,g1625.mp3,7.549375,3,1,3.493311,3.996757,0.503447
g1625,g1625.mp3,7.549375,3,2,4.764717,5.769615,1.004898
g1626,g1626.mp3,7.62775,3,0,0.0,1.056803,1.056803
g1626,g1626.mp3,7.62775,3,1,3.769161,4.290181,0.52102
g1626,g1626.mp3,7.62775,3,2,4.869864,5.920635,1.050771
g1627,g1627.mp3,7.68,3,0,0.0,1.040522,1.040522
g1627,g1627.mp3,7.68,3,1,3.654218,4.181769,0.527551
g1627,g1627.mp3,7.68,3,2,4.870159,5.910703,1.040544
g1628,g1628.mp3,7.262,3,0,0.0,1.026621,1.026621
g1628,g1628.mp3,7.262,3,1,3.207959,3.733356,0.525397
g1628,g1628.mp3,7.262,3,2,4.495941,5.51127,1.015329
g1629,g1629.mp3,7.784375,3,0,0.0,1.030703,1.030703
g1629,g1629.mp3,7.784375,3,1,3.467937,3.978231,0.510295
g1629,g1629.mp3,7.784375,3,2,4.853968,5.903152,1.049184
g1630,g1630.mp3,13.844875,6,0,0.0,1.025351,1.025351
g1630,g1630.mp3,13.844875,6,1,3.229388,4.229388,1.0
g1630,g1630.mp3,13.844875,6,2,5.03161,6.031859,1.000249
g1630,g1630.mp3,13.844875,6,3,6.837188,7.337937,0.500748
g1630,g1630.mp3,13.844875,6,4,10.087982,11.087982,1.0
g1630,g1630.mp3,13.844875,6,5,11.954263,12.954286,1.000023
g1631,g1631.mp3,7.732125,3,0,0.0,1.041905,1.041905
g1631,g1631.mp3,7.732125,3,1,3.721519,4.263197,0.541678
g1631,g1631.mp3,7.732125,3,2,4.93585,5.970884,1.035034
g1632,g1632.mp3,8.097875,3,0,0.0,1.056576,1.056576
g1632,g1632.mp3,8.097875,3,1,3.72356,4.270952,0.547392
g1632,g1632.mp3,8.097875,3,2,5.126213,6.179683,1.053469
g1633,g1633.mp3,8.38525,4,0,0.0,1.039546,1.039546
g1633,g1633.mp3,8.38525,4,1,3.483061,4.063016,0.579955
g1633,g1633.mp3,8.38525,4,2,5.143243,6.147052,1.00381
g1633,g1633.mp3,8.38525,4,3,6.444467,6.591542,0.147075
g1634,g1634.mp3,8.38525,4,0,0.0,1.074376,1.074376
g1634,g1634.mp3,8.38525,4,1,3.693333,4.258231,0.564898
g1634,g1634.mp3,8.38525,4,2,4.462494,4.798798,0.336304
g1634,g1634.mp3,8.38525,4,3,5.401202,6.787143,1.3859410000000008
g1635,g1635.mp3,7.549375,3,0,0.0,1.034898,1.034898
g1635,g1635.mp3,7.549375,3,1,3.365442,3.910272,0.54483
g1635,g1635.mp3,7.549375,3,2,4.709592,5.729184,1.019592
g1636,g1636.mp3,7.444875,3,0,0.0,1.030862,1.030862
g1636,g1636.mp3,7.444875,3,1,3.669524,4.20712,0.537596
g1636,g1636.mp3,7.444875,3,2,4.75746,5.803107,1.045646
g1637,g1637.mp3,7.392625,3,0,0.0,1.059433,1.059433
g1637,g1637.mp3,7.392625,3,1,3.737506,4.268707,0.531202
g1637,g1637.mp3,7.392625,3,2,4.791905,5.828526,1.036621
g1638,g1638.mp3,7.10525,3,0,0.0,1.057052,1.057052
g1638,g1638.mp3,7.10525,3,1,3.358322,3.87542,0.517098
g1638,g1638.mp3,7.10525,3,2,4.458231,5.540023,1.081791
g1639,g1639.mp3,8.306875,3,0,0.0,1.055238,1.055238
g1639,g1639.mp3,8.306875,3,1,3.701224,4.263356,0.562132
g1639,g1639.mp3,8.306875,3,2,5.26,6.29127,1.03127
g1640,g1640.mp3,7.392625,3,0,0.0,1.039048,1.039048
g1640,g1640.mp3,7.392625,3,1,3.429002,3.972336,0.543333
g1640,g1640.mp3,7.392625,3,2,4.631224,5.657891,1.026667
g1641,g1641.mp3,7.888875,3,0,0.0,1.051633,1.051633
g1641,g1641.mp3,7.888875,3,1,3.600771,4.123401,0.52263
g1641,g1641.mp3,7.888875,3,2,4.998163,6.007528,1.009365
g1642,g1642.mp3,7.62775,3,0,0.0,1.031247,1.031247
g1642,g1642.mp3,7.62775,3,1,3.568413,4.077211,0.508798
g1642,g1642.mp3,7.62775,3,2,4.811202,5.830204,1.019002
g1643,g1643.mp3,7.549375,3,0,0.0,1.035147,1.035147
g1643,g1643.mp3,7.549375,3,1,3.600544,4.146961,0.546417
g1643,g1643.mp3,7.549375,3,2,4.800748,5.830204,1.029456
g1644,g1644.mp3,7.706,3,0,0.0,1.033016,1.033016
g1644,g1644.mp3,7.706,3,1,3.499524,4.032585,0.533061
g1644,g1644.mp3,7.706,3,2,4.833311,5.876077,1.042766
g1645,g1645.mp3,7.941125,3,0,0.0,1.036417,1.036417
g1645,g1645.mp3,7.941125,3,1,3.458957,4.011406,0.552449
g1645,g1645.mp3,7.941125,3,2,4.963039,6.00712,1.044082
g1646,g1646.mp3,8.333,3,0,0.0,1.044059,1.044059
g1646,g1646.mp3,8.333,3,1,3.628912,4.203583,0.574671
g1646,g1646.mp3,8.333,3,2,5.268866,6.289342,1.020476
g1647,g1647.mp3,9.586875,3,0,0.0,1.041587,1.041587
g1647,g1647.mp3,9.586875,3,1,3.884762,4.420091,0.535329
g1647,g1647.mp3,9.586875,3,2,6.005896,7.062902,1.057007
g1648,g1648.mp3,7.784375,3,0,0.0,1.080658,1.080658
g1648,g1648.mp3,7.784375,3,1,3.388073,3.914376,0.526304
g1648,g1648.mp3,7.784375,3,2,4.802993,5.838322,1.035329
g1649,g1649.mp3,8.0195,3,0,0.0,1.050816,1.050816
g1649,g1649.mp3,8.0195,3,1,3.757846,4.299116,0.54127
g1649,g1649.mp3,8.0195,3,2,5.106712,6.135714,1.029002
g1650,g1650.mp3,7.62775,3,0,0.0,1.041361,1.041361
g1650,g1650.mp3,7.62775,3,1,3.431134,3.993356,0.562222
g1650,g1650.mp3,7.62775,3,2,4.750113,5.804807,1.054694
g1651,g1651.mp3,7.497125,3,0,0.0,1.054172,1.054172
g1651,g1651.mp3,7.497125,3,1,3.320862,3.873673,0.552812
g1651,g1651.mp3,7.497125,3,2,4.649546,5.669569,1.020023
g1652,g1652.mp3,7.732125,3,0,0.0,1.065737,1.065737
g1652,g1652.mp3,7.732125,3,1,3.307415,3.840363,0.532948
g1652,g1652.mp3,7.732125,3,2,4.761587,5.775646,1.014059
g1653,g1653.mp3,7.392625,3,0,0.0,1.031587,1.031587
g1653,g1653.mp3,7.392625,3,1,3.364104,3.874785,0.51068
g1653,g1653.mp3,7.392625,3,2,4.58941,5.608662,1.019252
g1654,g1654.mp3,8.333,3,0,0.0,1.04068,1.04068
g1654,g1654.mp3,8.333,3,1,3.756032,4.294263,0.538231
g1654,g1654.mp3,8.333,3,2,5.301088,6.304762,1.003673
g1655,g1655.mp3,8.045625,3,0,0.0,1.040726,1.040726
g1655,g1655.mp3,8.045625,3,1,3.563946,4.067891,0.503946
g1655,g1655.mp3,8.045625,3,2,4.982336,5.998027,1.015692
g1656,g1656.mp3,7.732125,3,0,0.0,1.04873,1.04873
g1656,g1656.mp3,7.732125,3,1,3.628503,4.17542,0.546916
g1656,g1656.mp3,7.732125,3,2,4.923628,5.974785,1.051156
g1657,g1657.mp3,7.941125,3,0,0.0,1.048435,1.048435
g1657,g1657.mp3,7.941125,3,1,3.596417,4.131156,0.534739
g1657,g1657.mp3,7.941125,3,2,4.981814,5.996417,1.014603
g1658,g1658.mp3,7.915,3,0,0.0,1.065057,1.065057
g1658,g1658.mp3,7.915,3,1,3.380136,3.902222,0.522086
g1658,g1658.mp3,7.915,3,2,4.876009,5.902268,1.026259
g1659,g1659.mp3,8.202375,3,0,0.0,1.045986,1.045986
g1659,g1659.mp3,8.202375,3,1,3.673832,4.190726,0.516893
g1659,g1659.mp3,8.202375,3,2,5.128322,6.173447,1.045125
g1660,g1660.mp3,7.340375,3,0,0.0,1.04068,1.04068
g1660,g1660.mp3,7.340375,3,1,3.262721,3.795941,0.53322
g1660,g1660.mp3,7.340375,3,2,4.513968,5.546327,1.032358
g1661,g1661.mp3,8.48975,3,0,0.0,1.040998,1.040998
g1661,g1661.mp3,8.48975,3,1,3.520363,4.052472,0.532109
g1661,g1661.mp3,8.48975,3,2,5.171995,6.223152,1.051156
g1662,g1662.mp3,7.86275,3,0,0.0,1.025125,1.025125
g1662,g1662.mp3,7.86275,3,1,3.866485,4.866508,1.000023
g1662,g1662.mp3,7.86275,3,2,5.821156,6.821338,1.000181
g1663,g1663.mp3,8.17625,3,0,0.0,1.079615,1.079615
g1663,g1663.mp3,8.17625,3,1,3.768617,4.327075,0.558458
g1663,g1663.mp3,8.17625,3,2,5.223537,6.251451,1.027914
g1664,g1664.mp3,7.62775,3,0,0.0,1.07161,1.07161
g1664,g1664.mp3,7.62775,3,1,3.494444,4.031519,0.537075
g1664,g1664.mp3,7.62775,3,2,4.767098,5.793311,1.026213
g1665,g1665.mp3,8.150125,3,0,0.0,1.046848,1.046848
g1665,g1665.mp3,8.150125,3,1,3.838753,4.391134,0.552381
g1665,g1665.mp3,8.150125,3,2,5.048435,6.267347,1.2189120000000004
g1666,g1666.mp3,8.202375,3,0,0.0,1.032971,1.032971
g1666,g1666.mp3,8.202375,3,1,3.765669,4.26288,0.497211
g1666,g1666.mp3,8.202375,3,2,5.176054,6.20381,1.027755
g1668,g1668.mp3,7.5755,3,0,0.0,1.036281,1.036281
g1668,g1668.mp3,7.5755,3,1,3.534354,4.025079,0.490726
g1668,g1668.mp3,7.5755,3,2,4.774762,5.795986,1.021224
g1669,g1669.mp3,7.75825,3,0,0.0,1.031859,1.031859
g1669,g1669.mp3,7.75825,3,1,3.789615,4.301383,0.511769
g1669,g1669.mp3,7.75825,3,2,4.973855,6.013787,1.039932
g1670,g1670.mp3,7.1575,3,0,0.0,1.054331,1.054331
g1670,g1670.mp3,7.1575,3,1,3.607755,4.129025,0.52127
g1670,g1670.mp3,7.1575,3,2,4.596689,5.61907,1.022381
g1671,g1671.mp3,7.653875,3,0,0.0,1.057551,1.057551
g1671,g1671.mp3,7.653875,3,1,3.695646,4.220363,0.524717
g1671,g1671.mp3,7.653875,3,2,4.917438,5.937075,1.019637
g1672,g1672.mp3,7.340375,3,0,0.0,1.03102,1.03102
g1672,g1672.mp3,7.340375,3,1,3.666667,4.216961,0.550295
g1672,g1672.mp3,7.340375,3,2,4.753764,5.774739,1.020975
g1673,g1673.mp3,8.6465,3,0,0.0,1.047823,1.047823
g1673,g1673.mp3,8.6465,3,1,3.993537,4.51771,0.524172
g1673,g1673.mp3,8.6465,3,2,5.53059,6.556372,1.025782
g1674,g1674.mp3,7.888875,3,0,0.0,1.050363,1.050363
g1674,g1674.mp3,7.888875,3,1,3.565646,4.08585,0.520204
g1674,g1674.mp3,7.888875,3,2,4.949388,5.969728,1.02034
g1675,g1675.mp3,8.411375,3,0,0.0,1.042789,1.042789
g1675,g1675.mp3,8.411375,3,1,3.570317,4.135533,0.565215
g1675,g1675.mp3,8.411375,3,2,5.186531,6.225556,1.039025
g1676,g1676.mp3,7.888875,3,0,0.0,1.032132,1.032132
g1676,g1676.mp3,7.888875,3,1,3.526485,4.042063,0.515578
g1676,g1676.mp3,7.888875,3,2,4.955238,5.981837,1.026599
g1677,g1677.mp3,7.86275,3,0,0.0,1.064671,1.064671
g1677,g1677.mp3,7.86275,3,1,3.740952,4.316553,0.575601
g1677,g1677.mp3,7.86275,3,2,5.0161,6.068934,1.052834
g1678,g1678.mp3,7.732125,3,0,0.0,1.024308,1.024308
g1678,g1678.mp3,7.732125,3,1,3.686531,4.686531,1.0
g1678,g1678.mp3,7.732125,3,2,5.652971,6.652971,1.0
g1679,g1679.mp3,7.706,3,0,0.0,1.032653,1.032653
g1679,g1679.mp3,7.706,3,1,3.721156,4.244853,0.523696
g1679,g1679.mp3,7.706,3,2,4.952426,5.978707,1.026281
g1680,g1680.mp3,7.471,3,0,0.0,1.041338,1.041338
g1680,g1680.mp3,7.471,3,1,3.392744,3.931293,0.538549
g1680,g1680.mp3,7.471,3,2,4.687166,5.693537,1.006372
g1681,g1681.mp3,7.653875,3,0,0.0,1.029048,1.029048
g1681,g1681.mp3,7.653875,3,1,3.370635,3.925215,0.55458
g1681,g1681.mp3,7.653875,3,2,4.76449,5.796327,1.031837
g1682,g1682.mp3,7.340375,3,0,0.0,1.025805,1.025805
g1682,g1682.mp3,7.340375,3,1,3.522041,4.026939,0.504898
g1682,g1682.mp3,7.340375,3,2,4.646122,5.677075,1.030952
g1683,g1683.mp3,8.045625,3,0,0.0,1.100771,1.100771
g1683,g1683.mp3,8.045625,3,1,3.939342,4.461111,0.521769
g1683,g1683.mp3,8.045625,3,2,5.216961,6.262971,1.046009
g1684,g1684.mp3,7.706,3,0,0.0,1.041814,1.041814
g1684,g1684.mp3,7.706,3,1,3.605873,4.131179,0.525306
g1684,g1684.mp3,7.706,3,2,4.870975,5.892925,1.02195
g1685,g1685.mp3,7.8105,3,0,0.0,1.052857,1.052857
g1685,g1685.mp3,7.8105,3,1,3.722766,4.279728,0.556961
g1685,g1685.mp3,7.8105,3,2,4.996553,6.037166,1.040612
g1686,g1686.mp3,7.601625,3,0,0.0,1.065714,1.065714
g1686,g1686.mp3,7.601625,3,1,3.504943,4.031406,0.526463
g1686,g1686.mp3,7.601625,3,2,4.798345,5.832698,1.034354
g1687,g1687.mp3,7.75825,3,0,0.0,1.048277,1.048277
g1687,g1687.mp3,7.75825,3,1,3.542676,4.069705,0.527029
g1687,g1687.mp3,7.75825,3,2,4.873946,5.901678,1.027732
g1688,g1688.mp3,8.254625,3,0,0.0,1.046485,1.046485
g1688,g1688.mp3,8.254625,3,1,3.646961,4.314422,0.6674610000000003
g1688,g1688.mp3,8.254625,3,2,5.206236,6.248141,1.041905
g1689,g1689.mp3,7.601625,3,0,0.0,1.05932,1.05932
g1689,g1689.mp3,7.601625,3,1,3.60678,4.141814,0.535034
g1689,g1689.mp3,7.601625,3,2,4.829365,5.863288,1.033923
g1690,g1690.mp3,8.17625,3,0,0.0,1.039864,1.039864
g1690,g1690.mp3,8.17625,3,1,3.561406,4.092585,0.531179
g1690,g1690.mp3,8.17625,3,2,5.124989,6.149592,1.024603
g1691,g1691.mp3,10.971375,6,0,0.0,1.024036,1.024036
g1691,g1691.mp3,10.971375,6,1,3.589297,4.589297,1.0
g1691,g1691.mp3,10.971375,6,2,5.01322,6.012971,0.999751
g1691,g1691.mp3,10.971375,6,3,6.487438,7.002721,0.515283
g1691,g1691.mp3,10.971375,6,4,8.059864,9.059841,0.999977
g1691,g1691.mp3,10.971375,6,5,9.508934,10.508934,1.0
g1692,g1692.mp3,7.444875,3,0,0.0,1.038571,1.038571
g1692,g1692.mp3,7.444875,3,1,3.601179,4.120612,0.519433
g1692,g1692.mp3,7.444875,3,2,4.71771,5.773946,1.056236
g1693,g1693.mp3,8.07175,3,0,0.0,1.042222,1.042222
g1693,g1693.mp3,8.07175,3,1,3.696304,4.200204,0.5039
g1693,g1693.mp3,8.07175,3,2,5.116712,6.166916,1.050204
g1694,g1694.mp3,7.941125,3,0,0.0,1.044512,1.044512
g1694,g1694.mp3,7.941125,3,1,3.537007,4.057755,0.520748
g1694,g1694.mp3,7.941125,3,2,4.952902,5.98322,1.030317
g1695,g1695.mp3,7.836625,3,0,0.0,1.05356,1.05356
g1695,g1695.mp3,7.836625,3,1,3.591315,4.189909,0.598594
g1695,g1695.mp3,7.836625,3,2,4.985329,6.013379,1.02805
g1697,g1697.mp3,7.183625,3,0,0.0,1.025034,1.025034
g1697,g1697.mp3,7.183625,3,1,3.787982,4.788118,1.000136
g1697,g1697.mp3,7.183625,3,2,5.502018,6.502245,1.000227
g1698,g1698.mp3,12.094625,6,0,0.0,1.028662,1.028662
g1698,g1698.mp3,12.094625,6,1,3.308413,4.329864,1.021451
g1698,g1698.mp3,12.094625,6,2,4.879637,5.915147,1.03551
g1698,g1698.mp3,12.094625,6,3,6.499546,7.060454,0.560907
g1698,g1698.mp3,12.094625,6,4,8.185896,9.217619,1.031723
g1698,g1698.mp3,12.094625,6,5,9.889728,11.359932,1.470204
g1699,g1699.mp3,7.941125,3,0,0.0,1.041927,1.041927
g1699,g1699.mp3,7.941125,3,1,4.087982,4.602744,0.514762
g1699,g1699.mp3,7.941125,3,2,5.252245,6.278322,1.026077
g1700,g1700.mp3,13.453,6,0,0.0,1.073152,1.073152
g1700,g1700.mp3,13.453,6,1,3.555011,4.111723,0.556712
g1700,g1700.mp3,13.453,6,2,4.567392,5.624444,1.057052
g1700,g1700.mp3,13.453,6,3,6.095147,7.173356,1.078209
g1700,g1700.mp3,13.453,6,4,8.853537,9.924082,1.070544
g1700,g1700.mp3,13.453,6,5,10.620295,11.70839,1.088095
g1701,g1701.mp3,8.411375,3,0,0.0,1.033719,1.033719
g1701,g1701.mp3,8.411375,3,1,3.927324,4.447347,0.520023
g1701,g1701.mp3,8.411375,3,2,5.40458,6.45034,1.04576
g1702,g1702.mp3,7.68,3,0,0.0,1.047052,1.047052
g1702,g1702.mp3,7.68,3,1,3.692585,4.218231,0.525646
g1702,g1702.mp3,7.68,3,2,4.904082,5.925533,1.021451
g1703,g1703.mp3,8.150125,3,0,0.0,1.071791,1.071791
g1703,g1703.mp3,8.150125,3,1,3.783129,4.304898,0.521769
g1703,g1703.mp3,8.150125,3,2,5.200522,6.230612,1.030091
g1704,g1704.mp3,8.124,3,0,0.0,1.051293,1.051293
g1704,g1704.mp3,8.124,3,1,3.550499,4.091156,0.540658
g1704,g1704.mp3,8.124,3,2,5.105782,6.123333,1.017551
g1705,g1705.mp3,13.92325,6,0,0.0,1.062608,1.062608
g1705,g1705.mp3,13.92325,6,1,3.452653,4.018095,0.565442
g1705,g1705.mp3,13.92325,6,2,4.797483,5.848912,1.051429
g1705,g1705.mp3,13.92325,6,3,6.65424,7.693719,1.039478
g1705,g1705.mp3,13.92325,6,4,9.116553,10.185533,1.06898
g1705,g1705.mp3,13.92325,6,5,11.032812,12.083265,1.050454
g1706,g1706.mp3,7.68,3,0,0.0,1.056259,1.056259
g1706,g1706.mp3,7.68,3,1,3.749501,4.259524,0.510023
g1706,g1706.mp3,7.68,3,2,4.930181,5.952812,1.02263
g1707,g1707.mp3,7.601625,3,0,0.0,1.040272,1.040272
g1707,g1707.mp3,7.601625,3,1,3.651361,4.1939,0.54254
g1707,g1707.mp3,7.601625,3,2,4.887234,5.92839,1.041156
g1708,g1708.mp3,7.86275,3,0,0.0,1.03517,1.03517
g1708,g1708.mp3,7.86275,3,1,3.824218,4.352063,0.527846
g1708,g1708.mp3,7.86275,3,2,5.058254,6.094807,1.036553
g1709,g1709.mp3,7.915,3,0,0.0,1.047256,1.047256
g1709,g1709.mp3,7.915,3,1,3.985941,4.506122,0.520181
g1709,g1709.mp3,7.915,3,2,5.199615,6.235397,1.035782
g1710,g1710.mp3,7.915,3,0,0.0,1.049161,1.049161
g1710,g1710.mp3,7.915,3,1,3.357506,3.879909,0.522404
g1710,g1710.mp3,7.915,3,2,4.877551,5.908889,1.031338
g1711,g1711.mp3,7.392625,3,0,0.0,1.025374,1.025374
g1711,g1711.mp3,7.392625,3,1,3.410839,3.935465,0.524626
g1711,g1711.mp3,7.392625,3,2,4.642971,5.659819,1.016848
g1712,g1712.mp3,7.732125,3,0,0.0,1.060385,1.060385
g1712,g1712.mp3,7.732125,3,1,3.5022,4.052336,0.550136
g1712,g1712.mp3,7.732125,3,2,4.850476,5.876327,1.02585
g1713,g1713.mp3,7.706,3,0,0.0,1.050363,1.050363
g1713,g1713.mp3,7.706,3,1,3.555034,4.076712,0.521678
g1713,g1713.mp3,7.706,3,2,4.894263,5.938707,1.044444
g1714,g1714.mp3,13.7665,6,0,0.0,1.063197,1.063197
g1714,g1714.mp3,13.7665,6,1,3.738753,4.303265,0.564512
g1714,g1714.mp3,13.7665,6,2,5.114059,6.180159,1.0661
g1714,g1714.mp3,13.7665,6,3,6.923401,7.968889,1.045488
g1714,g1714.mp3,13.7665,6,4,9.344422,10.356531,1.012109
g1714,g1714.mp3,13.7665,6,5,11.01093,12.068844,1.057914
g1715,g1715.mp3,7.86275,3,0,0.0,1.027211,1.027211
g1715,g1715.mp3,7.86275,3,1,3.905011,4.42898,0.523968
g1715,g1715.mp3,7.86275,3,2,5.149909,6.165578,1.015669
g1716,g1716.mp3,7.8105,3,0,0.0,1.034603,1.034603
g1716,g1716.mp3,7.8105,3,1,4.027052,4.532154,0.505102
g1716,g1716.mp3,7.8105,3,2,5.153016,6.166712,1.013696
g1717,g1717.mp3,8.150125,3,0,0.0,1.031043,1.031043
g1717,g1717.mp3,8.150125,3,1,3.781224,4.319615,0.53839
g1717,g1717.mp3,8.150125,3,2,5.207324,6.228345,1.02102
g1718,g1718.mp3,7.941125,3,0,0.0,1.034739,1.034739
g1718,g1718.mp3,7.941125,3,1,3.694853,4.204603,0.509751
g1718,g1718.mp3,7.941125,3,2,5.025578,6.046621,1.021043
g1719,g1719.mp3,7.96725,3,0,0.0,1.07737,1.07737
g1719,g1719.mp3,7.96725,3,1,3.822971,4.35059,0.527619
g1719,g1719.mp3,7.96725,3,2,5.125442,6.139433,1.013991
g1720,g1720.mp3,7.444875,3,0,0.0,1.047732,1.047732
g1720,g1720.mp3,7.444875,3,1,3.279161,3.813673,0.534512
g1720,g1720.mp3,7.444875,3,2,4.611224,5.623401,1.012177
g1721,g1721.mp3,7.784375,3,0,0.0,1.058458,1.058458
g1721,g1721.mp3,7.784375,3,1,3.479274,4.006213,0.526939
g1721,g1721.mp3,7.784375,3,2,4.838866,5.873515,1.034649
g1722,g1722.mp3,7.10525,3,0,0.0,1.038095,1.038095
g1722,g1722.mp3,7.10525,3,1,3.626644,4.143175,0.516531
g1722,g1722.mp3,7.10525,3,2,4.568662,5.581497,1.012834
g1723,g1723.mp3,8.69875,3,0,0.0,1.028798,1.028798
g1723,g1723.mp3,8.69875,3,1,3.858322,4.37551,0.517188
g1723,g1723.mp3,8.69875,3,2,5.504082,6.515215,1.011134
g1724,g1724.mp3,8.097875,3,0,0.0,1.037574,1.037574
g1724,g1724.mp3,8.097875,3,1,3.635057,4.164807,0.529751
g1724,g1724.mp3,8.097875,3,2,5.117506,6.147891,1.030385
g1725,g1725.mp3,7.41875,3,0,0.0,1.040068,1.040068
g1725,g1725.mp3,7.41875,3,1,3.692177,4.210975,0.518798
g1725,g1725.mp3,7.41875,3,2,4.779365,5.797143,1.017778
g1726,g1726.mp3,14.2105,6,0,0.0,1.047052,1.047052
g1726,g1726.mp3,14.2105,6,1,3.674172,4.251315,0.577143
g1726,g1726.mp3,14.2105,6,2,5.112676,6.144558,1.031882
g1726,g1726.mp3,14.2105,6,3,6.959637,7.97737,1.017732
g1726,g1726.mp3,14.2105,6,4,9.142222,10.16644,1.024218
g1726,g1726.mp3,14.2105,6,5,11.166327,12.216916,1.05059
g1727,g1727.mp3,8.306875,3,0,0.0,1.04356,1.04356
g1727,g1727.mp3,8.306875,3,1,3.730862,4.260295,0.529433
g1727,g1727.mp3,8.306875,3,2,5.286984,6.303832,1.016848
g1728,g1728.mp3,7.86275,3,0,0.0,1.044082,1.044082
g1728,g1728.mp3,7.86275,3,1,3.477302,4.002971,0.525669
g1728,g1728.mp3,7.86275,3,2,4.90127,5.944535,1.043265
g1729,g1729.mp3,7.784375,3,0,0.0,1.035805,1.035805
g1729,g1729.mp3,7.784375,3,1,3.468707,3.979592,0.510884
g1729,g1729.mp3,7.784375,3,2,4.867324,5.903719,1.036395
g1730,g1730.mp3,6.9485,3,0,0.0,1.026463,1.026463
g1730,g1730.mp3,6.9485,3,1,3.244104,3.772154,0.52805
g1730,g1730.mp3,6.9485,3,2,4.328118,5.345646,1.017528
g1731,g1731.mp3,7.653875,3,0,0.0,1.040204,1.040204
g1731,g1731.mp3,7.653875,3,1,3.527098,4.04771,0.520612
g1731,g1731.mp3,7.653875,3,2,4.804694,5.833537,1.028844
g1732,g1732.mp3,7.62775,3,0,0.0,1.038662,1.038662
g1732,g1732.mp3,7.62775,3,1,3.467574,3.98805,0.520476
g1732,g1732.mp3,7.62775,3,2,4.797732,5.816259,1.018526
g1733,g1733.mp3,7.20975,3,0,0.0,1.052177,1.052177
g1733,g1733.mp3,7.20975,3,1,3.472063,3.987188,0.515125
g1733,g1733.mp3,7.20975,3,2,4.554399,5.587846,1.033447
g1734,g1734.mp3,7.993375,3,0,0.0,1.042993,1.042993
g1734,g1734.mp3,7.993375,3,1,3.446848,3.960363,0.513515
g1734,g1734.mp3,7.993375,3,2,4.927166,5.950839,1.023673
g1735,g1735.mp3,7.993375,3,0,0.0,1.037846,1.037846
g1735,g1735.mp3,7.993375,3,1,3.764399,4.277664,0.513265
g1735,g1735.mp3,7.993375,3,2,5.097664,6.12712,1.029456
g1736,g1736.mp3,7.784375,3,0,0.0,1.039841,1.039841
g1736,g1736.mp3,7.784375,3,1,3.61932,4.146395,0.527075
g1736,g1736.mp3,7.784375,3,2,4.919683,5.965102,1.04542
g1737,g1737.mp3,7.732125,3,0,0.0,1.039342,1.039342
g1737,g1737.mp3,7.732125,3,1,3.557574,4.105057,0.547483
g1737,g1737.mp3,7.732125,3,2,4.90619,5.931905,1.025714
g1738,g1738.mp3,8.045625,3,0,0.0,1.05678,1.05678
g1738,g1738.mp3,8.045625,3,1,3.929524,4.449388,0.519864
g1738,g1738.mp3,8.045625,3,2,5.22229,6.247551,1.025261
g1739,g1739.mp3,15.281625,6,0,0.0,1.077075,1.077075
g1739,g1739.mp3,15.281625,6,1,3.656689,4.71288,1.05619
g1739,g1739.mp3,15.281625,6,2,5.706168,6.784762,1.078594
g1739,g1739.mp3,15.281625,6,3,7.806054,8.826327,1.020272
g1739,g1739.mp3,15.281625,6,4,10.089977,11.178118,1.088141
g1739,g1739.mp3,15.281625,6,5,12.186168,13.250794,1.064626
g1740,g1740.mp3,14.08,6,0,0.0,1.039093,1.039093
g1740,g1740.mp3,14.08,6,1,3.415737,3.943424,0.527687
g1740,g1740.mp3,14.08,6,2,4.986621,6.044127,1.057506
g1740,g1740.mp3,14.08,6,3,7.075465,8.147279,1.071814
g1740,g1740.mp3,14.08,6,4,9.192517,10.246576,1.054059
g1740,g1740.mp3,14.08,6,5,11.102766,12.164036,1.06127
g1741,g1741.mp3,8.07175,3,0,0.0,1.043016,1.043016
g1741,g1741.mp3,8.07175,3,1,3.792744,4.316009,0.523265
g1741,g1741.mp3,8.07175,3,2,5.185624,6.197166,1.011542
g1742,g1742.mp3,7.131375,3,0,0.0,1.026281,1.026281
g1742,g1742.mp3,7.131375,3,1,3.545601,4.061066,0.515465
g1742,g1742.mp3,7.131375,3,2,4.539161,5.57517,1.036009
g1743,g1743.mp3,7.993375,3,0,0.0,1.038753,1.038753
g1743,g1743.mp3,7.993375,3,1,3.663039,4.171701,0.508662
g1743,g1743.mp3,7.993375,3,2,5.062494,6.094807,1.032313
g1744,g1744.mp3,7.3665,3,0,0.0,1.049161,1.049161
g1744,g1744.mp3,7.3665,3,1,3.560227,4.058821,0.498594
g1744,g1744.mp3,7.3665,3,2,4.681247,5.696531,1.015283
g1745,g1745.mp3,7.62775,3,0,0.0,1.045488,1.045488
g1745,g1745.mp3,7.62775,3,1,3.598435,4.113356,0.514921
g1745,g1745.mp3,7.62775,3,2,4.832562,5.841156,1.008594
g1747,g1747.mp3,7.62775,3,0,0.0,1.025351,1.025351
g1747,g1747.mp3,7.62775,3,1,3.815828,4.340023,0.524195
g1747,g1747.mp3,7.62775,3,2,4.954286,5.995578,1.041293
g1748,g1748.mp3,7.52325,3,0,0.0,1.040522,1.040522
g1748,g1748.mp3,7.52325,3,1,3.363243,3.908231,0.544989
g1748,g1748.mp3,7.52325,3,2,4.695737,5.735918,1.040181
g1749,g1749.mp3,7.5755,3,0,0.0,1.03322,1.03322
g1749,g1749.mp3,7.5755,3,1,3.771156,4.295238,0.524082
g1749,g1749.mp3,7.5755,3,2,4.88263,5.922676,1.040045
g1750,g1750.mp3,7.340375,3,0,0.0,1.037891,1.037891
g1750,g1750.mp3,7.340375,3,1,3.308934,3.827075,0.518141
g1750,g1750.mp3,7.340375,3,2,4.533628,5.571905,1.038277
g1751,g1751.mp3,7.079125,3,0,0.0,1.032336,1.032336
g1751,g1751.mp3,7.079125,3,1,3.456621,3.984082,0.52746
g1751,g1751.mp3,7.079125,3,2,4.477596,5.525782,1.048186
g1752,g1752.mp3,7.131375,3,0,0.0,1.035034,1.035034
g1752,g1752.mp3,7.131375,3,1,3.563469,4.092313,0.528844
g1752,g1752.mp3,7.131375,3,2,4.579615,5.594104,1.01449
g1753,g1753.mp3,7.5755,3,0,0.0,1.041655,1.041655
g1753,g1753.mp3,7.5755,3,1,3.539864,4.078322,0.538458
g1753,g1753.mp3,7.5755,3,2,4.790045,5.813832,1.023787
g1754,g1754.mp3,7.5755,3,0,0.0,1.03932,1.03932
g1754,g1754.mp3,7.5755,3,1,3.542585,4.059116,0.516531
g1754,g1754.mp3,7.5755,3,2,4.785079,5.808753,1.023673
g1755,g1755.mp3,7.444875,3,0,0.0,1.036757,1.036757
g1755,g1755.mp3,7.444875,3,1,3.467392,3.99805,0.530658
g1755,g1755.mp3,7.444875,3,2,4.674082,5.708254,1.034172
g1756,g1756.mp3,7.86275,3,0,0.0,1.040567,1.040567
g1756,g1756.mp3,7.86275,3,1,3.601497,4.113628,0.512132
g1756,g1756.mp3,7.86275,3,2,4.970113,5.983832,1.013719
g1757,g1757.mp3,8.0195,3,0,0.0,1.054966,1.054966
g1757,g1757.mp3,8.0195,3,1,3.626168,4.155079,0.528912
g1757,g1757.mp3,8.0195,3,2,5.043605,6.071769,1.028163
g1758,g1758.mp3,7.026875,3,0,0.0,1.037279,1.037279
g1758,g1758.mp3,7.026875,3,1,3.328458,3.863855,0.535397
g1758,g1758.mp3,7.026875,3,2,4.40619,5.437551,1.031361
g1759,g1759.mp3,7.52325,3,0,0.0,1.043583,1.043583
g1759,g1759.mp3,7.52325,3,1,3.604354,4.125669,0.521315
g1759,g1759.mp3,7.52325,3,2,4.76907,5.801293,1.032222
g1761,g1761.mp3,8.411375,3,0,0.0,1.047506,1.047506
g1761,g1761.mp3,8.411375,3,1,3.683152,4.197642,0.51449
g1761,g1761.mp3,8.411375,3,2,5.279932,6.307256,1.027324
g1762,g1762.mp3,6.870125,3,0,0.0,1.044195,1.044195
g1762,g1762.mp3,6.870125,3,1,3.583696,4.109909,0.526213
g1762,g1762.mp3,6.870125,3,2,4.464467,5.49619,1.031723
g1763,g1763.mp3,8.150125,3,0,0.0,1.030136,1.030136
g1763,g1763.mp3,8.150125,3,1,3.6961,4.217528,0.521429
g1763,g1763.mp3,8.150125,3,2,5.153152,6.190952,1.0378
g1764,g1764.mp3,7.549375,3,0,0.0,1.090317,1.090317
g1764,g1764.mp3,7.549375,3,1,3.606735,4.134649,0.527914
g1764,g1764.mp3,7.549375,3,2,4.827982,5.86576,1.037778
g1765,g1765.mp3,7.8105,3,0,0.0,1.035556,1.035556
g1765,g1765.mp3,7.8105,3,1,3.718821,4.263628,0.544807
g1765,g1765.mp3,7.8105,3,2,4.995941,6.01746,1.021519
g1766,g1766.mp3,13.792625,6,0,0.0,1.074717,1.074717
g1766,g1766.mp3,13.792625,6,1,3.657732,4.204422,0.546689
g1766,g1766.mp3,13.792625,6,2,4.93415,6.013197,1.079048
g1766,g1766.mp3,13.792625,6,3,6.766599,7.811361,1.044762
g1766,g1766.mp3,13.792625,6,4,8.935941,9.986939,1.050998
g1766,g1766.mp3,13.792625,6,5,10.81771,11.901587,1.083878
g1767,g1767.mp3,7.52325,3,0,0.0,1.0461,1.0461
g1767,g1767.mp3,7.52325,3,1,3.808549,4.333968,0.52542
g1767,g1767.mp3,7.52325,3,2,4.901995,5.942608,1.040612
g1768,g1768.mp3,14.968125,6,0,0.0,1.077596,1.077596
g1768,g1768.mp3,14.968125,6,1,3.527438,4.131655,0.604218
g1768,g1768.mp3,14.968125,6,2,4.939705,5.999478,1.059773
g1768,g1768.mp3,14.968125,6,3,6.880635,7.953515,1.07288
g1768,g1768.mp3,14.968125,6,4,9.222018,10.288707,1.066689
g1768,g1768.mp3,14.968125,6,5,11.567823,12.609841,1.042018
g1769,g1769.mp3,13.71425,6,0,0.0,1.076939,1.076939
g1769,g1769.mp3,13.71425,6,1,3.72678,4.263968,0.537188
g1769,g1769.mp3,13.71425,6,2,5.036621,6.107982,1.071361
g1769,g1769.mp3,13.71425,6,3,6.859093,7.878254,1.019161
g1769,g1769.mp3,13.71425,6,4,8.893424,9.940181,1.046757
g1769,g1769.mp3,13.71425,6,5,10.740023,11.779637,1.039615
g1770,g1770.mp3,7.392625,3,0,0.0,1.064966,1.064966
g1770,g1770.mp3,7.392625,3,1,3.585057,4.11737,0.532313
g1770,g1770.mp3,7.392625,3,2,4.691451,5.716054,1.024603
g1771,g1771.mp3,7.52325,3,0,0.0,1.048299,1.048299
g1771,g1771.mp3,7.52325,3,1,3.507528,4.081587,0.574059
g1771,g1771.mp3,7.52325,3,2,4.731361,5.797029,1.065669
g1772,g1772.mp3,7.86275,3,0,0.0,1.02712,1.02712
g1772,g1772.mp3,7.86275,3,1,3.617098,4.163447,0.546349
g1772,g1772.mp3,7.86275,3,2,4.952426,5.989478,1.037052
g1773,g1773.mp3,7.993375,3,0,0.0,1.047483,1.047483
g1773,g1773.mp3,7.993375,3,1,3.650454,4.181293,0.530839
g1773,g1773.mp3,7.993375,3,2,5.038481,6.064989,1.026508
g1774,g1774.mp3,7.888875,3,0,0.0,1.046327,1.046327
g1774,g1774.mp3,7.888875,3,1,3.711565,4.239274,0.52771
g1774,g1774.mp3,7.888875,3,2,5.026304,6.041111,1.014807
g1775,g1775.mp3,7.941125,3,0,0.0,1.032245,1.032245
g1775,g1775.mp3,7.941125,3,1,3.610499,4.137279,0.52678
g1775,g1775.mp3,7.941125,3,2,5.004626,6.03619,1.031565
g1776,g1776.mp3,7.941125,3,0,0.0,1.058322,1.058322
g1776,g1776.mp3,7.941125,3,1,3.638549,4.181905,0.543356
g1776,g1776.mp3,7.941125,3,2,5.038594,6.07678,1.038186
g1777,g1777.mp3,8.0195,3,0,0.0,1.065238,1.065238
g1777,g1777.mp3,8.0195,3,1,3.761202,4.331837,0.570635
g1777,g1777.mp3,8.0195,3,2,5.126304,6.151179,1.024875
g1778,g1778.mp3,7.444875,3,0,0.0,1.051224,1.051224
g1778,g1778.mp3,7.444875,3,1,3.552812,4.098503,0.545692
g1778,g1778.mp3,7.444875,3,2,4.726871,5.757687,1.030816
g1779,g1779.mp3,8.333,3,0,0.0,1.029751,1.029751
g1779,g1779.mp3,8.333,3,1,3.589683,4.135918,0.546236
g1779,g1779.mp3,8.333,3,2,5.149433,6.196984,1.047551
g1780,g1780.mp3,8.333,3,0,0.0,1.03941,1.03941
g1780,g1780.mp3,8.333,3,1,3.099206,3.631655,0.532449
g1780,g1780.mp3,8.333,3,2,4.927755,5.972925,1.04517
g1781,g1781.mp3,6.860125,3,0,0.0,1.09288,1.09288
g1781,g1781.mp3,6.860125,3,1,3.411746,3.866259,0.454512
g1781,g1781.mp3,6.860125,3,2,4.854694,5.325079,0.470385
g1783,g1783.mp3,8.28075,3,0,0.0,1.051088,1.051088
g1783,g1783.mp3,8.28075,3,1,3.922449,4.498435,0.575986
g1783,g1783.mp3,8.28075,3,2,5.338322,6.383878,1.045556
g1784,g1784.mp3,7.62775,3,0,0.0,1.027596,1.027596
g1784,g1784.mp3,7.62775,3,1,3.45322,3.965329,0.512109
g1784,g1784.mp3,7.62775,3,2,4.75034,5.779116,1.028776
g1785,g1785.mp3,7.549375,3,0,0.0,1.072925,1.072925
g1785,g1785.mp3,7.549375,3,1,3.644671,4.175873,0.531202
g1785,g1785.mp3,7.549375,3,2,4.820045,5.854399,1.034354
g1786,g1786.mp3,8.0195,3,0,0.0,1.054014,1.054014
g1786,g1786.mp3,8.0195,3,1,3.525011,4.04254,0.517528
g1786,g1786.mp3,8.0195,3,2,5.012766,6.049705,1.036939
g1787,g1787.mp3,7.836625,3,0,0.0,1.069864,1.069864
g1787,g1787.mp3,7.836625,3,1,3.676576,4.21254,0.535964
g1787,g1787.mp3,7.836625,3,2,4.998821,6.050522,1.051701
g1788,g1788.mp3,7.131375,3,0,0.0,1.038957,1.038957
g1788,g1788.mp3,7.131375,3,1,3.201179,3.74263,0.541451
g1788,g1788.mp3,7.131375,3,2,4.383764,5.392721,1.008957
g1789,g1789.mp3,7.8105,3,0,0.0,1.040567,1.040567
g1789,g1789.mp3,7.8105,3,1,3.84415,4.380544,0.536395
g1789,g1789.mp3,7.8105,3,2,5.036621,6.069501,1.03288
g1790,g1790.mp3,7.75825,3,0,0.0,1.041088,1.041088
g1790,g1790.mp3,7.75825,3,1,3.389184,3.907029,0.517846
g1790,g1790.mp3,7.75825,3,2,4.750068,5.785351,1.035283
g1791,g1791.mp3,7.549375,3,0,0.0,1.026735,1.026735
g1791,g1791.mp3,7.549375,3,1,3.536077,4.053719,0.517642
g1791,g1791.mp3,7.549375,3,2,4.768435,5.786893,1.018458
g1792,g1792.mp3,7.888875,3,0,0.0,1.04034,1.04034
g1792,g1792.mp3,7.888875,3,1,3.570748,4.081361,0.510612
g1792,g1792.mp3,7.888875,3,2,4.907664,5.935646,1.027982
g1793,g1793.mp3,8.38525,3,0,0.0,1.092154,1.092154
g1793,g1793.mp3,8.38525,3,1,3.82941,4.353288,0.523878
g1793,g1793.mp3,8.38525,3,2,5.344989,6.382948,1.037959
g1794,g1794.mp3,7.96725,3,0,0.0,1.043039,1.043039
g1794,g1794.mp3,7.96725,3,1,3.73585,4.253016,0.517166
g1794,g1794.mp3,7.96725,3,2,5.072925,6.098254,1.025329
g1795,g1795.mp3,7.915,3,0,0.0,1.030136,1.030136
g1795,g1795.mp3,7.915,3,1,3.738821,4.268821,0.53
g1795,g1795.mp3,7.915,3,2,5.052721,6.08322,1.030499
g1796,g1796.mp3,7.915,3,0,0.0,1.026009,1.026009
g1796,g1796.mp3,7.915,3,1,3.58873,4.107279,0.518549
g1796,g1796.mp3,7.915,3,2,4.981814,6.020317,1.038503
g1797,g1797.mp3,14.968125,6,0,0.0,1.064875,1.064875
g1797,g1797.mp3,14.968125,6,1,3.714127,4.296689,0.582562
g1797,g1797.mp3,14.968125,6,2,5.420091,6.470748,1.050658
g1797,g1797.mp3,14.968125,6,3,7.597868,8.644694,1.046825
g1797,g1797.mp3,14.968125,6,4,9.910204,10.968073,1.057868
g1797,g1797.mp3,14.968125,6,5,11.902132,12.941451,1.03932
g1798,g1798.mp3,7.86275,3,0,0.0,1.036032,1.036032
g1798,g1798.mp3,7.86275,3,1,3.570862,4.103764,0.532902
g1798,g1798.mp3,7.86275,3,2,4.944807,5.989478,1.044671
g1799,g1799.mp3,7.784375,3,0,0.0,1.048118,1.048118
g1799,g1799.mp3,7.784375,3,1,3.631111,4.1661,0.534989
g1799,g1799.mp3,7.784375,3,2,4.965533,5.978844,1.013311
g1800,g1800.mp3,7.183625,3,0,0.0,1.053537,1.053537
g1800,g1800.mp3,7.183625,3,1,3.285646,3.830522,0.544875
g1800,g1800.mp3,7.183625,3,2,4.486916,5.499955,1.013039
g1801,g1801.mp3,7.8105,3,0,0.0,1.082971,1.082971
g1801,g1801.mp3,7.8105,3,1,3.228594,3.758798,0.530204
g1801,g1801.mp3,7.8105,3,2,4.730612,5.766077,1.035465
g1802,g1802.mp3,12.355875,6,0,0.0,1.057982,1.057982
g1802,g1802.mp3,12.355875,6,1,3.289184,3.849728,0.560544
g1802,g1802.mp3,12.355875,6,2,4.355079,5.414286,1.059206
g1802,g1802.mp3,12.355875,6,3,5.964104,7.023583,1.059478
g1802,g1802.mp3,12.355875,6,4,8.079592,9.173537,1.093946
g1802,g1802.mp3,12.355875,6,5,9.714263,10.775964,1.061701
g1803,g1803.mp3,6.7395,3,0,0.0,1.042381,1.042381
g1803,g1803.mp3,6.7395,3,1,3.156145,3.705873,0.549728
g1803,g1803.mp3,6.7395,3,2,4.209433,5.237982,1.028549
g1804,g1804.mp3,7.3665,3,0,0.0,1.042585,1.042585
g1804,g1804.mp3,7.3665,3,1,3.125442,3.649388,0.523946
g1804,g1804.mp3,7.3665,3,2,4.46737,5.494286,1.026916
g1805,g1805.mp3,7.86275,3,0,0.0,1.094626,1.094626
g1805,g1805.mp3,7.86275,3,1,3.206236,3.755351,0.549116
g1805,g1805.mp3,7.86275,3,2,4.769841,5.793968,1.024127
g1806,g1806.mp3,7.262,3,0,0.0,1.050884,1.050884
g1806,g1806.mp3,7.262,3,1,3.404399,3.919138,0.514739
g1806,g1806.mp3,7.262,3,2,4.564694,5.589751,1.025057
g1807,g1807.mp3,7.41875,3,0,0.0,1.03712,1.03712
g1807,g1807.mp3,7.41875,3,1,3.287868,3.805601,0.517732
g1807,g1807.mp3,7.41875,3,2,4.570522,5.582018,1.011497
g1808,g1808.mp3,6.870125,3,0,0.0,1.051859,1.051859
g1808,g1808.mp3,6.870125,3,1,3.003175,3.512993,0.509819
g1808,g1808.mp3,6.870125,3,2,4.163628,5.18551,1.021882
g1809,g1809.mp3,7.471,3,0,0.0,1.039819,1.039819
g1809,g1809.mp3,7.471,3,1,3.374875,3.897415,0.52254
g1809,g1809.mp3,7.471,3,2,4.638776,5.652449,1.013673
g1810,g1810.mp3,7.75825,3,0,0.0,1.050454,1.050454
g1810,g1810.mp3,7.75825,3,1,3.251995,3.767755,0.51576
g1810,g1810.mp3,7.75825,3,2,4.713492,5.739955,1.026463
g1811,g1811.mp3,7.915,3,0,0.0,1.045737,1.045737
g1811,g1811.mp3,7.915,3,1,3.105147,3.603175,0.498027
g1811,g1811.mp3,7.915,3,2,4.711791,5.780748,1.068957
g1812,g1812.mp3,7.732125,3,0,0.0,1.069977,1.069977
g1812,g1812.mp3,7.732125,3,1,3.155147,3.686168,0.53102
g1812,g1812.mp3,7.732125,3,2,4.634218,5.666803,1.032585
g1813,g1813.mp3,7.784375,3,0,0.0,1.042494,1.042494
g1813,g1813.mp3,7.784375,3,1,3.515125,4.035896,0.520771
g1813,g1813.mp3,7.784375,3,2,4.885805,5.916372,1.030567
g1814,g1814.mp3,7.471,3,0,0.0,1.032562,1.032562
g1814,g1814.mp3,7.471,3,1,3.254739,3.772993,0.518254
g1814,g1814.mp3,7.471,3,2,4.595283,5.60449,1.009206
g1815,g1815.mp3,8.751,3,0,0.0,1.073152,1.073152
g1815,g1815.mp3,8.751,3,1,3.555828,4.10712,0.551293
g1815,g1815.mp3,8.751,3,2,5.351224,6.394059,1.042834
g1816,g1816.mp3,7.8105,3,0,0.0,1.039955,1.039955
g1816,g1816.mp3,7.8105,3,1,3.413605,3.91415,0.500544
g1816,g1816.mp3,7.8105,3,2,4.841995,5.863175,1.021179
g1817,g1817.mp3,8.097875,3,0,0.0,1.101814,1.101814
g1817,g1817.mp3,8.097875,3,1,3.612426,4.14415,0.531723
g1817,g1817.mp3,8.097875,3,2,5.07322,6.125057,1.051837
g1818,g1818.mp3,8.045625,4,0,0.0,1.056395,1.056395
g1818,g1818.mp3,8.045625,4,1,2.218095,2.345714,0.127619
g1818,g1818.mp3,8.045625,4,2,3.48542,4.021429,0.536009
g1818,g1818.mp3,8.045625,4,3,4.994195,6.017778,1.023583
g1819,g1819.mp3,7.706,3,0,0.0,1.055488,1.055488
g1819,g1819.mp3,7.706,3,1,3.361451,3.883855,0.522404
g1819,g1819.mp3,7.706,3,2,4.730499,5.772993,1.042494
g1820,g1820.mp3,7.68,3,0,0.0,1.063356,1.063356
g1820,g1820.mp3,7.68,3,1,3.186236,3.718367,0.532132
g1820,g1820.mp3,7.68,3,2,4.671315,5.714558,1.043243
g1821,g1821.mp3,7.96725,3,0,0.0,1.076032,1.076032
g1821,g1821.mp3,7.96725,3,1,3.553197,4.084966,0.531769
g1821,g1821.mp3,7.96725,3,2,4.993628,6.032789,1.039161
g1822,g1822.mp3,7.941125,3,0,0.0,1.03322,1.03322
g1822,g1822.mp3,7.941125,3,1,3.459864,4.005125,0.545261
g1822,g1822.mp3,7.941125,3,2,4.943265,5.962517,1.019252
g1823,g1823.mp3,7.941125,3,0,0.0,1.090884,1.090884
g1823,g1823.mp3,7.941125,3,1,3.477528,4.011043,0.533515
g1823,g1823.mp3,7.941125,3,2,4.954082,5.988866,1.034785
g1824,g1824.mp3,7.8105,3,0,0.0,1.051361,1.051361
g1824,g1824.mp3,7.8105,3,1,3.404104,3.961565,0.55746
g1824,g1824.mp3,7.8105,3,2,4.849478,5.87068,1.021202
g1825,g1825.mp3,7.75825,3,0,0.0,1.051247,1.051247
g1825,g1825.mp3,7.75825,3,1,3.466689,3.993651,0.526961
g1825,g1825.mp3,7.75825,3,2,4.822132,5.855102,1.032971
g1826,g1826.mp3,14.001625,6,0,0.0,1.092154,1.092154
g1826,g1826.mp3,14.001625,6,1,3.595034,4.163696,0.568662
g1826,g1826.mp3,14.001625,6,2,4.726803,5.77288,1.046077
g1826,g1826.mp3,14.001625,6,3,6.380612,7.426122,1.04551
g1826,g1826.mp3,14.001625,6,4,10.045578,11.083469,1.037891
g1826,g1826.mp3,14.001625,6,5,11.474014,12.556531,1.082517
g1827,g1827.mp3,8.150125,3,0,0.0,1.0561,1.0561
g1827,g1827.mp3,8.150125,3,1,3.514172,4.026961,0.512789
g1827,g1827.mp3,8.150125,3,2,5.071701,6.096531,1.02483
g1828,g1828.mp3,7.392625,4,0,0.0,1.059365,1.059365
g1828,g1828.mp3,7.392625,4,1,2.123175,2.28966,0.166485
g1828,g1828.mp3,7.392625,4,2,3.470975,3.981338,0.510363
g1828,g1828.mp3,7.392625,4,3,4.662857,5.686327,1.023469
g1829,g1829.mp3,7.601625,3,0,0.0,1.058912,1.058912
g1829,g1829.mp3,7.601625,3,1,3.430385,3.961655,0.53127
g1829,g1829.mp3,7.601625,3,2,4.725669,5.775964,1.050295
g1830,g1830.mp3,14.184375,6,0,0.0,1.127347,1.127347
g1830,g1830.mp3,14.184375,6,1,3.37381,3.921451,0.547642
g1830,g1830.mp3,14.184375,6,2,4.946757,5.969592,1.022834
g1830,g1830.mp3,14.184375,6,3,7.033469,8.079569,1.0461
g1830,g1830.mp3,14.184375,6,4,9.129161,10.151542,1.022381
g1830,g1830.mp3,14.184375,6,5,11.151224,12.184422,1.033197
g1831,g1831.mp3,7.941125,3,0,0.0,1.030204,1.030204
g1831,g1831.mp3,7.941125,3,1,3.455215,3.980068,0.524853
g1831,g1831.mp3,7.941125,3,2,4.921542,5.933152,1.01161
g1832,g1832.mp3,7.10525,3,0,0.0,1.041973,1.041973
g1832,g1832.mp3,7.10525,3,1,3.246667,3.794354,0.547687
g1832,g1832.mp3,7.10525,3,2,4.421882,5.426259,1.004376
g1833,g1833.mp3,7.784375,3,0,0.0,1.053084,1.053084
g1833,g1833.mp3,7.784375,3,1,3.391882,3.944014,0.552132
g1833,g1833.mp3,7.784375,3,2,4.818299,5.883651,1.065351
g1834,g1834.mp3,7.888875,3,0,0.0,1.057256,1.057256
g1834,g1834.mp3,7.888875,3,1,3.459297,3.995465,0.536168
g1834,g1834.mp3,7.888875,3,2,4.898209,5.940975,1.042766
g1835,g1835.mp3,7.86275,3,0,0.0,1.035873,1.035873
g1835,g1835.mp3,7.86275,3,1,3.52059,4.065873,0.545283
g1835,g1835.mp3,7.86275,3,2,4.950408,5.98458,1.034172
g1836,g1836.mp3,7.471,3,0,0.0,1.034966,1.034966
g1836,g1836.mp3,7.471,3,1,3.434853,3.990385,0.555533
g1836,g1836.mp3,7.471,3,2,4.702381,5.733401,1.03102
g1837,g1837.mp3,7.601625,3,0,0.0,1.069433,1.069433
g1837,g1837.mp3,7.601625,3,1,3.338957,3.863152,0.524195
g1837,g1837.mp3,7.601625,3,2,4.699229,5.719932,1.020703
g1838,g1838.mp3,7.079125,3,0,0.0,1.065782,1.065782
g1838,g1838.mp3,7.079125,3,1,3.224263,3.756327,0.532063
g1838,g1838.mp3,7.079125,3,2,4.398685,5.427551,1.028866
g1839,g1839.mp3,7.75825,3,0,0.0,1.063107,1.063107
g1839,g1839.mp3,7.75825,3,1,3.577982,4.079229,0.501247
g1839,g1839.mp3,7.75825,3,2,4.915442,5.949365,1.033923
g1840,g1840.mp3,7.444875,3,0,0.0,1.050204,1.050204
g1840,g1840.mp3,7.444875,3,1,3.13619,3.6922,0.556009
g1840,g1840.mp3,7.444875,3,2,4.561723,5.576871,1.015147
g1841,g1841.mp3,7.653875,3,0,0.0,1.039524,1.039524
g1841,g1841.mp3,7.653875,3,1,3.465147,3.989637,0.52449
g1841,g1841.mp3,7.653875,3,2,4.803197,5.819116,1.015918
g1842,g1842.mp3,8.097875,3,0,0.0,1.06941,1.06941
g1842,g1842.mp3,8.097875,3,1,3.440272,4.006145,0.565873
g1842,g1842.mp3,8.097875,3,2,5.039751,6.070975,1.031224
g1843,g1843.mp3,8.17625,3,0,0.0,1.041315,1.041315
g1843,g1843.mp3,8.17625,3,1,3.555488,4.099297,0.54381
g1843,g1843.mp3,8.17625,3,2,5.089841,6.120023,1.030181
g1844,g1844.mp3,7.836625,3,0,0.0,1.058617,1.058617
g1844,g1844.mp3,7.836625,3,1,3.327075,3.850113,0.523039
g1844,g1844.mp3,7.836625,3,2,4.831837,5.854059,1.022222
g1845,g1845.mp3,8.38525,3,0,0.0,1.060227,1.060227
g1845,g1845.mp3,8.38525,3,1,3.351519,3.883424,0.531905
g1845,g1845.mp3,8.38525,3,2,5.072517,6.096893,1.024376
g1846,g1846.mp3,7.8105,3,0,0.0,1.039841,1.039841
g1846,g1846.mp3,7.8105,3,1,3.439705,3.972472,0.532766
g1846,g1846.mp3,7.8105,3,2,4.849819,5.879615,1.029796
g1847,g1847.mp3,7.86275,3,0,0.0,1.075011,1.075011
g1847,g1847.mp3,7.86275,3,1,3.397506,3.960771,0.563265
g1847,g1847.mp3,7.86275,3,2,4.859819,5.903764,1.043946
g1848,g1848.mp3,7.75825,3,0,0.0,1.048639,1.048639
g1848,g1848.mp3,7.75825,3,1,3.282971,3.836939,0.553968
g1848,g1848.mp3,7.75825,3,2,4.76542,5.80746,1.042041
g1849,g1849.mp3,7.888875,3,0,0.0,1.054286,1.054286
g1849,g1849.mp3,7.888875,3,1,3.694036,4.251678,0.557642
g1849,g1849.mp3,7.888875,3,2,4.997642,6.080408,1.082766
g1850,g1850.mp3,7.62775,3,0,0.0,1.042653,1.042653
g1850,g1850.mp3,7.62775,3,1,3.150091,3.665896,0.515805
g1850,g1850.mp3,7.62775,3,2,4.624898,5.639819,1.014921
g1851,g1851.mp3,7.471,3,0,0.0,1.029388,1.029388
g1851,g1851.mp3,7.471,3,1,3.343832,3.871678,0.527846
g1851,g1851.mp3,7.471,3,2,4.631859,5.682222,1.050363
g1852,g1852.mp3,7.915,3,0,0.0,1.046077,1.046077
g1852,g1852.mp3,7.915,3,1,3.408526,3.917007,0.508481
g1852,g1852.mp3,7.915,3,2,4.90263,5.915737,1.013107
g1853,g1853.mp3,7.75825,3,0,0.0,1.041995,1.041995
g1853,g1853.mp3,7.75825,3,1,3.456327,3.981927,0.525601
g1853,g1853.mp3,7.75825,3,2,4.848367,5.851111,1.002744
g1854,g1854.mp3,6.844,3,0,0.0,1.041814,1.041814
g1854,g1854.mp3,6.844,3,1,3.356372,3.870385,0.514014
g1854,g1854.mp3,6.844,3,2,4.318571,5.334195,1.015624
g1855,g1855.mp3,7.10525,3,0,0.0,1.026077,1.026077
g1855,g1855.mp3,7.10525,3,1,3.360023,3.88517,0.525147
g1855,g1855.mp3,7.10525,3,2,4.441655,5.463401,1.021746
g1856,g1856.mp3,7.601625,3,0,0.0,1.051746,1.051746
g1856,g1856.mp3,7.601625,3,1,3.382608,3.919048,0.53644
g1856,g1856.mp3,7.601625,3,2,4.709161,5.735556,1.026395
g1857,g1857.mp3,7.888875,3,0,0.0,1.048889,1.048889
g1857,g1857.mp3,7.888875,3,1,3.324649,3.841156,0.516508
g1857,g1857.mp3,7.888875,3,2,4.847823,5.864263,1.01644
g1858,g1858.mp3,7.653875,3,0,0.0,1.047778,1.047778
g1858,g1858.mp3,7.653875,3,1,3.172358,3.752358,0.58
g1858,g1858.mp3,7.653875,3,2,4.676825,5.700227,1.023401
g1859,g1859.mp3,7.288125,3,0,0.0,1.065442,1.065442
g1859,g1859.mp3,7.288125,3,1,3.164694,3.678299,0.513605
g1859,g1859.mp3,7.288125,3,2,4.452268,5.457052,1.004785
g1860,g1860.mp3,7.20975,3,0,0.0,1.032177,1.032177
g1860,g1860.mp3,7.20975,3,1,2.967279,3.475737,0.508458
g1860,g1860.mp3,7.20975,3,2,4.332336,5.346281,1.013946
g1861,g1861.mp3,13.29625,6,0,0.0,1.030703,1.030703
g1861,g1861.mp3,13.29625,6,1,3.091451,3.620862,0.52941
g1861,g1861.mp3,13.29625,6,2,4.515918,5.555805,1.039887
g1861,g1861.mp3,13.29625,6,3,6.448027,7.499751,1.051723
g1861,g1861.mp3,13.29625,6,4,8.653197,9.705238,1.052041
g1861,g1861.mp3,13.29625,6,5,10.426349,11.492698,1.066349
g1862,g1862.mp3,7.471,3,0,0.0,1.036077,1.036077
g1862,g1862.mp3,7.471,3,1,3.425125,3.944875,0.519751
g1862,g1862.mp3,7.471,3,2,4.650272,5.675737,1.025465
g1863,g1863.mp3,7.31425,3,0,0.0,1.033447,1.033447
g1863,g1863.mp3,7.31425,3,1,3.536757,4.06034,0.523583
g1863,g1863.mp3,7.31425,3,2,4.63712,5.687596,1.050476
g1864,g1864.mp3,8.306875,3,0,0.0,1.047302,1.047302
g1864,g1864.mp3,8.306875,3,1,3.536077,4.063787,0.52771
g1864,g1864.mp3,8.306875,3,2,5.16576,6.176871,1.011111
g1865,g1865.mp3,7.96725,3,0,0.0,1.031383,1.031383
g1865,g1865.mp3,7.96725,3,1,3.593016,4.108753,0.515737
g1865,g1865.mp3,7.96725,3,2,5.001746,6.011859,1.010113
g1866,g1866.mp3,8.28075,4,0,0.0,1.06034,1.06034
g1866,g1866.mp3,8.28075,4,1,2.205125,2.344853,0.139728
g1866,g1866.mp3,8.28075,4,2,3.837029,4.341655,0.504626
g1866,g1866.mp3,8.28075,4,3,5.260272,6.293696,1.033424
g1867,g1867.mp3,7.549375,3,0,0.0,1.055238,1.055238
g1867,g1867.mp3,7.549375,3,1,3.425692,3.924626,0.498934
g1867,g1867.mp3,7.549375,3,2,4.678685,5.714104,1.03542
g1868,g1868.mp3,7.392625,3,0,0.0,1.053356,1.053356
g1868,g1868.mp3,7.392625,3,1,3.294762,3.818027,0.523265
g1868,g1868.mp3,7.392625,3,2,4.567415,5.594853,1.027438
g1869,g1869.mp3,7.392625,3,0,0.0,1.061701,1.061701
g1869,g1869.mp3,7.392625,3,1,3.57941,4.104694,0.525283
g1869,g1869.mp3,7.392625,3,2,4.711043,5.757574,1.046531
g1870,g1870.mp3,7.706,3,0,0.0,1.038617,1.038617
g1870,g1870.mp3,7.706,3,1,3.121066,3.616531,0.495465
g1870,g1870.mp3,7.706,3,2,4.596395,5.606984,1.01059
g1871,g1871.mp3,7.62775,3,0,0.0,1.054603,1.054603
g1871,g1871.mp3,7.62775,3,1,3.533673,4.061973,0.528299
g1871,g1871.mp3,7.62775,3,2,4.828481,5.84619,1.01771
g1872,g1872.mp3,8.097875,3,0,0.0,1.029683,1.029683
g1872,g1872.mp3,8.097875,3,1,3.501882,4.018639,0.516757
g1872,g1872.mp3,8.097875,3,2,5.022245,6.078776,1.056531
g1873,g1873.mp3,7.444875,3,0,0.0,1.038435,1.038435
g1873,g1873.mp3,7.444875,3,1,3.46424,3.969478,0.505238
g1873,g1873.mp3,7.444875,3,2,4.696122,5.726667,1.030544
g1874,g1874.mp3,8.07175,3,0,0.0,1.054898,1.054898
g1874,g1874.mp3,8.07175,3,1,3.364966,3.879025,0.514059
g1874,g1874.mp3,8.07175,3,2,4.954218,5.960816,1.006599
g1875,g1875.mp3,7.131375,3,0,0.0,1.039252,1.039252
g1875,g1875.mp3,7.131375,3,1,3.404649,3.918027,0.513379
g1875,g1875.mp3,7.131375,3,2,4.48415,5.503764,1.019615
g1876,g1876.mp3,7.732125,3,0,0.0,1.031769,1.031769
g1876,g1876.mp3,7.732125,3,1,3.301406,3.822086,0.52068
g1876,g1876.mp3,7.732125,3,2,4.734218,5.744444,1.010227
g1877,g1877.mp3,7.41875,3,0,0.0,1.061451,1.061451
g1877,g1877.mp3,7.41875,3,1,3.412925,3.947052,0.534127
g1877,g1877.mp3,7.41875,3,2,4.662971,5.665805,1.002834
g1878,g1878.mp3,8.202375,4,0,0.0,1.165646,1.165646
g1878,g1878.mp3,8.202375,4,1,2.234671,2.361769,0.127098
g1878,g1878.mp3,8.202375,4,2,3.522472,4.041066,0.518594
g1878,g1878.mp3,8.202375,4,3,5.081791,6.124853,1.043061
g1880,g1880.mp3,7.96725,4,0,0.0,1.067642,1.067642
g1880,g1880.mp3,7.96725,4,1,2.340522,2.47458,0.134059
g1880,g1880.mp3,7.96725,4,2,3.474717,4.020476,0.54576
g1880,g1880.mp3,7.96725,4,3,4.964943,5.989637,1.024694
g1881,g1881.mp3,7.549375,3,0,0.0,1.027347,1.027347
g1881,g1881.mp3,7.549375,3,1,3.341338,3.851315,0.509977
g1881,g1881.mp3,7.549375,3,2,4.665918,5.680884,1.014966
g1882,g1882.mp3,8.359125,3,0,0.0,1.036077,1.036077
g1882,g1882.mp3,8.359125,3,1,3.466712,3.983175,0.516463
g1882,g1882.mp3,8.359125,3,2,5.167528,6.184694,1.017166
g1883,g1883.mp3,7.079125,3,0,0.0,1.030272,1.030272
g1883,g1883.mp3,7.079125,3,1,3.461973,3.96619,0.504218
g1883,g1883.mp3,7.079125,3,2,4.517143,5.530635,1.013492
g1884,g1884.mp3,7.497125,3,0,0.0,1.044195,1.044195
g1884,g1884.mp3,7.497125,3,1,3.393016,3.913719,0.520703
g1884,g1884.mp3,7.497125,3,2,4.696349,5.70966,1.013311
g1885,g1885.mp3,7.601625,3,0,0.0,1.057664,1.057664
g1885,g1885.mp3,7.601625,3,1,3.437551,3.972766,0.535215
g1885,g1885.mp3,7.601625,3,2,4.742721,5.774943,1.032222
g1886,g1886.mp3,7.68,3,0,0.0,1.029796,1.029796
g1886,g1886.mp3,7.68,3,1,3.426463,3.932336,0.505873
g1886,g1886.mp3,7.68,3,2,4.738912,5.784172,1.045261
g1887,g1887.mp3,7.706,3,0,0.0,1.041043,1.041043
g1887,g1887.mp3,7.706,3,1,3.267052,3.790567,0.523515
g1887,g1887.mp3,7.706,3,2,4.708231,5.719546,1.011315
g1889,g1889.mp3,7.915,3,0,0.0,1.02941,1.02941
g1889,g1889.mp3,7.915,3,1,3.523605,4.02449,0.500884
g1889,g1889.mp3,7.915,3,2,4.9361,5.960385,1.024286
g1890,g1890.mp3,7.392625,3,0,0.0,1.037392,1.037392
g1890,g1890.mp3,7.392625,3,1,3.078345,3.598776,0.520431
g1890,g1890.mp3,7.392625,3,2,4.476327,5.497143,1.020816
g1891,g1891.mp3,8.411375,3,0,0.0,1.026644,1.026644
g1891,g1891.mp3,8.411375,3,1,3.391973,3.91517,0.523197
g1891,g1891.mp3,8.411375,3,2,5.130794,6.144172,1.013379
g1892,g1892.mp3,7.601625,3,0,0.0,1.058027,1.058027
g1892,g1892.mp3,7.601625,3,1,3.45356,3.995918,0.542358
g1892,g1892.mp3,7.601625,3,2,4.766689,5.781406,1.014717
g1893,g1893.mp3,7.235875,3,0,0.0,1.054195,1.054195
g1893,g1893.mp3,7.235875,3,1,3.497574,4.022676,0.525102
g1893,g1893.mp3,7.235875,3,2,4.585442,5.637619,1.052177
g1894,g1894.mp3,7.471,3,0,0.0,1.0278,1.0278
g1894,g1894.mp3,7.471,3,1,3.491723,4.015442,0.523719
g1894,g1894.mp3,7.471,3,2,4.682358,5.731973,1.049615
g1895,g1895.mp3,7.653875,3,0,0.0,1.080522,1.080522
g1895,g1895.mp3,7.653875,3,1,3.562562,4.09483,0.532268
g1895,g1895.mp3,7.653875,3,2,4.829637,5.84517,1.015533
g1896,g1896.mp3,18.390125,9,0,0.0,1.025057,1.025057
g1896,g1896.mp3,18.390125,9,1,3.737234,4.737347,1.000113
g1896,g1896.mp3,18.390125,9,2,5.412041,6.412154,1.000113
g1896,g1896.mp3,18.390125,9,3,7.093991,7.594898,0.500907
g1896,g1896.mp3,18.390125,9,4,10.436281,11.436304,1.000023
g1896,g1896.mp3,18.390125,9,5,12.189388,13.189388,1.0
g1896,g1896.mp3,18.390125,9,6,13.986032,14.481655,0.495624
g1896,g1896.mp3,18.390125,9,7,15.200045,16.200091,1.000045
g1896,g1896.mp3,18.390125,9,8,16.8,17.8,1.0
g1897,g1897.mp3,7.784375,3,0,0.0,1.026327,1.026327
g1897,g1897.mp3,7.784375,3,1,3.860771,4.374943,0.514172
g1897,g1897.mp3,7.784375,3,2,5.04805,6.073515,1.025465
g1898,g1898.mp3,7.836625,3,0,0.0,1.027551,1.027551
g1898,g1898.mp3,7.836625,3,1,3.343673,3.838798,0.495125
g1898,g1898.mp3,7.836625,3,2,4.812562,5.833469,1.020907
g1899,g1899.mp3,7.235875,3,0,0.0,1.04678,1.04678
g1899,g1899.mp3,7.235875,3,1,3.683855,4.208141,0.524286
g1899,g1899.mp3,7.235875,3,2,4.679841,5.708073,1.028231
g1900,g1900.mp3,7.3665,3,0,0.0,1.036463,1.036463
g1900,g1900.mp3,7.3665,3,1,3.365533,3.881565,0.516032
g1900,g1900.mp3,7.3665,3,2,4.578821,5.604875,1.026054
g1902,g1902.mp3,13.635875,6,0,0.0,1.048821,1.048821
g1902,g1902.mp3,13.635875,6,1,3.397619,3.915556,0.517937
g1902,g1902.mp3,13.635875,6,2,4.831927,5.877755,1.045828
g1902,g1902.mp3,13.635875,6,3,6.823923,7.837823,1.0139
g1902,g1902.mp3,13.635875,6,4,9.009841,10.029841,1.02
g1902,g1902.mp3,13.635875,6,5,10.786531,11.806236,1.019705
g1903,g1903.mp3,8.306875,3,0,0.0,1.053084,1.053084
g1903,g1903.mp3,8.306875,3,1,3.695147,4.213356,0.518209
g1903,g1903.mp3,8.306875,3,2,5.218934,6.252472,1.033537
g1904,g1904.mp3,7.653875,3,0,0.0,1.041088,1.041088
g1904,g1904.mp3,7.653875,3,1,3.328866,3.825624,0.496757
g1904,g1904.mp3,7.653875,3,2,4.700998,5.725034,1.024036
g1905,g1905.mp3,7.836625,3,0,0.0,1.068435,1.068435
g1905,g1905.mp3,7.836625,3,1,3.34517,3.862132,0.516961
g1905,g1905.mp3,7.836625,3,2,4.810567,5.829569,1.019002
g1906,g1906.mp3,7.706,3,0,0.0,1.028617,1.028617
g1906,g1906.mp3,7.706,3,1,3.232132,3.775351,0.54322
g1906,g1906.mp3,7.706,3,2,4.708776,5.735147,1.026372
g1907,g1907.mp3,6.9485,3,0,0.0,1.037823,1.037823
g1907,g1907.mp3,6.9485,3,1,3.189524,3.725238,0.535714
g1907,g1907.mp3,6.9485,3,2,4.306032,5.344286,1.038254
g1908,g1908.mp3,7.5755,3,0,0.0,1.030862,1.030862
g1908,g1908.mp3,7.5755,3,1,3.150136,3.659229,0.509093
g1908,g1908.mp3,7.5755,3,2,4.565465,5.578866,1.013401
g1909,g1909.mp3,6.844,3,0,0.0,1.035896,1.035896
g1909,g1909.mp3,6.844,3,1,3.384104,3.909569,0.525465
g1909,g1909.mp3,6.844,3,2,4.357642,5.358662,1.00102
g1910,g1910.mp3,7.653875,3,0,0.0,1.050431,1.050431
g1910,g1910.mp3,7.653875,3,1,3.501587,4.011497,0.509909
g1910,g1910.mp3,7.653875,3,2,4.773152,5.815034,1.041882
g1911,g1911.mp3,7.392625,3,0,0.0,1.054512,1.054512
g1911,g1911.mp3,7.392625,3,1,3.285714,3.802925,0.517211
g1911,g1911.mp3,7.392625,3,2,4.552608,5.598277,1.045669
g1912,g1912.mp3,7.497125,3,0,0.0,1.025079,1.025079
g1912,g1912.mp3,7.497125,3,1,3.200816,3.734444,0.533628
g1912,g1912.mp3,7.497125,3,2,4.626848,5.66102,1.034172
g1913,g1913.mp3,7.706,3,0,0.0,1.039252,1.039252
g1913,g1913.mp3,7.706,3,1,3.291995,3.822336,0.53034
g1913,g1913.mp3,7.706,3,2,4.759592,5.771315,1.011723
g1914,g1914.mp3,7.941125,3,0,0.0,1.037506,1.037506
g1914,g1914.mp3,7.941125,3,1,3.758934,4.300272,0.541338
g1914,g1914.mp3,7.941125,3,2,5.076621,6.122812,1.04619
g1915,g1915.mp3,7.8105,3,0,0.0,1.037211,1.037211
g1915,g1915.mp3,7.8105,3,1,3.830658,4.340703,0.510045
g1915,g1915.mp3,7.8105,3,2,5.036259,6.070952,1.034694
g1916,g1916.mp3,7.836625,3,0,0.0,1.043197,1.043197
g1916,g1916.mp3,7.836625,3,1,3.548866,4.071043,0.522177
g1916,g1916.mp3,7.836625,3,2,4.959433,5.981882,1.022449
g1917,g1917.mp3,7.62775,3,0,0.0,1.031497,1.031497
g1917,g1917.mp3,7.62775,3,1,3.565306,4.081927,0.516621
g1917,g1917.mp3,7.62775,3,2,4.823741,5.843878,1.020136
g1918,g1918.mp3,7.96725,3,0,0.0,1.052404,1.052404
g1918,g1918.mp3,7.96725,3,1,3.583039,4.119093,0.536054
g1918,g1918.mp3,7.96725,3,2,5.006508,6.034558,1.02805
g1919,g1919.mp3,7.888875,3,0,0.0,1.028844,1.028844
g1919,g1919.mp3,7.888875,3,1,3.503379,4.026871,0.523492
g1919,g1919.mp3,7.888875,3,2,4.951156,5.961247,1.010091
g1920,g1920.mp3,7.392625,3,0,0.0,1.047755,1.047755
g1920,g1920.mp3,7.392625,3,1,3.178707,3.687188,0.508481
g1920,g1920.mp3,7.392625,3,2,4.513673,5.528798,1.015125
g1921,g1921.mp3,8.0195,3,0,0.0,1.063084,1.063084
g1921,g1921.mp3,8.0195,3,1,3.534263,4.053673,0.51941
g1921,g1921.mp3,8.0195,3,2,4.980952,6.015488,1.034535
g1922,g1922.mp3,7.941125,3,0,0.0,1.037596,1.037596
g1922,g1922.mp3,7.941125,3,1,3.48254,3.998912,0.516372
g1922,g1922.mp3,7.941125,3,2,4.926327,5.969116,1.042789
g1923,g1923.mp3,8.306875,3,0,0.0,1.058277,1.058277
g1923,g1923.mp3,8.306875,3,1,3.985556,4.513946,0.52839
g1923,g1923.mp3,8.306875,3,2,5.363311,6.399887,1.036576
g1924,g1924.mp3,7.75825,3,0,0.0,1.029456,1.029456
g1924,g1924.mp3,7.75825,3,1,3.551769,4.06449,0.512721
g1924,g1924.mp3,7.75825,3,2,4.832971,5.870794,1.037823
g1925,g1925.mp3,7.993375,3,0,0.0,1.035692,1.035692
g1925,g1925.mp3,7.993375,3,1,3.594399,4.101678,0.507279
g1925,g1925.mp3,7.993375,3,2,4.998299,6.047755,1.049456
g1926,g1926.mp3,7.75825,3,0,0.0,1.049478,1.049478
g1926,g1926.mp3,7.75825,3,1,3.502268,4.017619,0.515351
g1926,g1926.mp3,7.75825,3,2,4.840975,5.853039,1.012063
g1927,g1927.mp3,7.62775,3,0,0.0,1.045147,1.045147
g1927,g1927.mp3,7.62775,3,1,3.400862,3.919478,0.518617
g1927,g1927.mp3,7.62775,3,2,4.708503,5.734014,1.02551
g1928,g1928.mp3,8.07175,3,0,0.0,1.0561,1.0561
g1928,g1928.mp3,8.07175,3,1,3.182063,3.70966,0.527596
g1928,g1928.mp3,8.07175,3,2,4.87678,5.892268,1.015488
g1929,g1929.mp3,7.497125,3,0,0.0,1.051043,1.051043
g1929,g1929.mp3,7.497125,3,1,3.402698,3.942517,0.539819
g1929,g1929.mp3,7.497125,3,2,4.669365,5.702404,1.033039
g1930,g1930.mp3,8.17625,3,0,0.0,1.076757,1.076757
g1930,g1930.mp3,8.17625,3,1,3.379887,3.937823,0.557937
g1930,g1930.mp3,8.17625,3,2,5.026939,6.053696,1.026757
g1931,g1931.mp3,7.5755,3,0,0.0,1.028277,1.028277
g1931,g1931.mp3,7.5755,3,1,3.615011,4.159932,0.544921
g1931,g1931.mp3,7.5755,3,2,4.849274,5.873787,1.024512
g1932,g1932.mp3,7.653875,3,0,0.0,1.032132,1.032132
g1932,g1932.mp3,7.653875,3,1,3.412562,3.93585,0.523288
g1932,g1932.mp3,7.653875,3,2,4.752653,5.769116,1.016463
g1933,g1933.mp3,7.75825,3,0,0.0,1.056939,1.056939
g1933,g1933.mp3,7.75825,3,1,3.192381,3.761542,0.569161
g1933,g1933.mp3,7.75825,3,2,4.728549,5.753447,1.024898
g1934,g1934.mp3,7.653875,3,0,0.0,1.06068,1.06068
g1934,g1934.mp3,7.653875,3,1,3.184308,3.729864,0.545556
g1934,g1934.mp3,7.653875,3,2,4.661927,5.693447,1.031519
g1935,g1935.mp3,8.097875,3,0,0.0,1.054649,1.054649
g1935,g1935.mp3,8.097875,3,1,3.237188,3.768889,0.531701
g1935,g1935.mp3,8.097875,3,2,4.897778,5.921837,1.024059
g1936,g1936.mp3,7.993375,3,0,0.0,1.04322,1.04322
g1936,g1936.mp3,7.993375,3,1,3.601995,4.170317,0.568322
g1936,g1936.mp3,7.993375,3,2,5.057007,6.077029,1.020023
g1937,g1937.mp3,7.497125,3,0,0.0,1.050181,1.050181
g1937,g1937.mp3,7.497125,3,1,3.172449,3.689546,0.517098
g1937,g1937.mp3,7.497125,3,2,4.553197,5.562358,1.009161
g1938,g1938.mp3,8.2285,3,0,0.0,1.077392,1.077392
g1938,g1938.mp3,8.2285,3,1,3.430612,3.971247,0.540635
g1938,g1938.mp3,8.2285,3,2,5.039909,6.089161,1.049252
g1939,g1939.mp3,7.5755,3,0,0.0,1.03068,1.03068
g1939,g1939.mp3,7.5755,3,1,3.350023,3.866599,0.516576
g1939,g1939.mp3,7.5755,3,2,4.671905,5.698753,1.026848
g1940,g1940.mp3,7.68,3,0,0.0,1.058458,1.058458
g1940,g1940.mp3,7.68,3,1,3.160476,3.670159,0.509683
g1940,g1940.mp3,7.68,3,2,4.632698,5.684036,1.051338
g1941,g1941.mp3,7.706,3,0,0.0,1.040408,1.040408
g1941,g1941.mp3,7.706,3,1,3.33898,3.893605,0.554626
g1941,g1941.mp3,7.706,3,2,4.759433,5.785193,1.02576
g1942,g1942.mp3,7.340375,3,0,0.0,1.067052,1.067052
g1942,g1942.mp3,7.340375,3,1,3.183492,3.702336,0.518844
g1942,g1942.mp3,7.340375,3,2,4.47771,5.495896,1.018186
g1943,g1943.mp3,7.62775,3,0,0.0,1.062313,1.062313
g1943,g1943.mp3,7.62775,3,1,3.247279,3.77932,0.532041
g1943,g1943.mp3,7.62775,3,2,4.670612,5.69898,1.028367
g1945,g1945.mp3,7.836625,3,0,0.0,1.048345,1.048345
g1945,g1945.mp3,7.836625,3,1,3.644785,4.194444,0.54966
g1945,g1945.mp3,7.836625,3,2,4.933991,5.999297,1.065306
g1946,g1946.mp3,8.254625,3,0,0.0,1.071837,1.071837
g1946,g1946.mp3,8.254625,3,1,3.403356,3.964875,0.561519
g1946,g1946.mp3,8.254625,3,2,5.052358,6.103628,1.05127
g1947,g1947.mp3,7.96725,3,0,0.0,1.055578,1.055578
g1947,g1947.mp3,7.96725,3,1,3.661111,4.199025,0.537914
g1947,g1947.mp3,7.96725,3,2,5.024512,6.08839,1.063878
g1948,g1948.mp3,7.784375,3,0,0.0,1.065079,1.065079
g1948,g1948.mp3,7.784375,3,1,3.642698,4.152222,0.509524
g1948,g1948.mp3,7.784375,3,2,4.94415,6.012404,1.068254
g1949,g1949.mp3,14.863625,6,0,0.0,1.065873,1.065873
g1949,g1949.mp3,14.863625,6,1,3.907914,4.503855,0.595941
g1949,g1949.mp3,14.863625,6,2,5.495079,6.556893,1.061814
g1949,g1949.mp3,14.863625,6,3,7.57254,8.573968,1.001429
g1949,g1949.mp3,14.863625,6,4,9.93254,10.949138,1.016599
g1949,g1949.mp3,14.863625,6,5,11.854603,12.913197,1.058594
g1950,g1950.mp3,8.463625,3,0,0.0,1.062449,1.062449
g1950,g1950.mp3,8.463625,3,1,3.693583,4.224172,0.53059
g1950,g1950.mp3,8.463625,3,2,5.319002,6.373764,1.054762
g1951,g1951.mp3,7.601625,3,0,0.0,1.039048,1.039048
g1951,g1951.mp3,7.601625,3,1,3.679138,4.206939,0.5278
g1951,g1951.mp3,7.601625,3,2,4.857937,5.875442,1.017506
g1952,g1952.mp3,7.784375,3,0,0.0,1.061315,1.061315
g1952,g1952.mp3,7.784375,3,1,3.698594,4.235374,0.53678
g1952,g1952.mp3,7.784375,3,2,4.998594,6.027755,1.029161
g1953,g1953.mp3,8.306875,3,0,0.0,1.050771,1.050771
g1953,g1953.mp3,8.306875,3,1,3.771542,4.332426,0.560884
g1953,g1953.mp3,8.306875,3,2,5.276054,6.299887,1.023832
g1954,g1954.mp3,8.202375,3,0,0.0,1.04195,1.04195
g1954,g1954.mp3,8.202375,3,1,3.703991,4.212494,0.508503
g1954,g1954.mp3,8.202375,3,2,5.197211,6.21966,1.022449
g1955,g1955.mp3,7.86275,3,0,0.0,1.059796,1.059796
g1955,g1955.mp3,7.86275,3,1,3.427664,3.951882,0.524218
g1955,g1955.mp3,7.86275,3,2,4.887732,5.895692,1.007959
g1956,g1956.mp3,7.3665,3,0,0.0,1.066848,1.066848
g1956,g1956.mp3,7.3665,3,1,3.366395,3.884059,0.517664
g1956,g1956.mp3,7.3665,3,2,4.56195,5.584649,1.022698
g1957,g1957.mp3,8.777125,3,0,0.0,1.093855,1.093855
g1957,g1957.mp3,8.777125,3,1,3.567098,4.097868,0.530771
g1957,g1957.mp3,8.777125,3,2,5.403946,6.416621,1.012676
g1958,g1958.mp3,7.653875,3,0,0.0,1.03381,1.03381
g1958,g1958.mp3,7.653875,3,1,3.336304,3.863515,0.527211
g1958,g1958.mp3,7.653875,3,2,4.739093,5.742494,1.003401
g1959,g1959.mp3,7.941125,3,0,0.0,1.037528,1.037528
g1959,g1959.mp3,7.941125,3,1,3.339955,3.84102,0.501066
g1959,g1959.mp3,7.941125,3,2,4.857846,5.88805,1.030204
g1960,g1960.mp3,7.549375,3,0,0.0,1.036213,1.036213
g1960,g1960.mp3,7.549375,3,1,3.082721,3.591043,0.508322
g1960,g1960.mp3,7.549375,3,2,4.563084,5.57619,1.013107
g1961,g1961.mp3,7.262,3,0,0.0,1.043129,1.043129
g1961,g1961.mp3,7.262,3,1,3.31127,3.807256,0.495986
g1961,g1961.mp3,7.262,3,2,4.504898,5.536304,1.031406
g1962,g1962.mp3,7.392625,3,0,0.0,1.048095,1.048095
g1962,g1962.mp3,7.392625,3,1,3.415805,3.922676,0.506871
g1962,g1962.mp3,7.392625,3,2,4.643515,5.652336,1.008821
g1963,g1963.mp3,7.31425,3,0,0.0,1.040045,1.040045
g1963,g1963.mp3,7.31425,3,1,3.317687,3.833424,0.515737
g1963,g1963.mp3,7.31425,3,2,4.537415,5.569161,1.031746
g1964,g1964.mp3,7.836625,3,0,0.0,1.038889,1.038889
g1964,g1964.mp3,7.836625,3,1,3.460884,3.985556,0.524671
g1964,g1964.mp3,7.836625,3,2,4.870136,5.912358,1.042222
g1965,g1965.mp3,7.75825,3,0,0.0,1.048458,1.048458
g1965,g1965.mp3,7.75825,3,1,3.303265,3.82381,0.520544
g1965,g1965.mp3,7.75825,3,2,4.755102,5.765601,1.010499
g1966,g1966.mp3,12.617125,6,0,0.0,1.032834,1.032834
g1966,g1966.mp3,12.617125,6,1,3.466213,3.99483,0.528617
g1966,g1966.mp3,12.617125,6,2,4.480658,5.511995,1.031338
g1966,g1966.mp3,12.617125,6,3,5.993311,7.030295,1.036984
g1966,g1966.mp3,12.617125,6,4,8.191633,9.241701,1.050068
g1966,g1966.mp3,12.617125,6,5,9.899388,10.93932,1.039932
g1967,g1967.mp3,8.568125,3,0,0.0,1.083628,1.083628
g1967,g1967.mp3,8.568125,3,1,3.928322,4.456077,0.527755
g1967,g1967.mp3,8.568125,3,2,5.466032,6.512426,1.046395
g1968,g1968.mp3,7.732125,3,0,0.0,1.040839,1.040839
g1968,g1968.mp3,7.732125,3,1,3.649728,4.172948,0.52322
g1968,g1968.mp3,7.732125,3,2,4.918073,5.94585,1.027778
g1969,g1969.mp3,7.888875,3,0,0.0,1.046916,1.046916
g1969,g1969.mp3,7.888875,3,1,3.671723,4.189841,0.518118
g1969,g1969.mp3,7.888875,3,2,5.002766,6.04424,1.041474
g1970,g1970.mp3,13.1395,6,0,0.0,1.051043,1.051043
g1970,g1970.mp3,13.1395,6,1,3.331315,3.862063,0.530748
g1970,g1970.mp3,13.1395,6,2,4.671655,5.707211,1.035556
g1970,g1970.mp3,13.1395,6,3,6.510317,7.570454,1.060136
g1970,g1970.mp3,13.1395,6,4,8.94263,9.958481,1.01585
g1970,g1970.mp3,13.1395,6,5,10.497234,11.544014,1.04678
g1971,g1971.mp3,7.915,3,0,0.0,1.049909,1.049909
g1971,g1971.mp3,7.915,3,1,3.629637,4.164263,0.534626
g1971,g1971.mp3,7.915,3,2,5.004059,6.019932,1.015873
g1972,g1972.mp3,8.515875,3,0,0.0,1.049819,1.049819
g1972,g1972.mp3,8.515875,3,1,3.690748,4.225669,0.534921
g1972,g1972.mp3,8.515875,3,2,5.330136,6.378707,1.048571
g1973,g1973.mp3,8.6465,3,0,0.0,1.05322,1.05322
g1973,g1973.mp3,8.6465,3,1,3.921111,4.443265,0.522154
g1973,g1973.mp3,8.6465,3,2,5.492812,6.513673,1.020862
g1974,g1974.mp3,8.0195,3,0,0.0,1.053855,1.053855
g1974,g1974.mp3,8.0195,3,1,3.768889,4.289592,0.520703
g1974,g1974.mp3,8.0195,3,2,5.103855,6.127188,1.023333
g1975,g1975.mp3,8.411375,3,0,0.0,1.055374,1.055374
g1975,g1975.mp3,8.411375,3,1,3.783923,4.299864,0.515941
g1975,g1975.mp3,8.411375,3,2,5.352404,6.362812,1.010408
g1976,g1976.mp3,8.045625,3,0,0.0,1.071111,1.071111
g1976,g1976.mp3,8.045625,3,1,3.804444,4.348254,0.54381
g1976,g1976.mp3,8.045625,3,2,5.170159,6.207075,1.036916
g1978,g1978.mp3,8.150125,3,0,0.0,1.042154,1.042154
g1978,g1978.mp3,8.150125,3,1,3.677234,4.230476,0.553243
g1978,g1978.mp3,8.150125,3,2,5.171451,6.197347,1.025896
g1979,g1979.mp3,8.777125,3,0,0.0,1.053515,1.053515
g1979,g1979.mp3,8.777125,3,1,3.958844,4.468526,0.509683
g1979,g1979.mp3,8.777125,3,2,5.570408,6.595737,1.025329
g1980,g1980.mp3,7.5755,3,0,0.0,1.0522,1.0522
g1980,g1980.mp3,7.5755,3,1,3.192857,3.715805,0.522948
g1980,g1980.mp3,7.5755,3,2,4.609206,5.635578,1.026372
g1981,g1981.mp3,7.86275,3,0,0.0,1.028413,1.028413
g1981,g1981.mp3,7.86275,3,1,3.518526,4.037075,0.518549
g1981,g1981.mp3,7.86275,3,2,4.923628,5.9439,1.020272
g1982,g1982.mp3,8.07175,3,0,0.0,1.052381,1.052381
g1982,g1982.mp3,8.07175,3,1,3.637732,4.138776,0.501043
g1982,g1982.mp3,8.07175,3,2,5.080045,6.110408,1.030363
g1983,g1983.mp3,8.097875,3,0,0.0,1.058073,1.058073
g1983,g1983.mp3,8.097875,3,1,3.735215,4.270794,0.535578
g1983,g1983.mp3,8.097875,3,2,5.174082,6.202562,1.028481
g1984,g1984.mp3,7.8105,3,0,0.0,1.061542,1.061542
g1984,g1984.mp3,7.8105,3,1,3.742177,4.257052,0.514875
g1984,g1984.mp3,7.8105,3,2,5.029388,6.030476,1.001088
g1985,g1985.mp3,8.124,3,0,0.0,1.046236,1.046236
g1985,g1985.mp3,8.124,3,1,3.731519,4.233333,0.501814
g1985,g1985.mp3,8.124,3,2,5.141814,6.175669,1.033855
g1986,g1986.mp3,7.836625,3,0,0.0,1.044422,1.044422
g1986,g1986.mp3,7.836625,3,1,3.6778,4.184331,0.506531
g1986,g1986.mp3,7.836625,3,2,4.952358,5.985692,1.033333
g1987,g1987.mp3,7.941125,3,0,0.0,1.076621,1.076621
g1987,g1987.mp3,7.941125,3,1,3.796054,4.315125,0.51907
g1987,g1987.mp3,7.941125,3,2,5.070454,6.082381,1.011927
g1988,g1988.mp3,8.463625,3,0,0.0,1.025669,1.025669
g1988,g1988.mp3,8.463625,3,1,3.892404,4.398005,0.505601
g1988,g1988.mp3,8.463625,3,2,5.423878,6.44771,1.023832
g1989,g1989.mp3,7.915,3,0,0.0,1.037279,1.037279
g1989,g1989.mp3,7.915,3,1,3.880136,4.406848,0.526712
g1989,g1989.mp3,7.915,3,2,5.113447,6.157347,1.0439
g1990,g1990.mp3,7.732125,4,0,0.0,1.052449,1.052449
g1990,g1990.mp3,7.732125,4,1,2.352336,2.482789,0.130454
g1990,g1990.mp3,7.732125,4,2,3.617415,4.144762,0.527347
g1990,g1990.mp3,7.732125,4,3,4.92966,5.95034,1.02068
g1991,g1991.mp3,8.124,3,0,0.0,1.039546,1.039546
g1991,g1991.mp3,8.124,3,1,3.638776,4.154467,0.515692
g1991,g1991.mp3,8.124,3,2,5.116168,6.123651,1.007483
g1992,g1992.mp3,7.993375,3,0,0.0,1.037982,1.037982
g1992,g1992.mp3,7.993375,3,1,3.807959,4.332562,0.524603
g1992,g1992.mp3,7.993375,3,2,5.123537,6.15254,1.029002
g1993,g1993.mp3,8.333,3,0,0.0,1.05059,1.05059
g1993,g1993.mp3,8.333,3,1,3.893084,4.451927,0.558844
g1993,g1993.mp3,8.333,3,2,5.388163,6.399728,1.011565
g1994,g1994.mp3,7.888875,3,0,0.0,1.042132,1.042132
g1994,g1994.mp3,7.888875,3,1,3.652721,4.153651,0.50093
g1994,g1994.mp3,7.888875,3,2,4.99068,6.030658,1.039977
g1995,g1995.mp3,7.68,3,0,0.0,1.052245,1.052245
g1995,g1995.mp3,7.68,3,1,3.373492,3.88898,0.515488
g1995,g1995.mp3,7.68,3,2,4.749773,5.777687,1.027914
g1996,g1996.mp3,8.254625,3,0,0.0,1.026621,1.026621
g1996,g1996.mp3,8.254625,3,1,3.899433,4.418299,0.518866
g1996,g1996.mp3,8.254625,3,2,5.292177,6.31127,1.019093
g1997,g1997.mp3,8.097875,3,0,0.0,1.055578,1.055578
g1997,g1997.mp3,8.097875,3,1,3.224308,3.786848,0.56254
g1997,g1997.mp3,8.097875,3,2,4.894218,5.941837,1.047619
g1998,g1998.mp3,8.097875,3,0,0.0,1.041224,1.041224
g1998,g1998.mp3,8.097875,3,1,3.431338,3.951156,0.519819
g1998,g1998.mp3,8.097875,3,2,5.014603,6.044898,1.030295
g1999,g1999.mp3,15.020375,6,0,0.0,1.05356,1.05356
g1999,g1999.mp3,15.020375,6,1,3.690703,4.256327,0.565624
g1999,g1999.mp3,15.020375,6,2,5.152925,6.155079,1.002154
g1999,g1999.mp3,15.020375,6,3,7.099161,8.125941,1.02678
g1999,g1999.mp3,15.020375,6,4,9.496349,10.53229,1.035941
g1999,g1999.mp3,15.020375,6,5,11.689025,12.774671,1.085646
g2000,g2000.mp3,7.836625,3,0,0.0,1.034512,1.034512
g2000,g2000.mp3,7.836625,3,1,3.219524,3.737596,0.518073
g2000,g2000.mp3,7.836625,3,2,4.734739,5.742562,1.007823
g2001,g2001.mp3,7.888875,3,0,0.0,1.075941,1.075941
g2001,g2001.mp3,7.888875,3,1,3.711361,4.248299,0.536939
g2001,g2001.mp3,7.888875,3,2,5.046304,6.074649,1.028345
g2002,g2002.mp3,7.86275,3,0,0.0,1.047914,1.047914
g2002,g2002.mp3,7.86275,3,1,3.333379,3.851814,0.518435
g2002,g2002.mp3,7.86275,3,2,4.806689,5.845918,1.039229
g2003,g2003.mp3,7.471,3,0,0.0,1.04551,1.04551
g2003,g2003.mp3,7.471,3,1,3.36678,3.894308,0.527528
g2003,g2003.mp3,7.471,3,2,4.675215,5.702313,1.027098
g2004,g2004.mp3,7.392625,3,0,0.0,1.056825,1.056825
g2004,g2004.mp3,7.392625,3,1,3.33195,3.862472,0.530522
g2004,g2004.mp3,7.392625,3,2,4.588435,5.609388,1.020952
g2005,g2005.mp3,7.601625,3,0,0.0,1.046009,1.046009
g2005,g2005.mp3,7.601625,3,1,3.37381,3.875964,0.502154
g2005,g2005.mp3,7.601625,3,2,4.727075,5.751678,1.024603
g2006,g2006.mp3,8.2285,3,0,0.0,1.055465,1.055465
g2006,g2006.mp3,8.2285,3,1,3.472766,3.991451,0.518685
g2006,g2006.mp3,8.2285,3,2,5.070907,6.129955,1.059048
g2007,g2007.mp3,7.549375,3,0,0.0,1.038299,1.038299
g2007,g2007.mp3,7.549375,3,1,3.247846,3.784308,0.536463
g2007,g2007.mp3,7.549375,3,2,4.592358,5.656961,1.064603
g2008,g2008.mp3,7.549375,3,0,0.0,1.056531,1.056531
g2008,g2008.mp3,7.549375,3,1,3.251383,3.777755,0.526372
g2008,g2008.mp3,7.549375,3,2,4.599025,5.630612,1.031587
g2009,g2009.mp3,7.497125,3,0,0.0,1.051587,1.051587
g2009,g2009.mp3,7.497125,3,1,3.329819,3.866848,0.537029
g2009,g2009.mp3,7.497125,3,2,4.644308,5.680204,1.035896
g2010,g2010.mp3,7.31425,3,0,0.0,1.068254,1.068254
g2010,g2010.mp3,7.31425,3,1,3.217438,3.73771,0.520272
g2010,g2010.mp3,7.31425,3,2,4.442472,5.5,1.057528
g2011,g2011.mp3,7.86275,3,0,0.0,1.05907,1.05907
g2011,g2011.mp3,7.86275,3,1,3.597166,4.149048,0.551882
g2011,g2011.mp3,7.86275,3,2,4.959206,5.98195,1.022744
g2012,g2012.mp3,7.8105,3,0,0.0,1.040612,1.040612
g2012,g2012.mp3,7.8105,3,1,3.25263,3.794807,0.542177
g2012,g2012.mp3,7.8105,3,2,4.753968,5.787959,1.033991
g2013,g2013.mp3,8.333,3,0,0.0,1.037823,1.037823
g2013,g2013.mp3,8.333,3,1,3.447528,3.971859,0.524331
g2013,g2013.mp3,8.333,3,2,5.133424,6.148209,1.014785
g2014,g2014.mp3,7.75825,3,0,0.0,1.044785,1.044785
g2014,g2014.mp3,7.75825,3,1,3.571315,4.121769,0.550454
g2014,g2014.mp3,7.75825,3,2,4.889637,5.92381,1.034172
g2015,g2015.mp3,7.706,3,0,0.0,1.060317,1.060317
g2015,g2015.mp3,7.706,3,1,3.43839,3.963605,0.525215
g2015,g2015.mp3,7.706,3,2,4.813605,5.848141,1.034535
g2016,g2016.mp3,7.784375,3,0,0.0,1.035873,1.035873
g2016,g2016.mp3,7.784375,3,1,3.333061,3.858594,0.525533
g2016,g2016.mp3,7.784375,3,2,4.755079,5.804966,1.049887
g2017,g2017.mp3,7.888875,3,0,0.0,1.038458,1.038458
g2017,g2017.mp3,7.888875,3,1,3.46907,4.046735,0.577664
g2017,g2017.mp3,7.888875,3,2,4.94093,5.990159,1.049229
g2018,g2018.mp3,7.471,3,0,0.0,1.053288,1.053288
g2018,g2018.mp3,7.471,3,1,3.359773,3.929138,0.569365
g2018,g2018.mp3,7.471,3,2,4.645805,5.667551,1.021746
g2019,g2019.mp3,7.86275,3,0,0.0,1.061338,1.061338
g2019,g2019.mp3,7.86275,3,1,3.480862,4.013968,0.533107
g2019,g2019.mp3,7.86275,3,2,4.908866,5.945011,1.036145
g2020,g2020.mp3,7.340375,3,0,0.0,1.053401,1.053401
g2020,g2020.mp3,7.340375,3,1,3.108141,3.629342,0.521202
g2020,g2020.mp3,7.340375,3,2,4.425442,5.473719,1.048277
g2021,g2021.mp3,8.2285,3,0,0.0,1.061066,1.061066
g2021,g2021.mp3,8.2285,3,1,3.587846,4.114308,0.526463
g2021,g2021.mp3,8.2285,3,2,5.125692,6.160454,1.034762
g2022,g2022.mp3,7.41875,3,0,0.0,1.037506,1.037506
g2022,g2022.mp3,7.41875,3,1,3.252608,3.782472,0.529864
g2022,g2022.mp3,7.41875,3,2,4.523288,5.547392,1.024104
g2023,g2023.mp3,8.542,3,0,0.0,1.063197,1.063197
g2023,g2023.mp3,8.542,3,1,3.522834,4.09229,0.569456
g2023,g2023.mp3,8.542,3,2,5.212177,6.354172,1.141995
g2024,g2024.mp3,8.463625,3,0,0.0,1.054694,1.054694
g2024,g2024.mp3,8.463625,3,1,3.677143,4.186757,0.509615
g2024,g2024.mp3,8.463625,3,2,5.318957,6.34839,1.029433
g2025,g2025.mp3,7.653875,3,0,0.0,1.050952,1.050952
g2025,g2025.mp3,7.653875,3,1,3.460113,3.990998,0.530884
g2025,g2025.mp3,7.653875,3,2,4.769206,5.806848,1.037642
g2026,g2026.mp3,8.150125,3,0,0.0,1.041406,1.041406
g2026,g2026.mp3,8.150125,3,1,3.509615,4.040816,0.531202
g2026,g2026.mp3,8.150125,3,2,5.103447,6.128458,1.025011
g2027,g2027.mp3,13.688125,6,0,0.0,1.070612,1.070612
g2027,g2027.mp3,13.688125,6,1,3.671859,4.259184,0.587324
g2027,g2027.mp3,13.688125,6,2,4.938254,6.006893,1.068639
g2027,g2027.mp3,13.688125,6,3,6.716893,7.770045,1.053152
g2027,g2027.mp3,13.688125,6,4,9.099524,10.166145,1.066621
g2027,g2027.mp3,13.688125,6,5,10.847868,11.908095,1.060227
g2028,g2028.mp3,8.150125,3,0,0.0,1.060272,1.060272
g2028,g2028.mp3,8.150125,3,1,3.608186,4.174376,0.56619
g2028,g2028.mp3,8.150125,3,2,5.117256,6.148798,1.031542
g2029,g2029.mp3,7.601625,3,0,0.0,1.082494,1.082494
g2029,g2029.mp3,7.601625,3,1,3.519365,4.042517,0.523152
g2029,g2029.mp3,7.601625,3,2,4.784354,5.81619,1.031837
g2030,g2030.mp3,7.497125,3,0,0.0,1.049161,1.049161
g2030,g2030.mp3,7.497125,3,1,3.229637,3.760771,0.531134
g2030,g2030.mp3,7.497125,3,2,4.60678,5.654059,1.047279
g2031,g2031.mp3,7.340375,3,0,0.0,1.042562,1.042562
g2031,g2031.mp3,7.340375,3,1,3.47229,3.992268,0.519977
g2031,g2031.mp3,7.340375,3,2,4.607324,5.675896,1.068571
g2032,g2032.mp3,8.463625,3,0,0.0,1.038186,1.038186
g2032,g2032.mp3,8.463625,3,1,3.577732,4.159456,0.581723
g2032,g2032.mp3,8.463625,3,2,5.23746,6.275941,1.038481
g2033,g2033.mp3,7.1575,3,0,0.0,1.064694,1.064694
g2033,g2033.mp3,7.1575,3,1,3.471837,3.99619,0.524354
g2033,g2033.mp3,7.1575,3,2,4.538707,5.561156,1.022449
g2034,g2034.mp3,7.601625,3,0,0.0,1.033401,1.033401
g2034,g2034.mp3,7.601625,3,1,3.352404,3.847528,0.495125
g2034,g2034.mp3,7.601625,3,2,4.681973,5.710998,1.029025
g2035,g2035.mp3,9.0905,3,0,0.0,1.088866,1.088866
g2035,g2035.mp3,9.0905,3,1,3.728027,4.337324,0.609297
g2035,g2035.mp3,9.0905,3,2,5.715488,6.752154,1.036667
g2036,g2036.mp3,7.20975,3,0,0.0,1.039388,1.039388
g2036,g2036.mp3,7.20975,3,1,3.626961,4.13932,0.512358
g2036,g2036.mp3,7.20975,3,2,4.613129,5.66356,1.050431
g2037,g2037.mp3,7.653875,3,0,0.0,1.062653,1.062653
g2037,g2037.mp3,7.653875,3,1,3.433628,3.984331,0.550703
g2037,g2037.mp3,7.653875,3,2,4.780068,5.814104,1.034036
g2038,g2038.mp3,7.75825,3,0,0.0,1.062177,1.062177
g2038,g2038.mp3,7.75825,3,1,3.354626,3.89356,0.538934
g2038,g2038.mp3,7.75825,3,2,4.756485,5.807551,1.051066
g2039,g2039.mp3,7.784375,3,0,0.0,1.062676,1.062676
g2039,g2039.mp3,7.784375,3,1,3.495782,4.046281,0.550499
g2039,g2039.mp3,7.784375,3,2,4.837279,5.894308,1.057029
g2040,g2040.mp3,7.549375,3,0,0.0,1.052358,1.052358
g2040,g2040.mp3,7.549375,3,1,3.143605,3.672358,0.528753
g2040,g2040.mp3,7.549375,3,2,4.525669,5.568322,1.042653
g2041,g2041.mp3,6.922375,3,0,0.0,1.061519,1.061519
g2041,g2041.mp3,6.922375,3,1,3.347052,3.888118,0.541066
g2041,g2041.mp3,6.922375,3,2,4.370272,5.397642,1.02737
g2042,g2042.mp3,7.8105,3,0,0.0,1.066213,1.066213
g2042,g2042.mp3,7.8105,3,1,3.446803,4.034739,0.587937
g2042,g2042.mp3,7.8105,3,2,4.874626,5.916848,1.042222
g2043,g2043.mp3,7.62775,3,0,0.0,1.082517,1.082517
g2043,g2043.mp3,7.62775,3,1,3.686281,4.290839,0.604558
g2043,g2043.mp3,7.62775,3,2,4.875714,5.932132,1.056417
g2044,g2044.mp3,8.0195,3,0,0.0,1.084717,1.084717
g2044,g2044.mp3,8.0195,3,1,3.879161,4.400476,0.521315
g2044,g2044.mp3,8.0195,3,2,5.182857,6.233696,1.050839
g2045,g2045.mp3,17.24075,6,0,0.0,1.091429,1.091429
g2045,g2045.mp3,17.24075,6,1,3.918141,4.993311,1.07517
g2045,g2045.mp3,17.24075,6,2,5.862698,6.938163,1.075465
g2045,g2045.mp3,17.24075,6,3,7.901701,8.971542,1.069841
g2045,g2045.mp3,17.24075,6,4,11.962358,13.033764,1.071406
g2045,g2045.mp3,17.24075,6,5,14.076916,15.121519,1.044603
g2046,g2046.mp3,8.2605,4,0,0.0,1.095057,1.095057
g2046,g2046.mp3,8.2605,4,1,2.475283,3.044943,0.56966
g2046,g2046.mp3,8.2605,4,2,4.421859,5.541905,1.120045
g2046,g2046.mp3,8.2605,4,3,6.169705,7.284172,1.114467
g2047,g2047.mp3,8.0195,3,0,0.0,1.060113,1.060113
g2047,g2047.mp3,8.0195,3,1,3.899206,4.441837,0.54263
g2047,g2047.mp3,8.0195,3,2,5.18322,6.219116,1.035896
g2048,g2048.mp3,7.75825,3,0,0.0,1.071156,1.071156
g2048,g2048.mp3,7.75825,3,1,3.426508,3.980317,0.55381
g2048,g2048.mp3,7.75825,3,2,4.812517,5.85746,1.044943
g2049,g2049.mp3,7.62775,3,0,0.0,1.05678,1.05678
g2049,g2049.mp3,7.62775,3,1,3.371474,3.963855,0.592381
g2049,g2049.mp3,7.62775,3,2,4.715079,5.759388,1.044308
g2050,g2050.mp3,7.836625,3,0,0.0,1.046213,1.046213
g2050,g2050.mp3,7.836625,3,1,3.24102,3.798458,0.557438
g2050,g2050.mp3,7.836625,3,2,4.757302,5.804717,1.047415
g2051,g2051.mp3,7.471,3,0,0.0,1.026054,1.026054
g2051,g2051.mp3,7.471,3,1,3.512472,4.021497,0.509025
g2051,g2051.mp3,7.471,3,2,4.691519,5.714014,1.022494
g2052,g2052.mp3,7.732125,3,0,0.0,1.045646,1.045646
g2052,g2052.mp3,7.732125,3,1,3.531451,4.050499,0.519048
g2052,g2052.mp3,7.732125,3,2,4.799161,5.842902,1.043741
g2053,g2053.mp3,7.262,3,0,0.0,1.050431,1.050431
g2053,g2053.mp3,7.262,3,1,3.57746,4.09644,0.51898
g2053,g2053.mp3,7.262,3,2,4.61381,5.65966,1.04585
g2054,g2054.mp3,7.41875,3,0,0.0,1.059615,1.059615
g2054,g2054.mp3,7.41875,3,1,3.5661,4.111088,0.544989
g2054,g2054.mp3,7.41875,3,2,4.755828,5.785102,1.029274
g2055,g2055.mp3,7.784375,3,0,0.0,1.055918,1.055918
g2055,g2055.mp3,7.784375,3,1,3.64059,4.168345,0.527755
g2055,g2055.mp3,7.784375,3,2,4.867075,5.95424,1.087166
g2056,g2056.mp3,13.844875,6,0,0.0,1.118821,1.118821
g2056,g2056.mp3,13.844875,6,1,3.719206,4.284399,0.565193
g2056,g2056.mp3,13.844875,6,2,5.037188,6.074331,1.037143
g2056,g2056.mp3,13.844875,6,3,6.903923,7.989002,1.085079
g2056,g2056.mp3,13.844875,6,4,9.337234,10.377778,1.040544
g2056,g2056.mp3,13.844875,6,5,11.045374,12.126281,1.080907
g2057,g2057.mp3,8.17625,3,0,0.0,1.042744,1.042744
g2057,g2057.mp3,8.17625,3,1,4.049615,4.571655,0.522041
g2057,g2057.mp3,8.17625,3,2,5.322336,6.344331,1.021995
g2060,g2060.mp3,7.471,3,0,0.0,1.047755,1.047755
g2060,g2060.mp3,7.471,3,1,3.415147,3.928934,0.513787
g2060,g2060.mp3,7.471,3,2,4.672744,5.707483,1.034739
g2061,g2061.mp3,8.724875,3,0,0.0,1.048163,1.048163
g2061,g2061.mp3,8.724875,3,1,3.840658,4.361814,0.521156
g2061,g2061.mp3,8.724875,3,2,5.550159,6.560816,1.010658
g2062,g2062.mp3,8.17625,3,0,0.0,1.089683,1.089683
g2062,g2062.mp3,8.17625,3,1,3.877279,4.397732,0.520454
g2062,g2062.mp3,8.17625,3,2,5.27127,6.277551,1.006281
g2063,g2063.mp3,8.672625,3,0,0.0,1.05,1.05
g2063,g2063.mp3,8.672625,3,1,3.864286,4.384807,0.520522
g2063,g2063.mp3,8.672625,3,2,5.472744,6.505079,1.032336
g2064,g2064.mp3,7.706,3,0,0.0,1.041179,1.041179
g2064,g2064.mp3,7.706,3,1,3.717029,4.242948,0.525918
g2064,g2064.mp3,7.706,3,2,4.883288,5.938073,1.054785
g2065,g2065.mp3,8.045625,3,0,0.0,1.056463,1.056463
g2065,g2065.mp3,8.045625,3,1,3.895329,4.44517,0.549841
g2065,g2065.mp3,8.045625,3,2,5.203084,6.248912,1.045828
g2066,g2066.mp3,14.4195,6,0,0.0,1.05932,1.05932
g2066,g2066.mp3,14.4195,6,1,4.025556,4.587098,0.561542
g2066,g2066.mp3,14.4195,6,2,5.363039,6.439955,1.076916
g2066,g2066.mp3,14.4195,6,3,7.292585,8.133469,0.840884
g2066,g2066.mp3,14.4195,6,4,9.802721,10.874671,1.07195
g2066,g2066.mp3,14.4195,6,5,11.609546,12.659206,1.04966
g2067,g2067.mp3,8.202375,4,0,0.0,1.064966,1.064966
g2067,g2067.mp3,8.202375,4,1,2.169751,2.31712,0.14737
g2067,g2067.mp3,8.202375,4,2,3.936984,4.449388,0.512404
g2067,g2067.mp3,8.202375,4,3,5.317868,6.366599,1.04873
g2068,g2068.mp3,7.471,3,0,0.0,1.048503,1.048503
g2068,g2068.mp3,7.471,3,1,3.589297,4.104376,0.515079
g2068,g2068.mp3,7.471,3,2,4.7578,5.782608,1.024807
g2069,g2069.mp3,13.871,6,0,0.0,1.05839,1.05839
g2069,g2069.mp3,13.871,6,1,3.923401,4.495329,0.571927
g2069,g2069.mp3,13.871,6,2,5.125964,6.192449,1.066485
g2069,g2069.mp3,13.871,6,3,6.843243,7.906304,1.063061
g2069,g2069.mp3,13.871,6,4,9.085215,10.13966,1.054444
g2069,g2069.mp3,13.871,6,5,10.906848,11.990136,1.083288
g2070,g2070.mp3,13.583625,6,0,0.0,1.087596,1.087596
g2070,g2070.mp3,13.583625,6,1,3.626508,4.163719,0.537211
g2070,g2070.mp3,13.583625,6,2,4.907528,6.00805,1.100522
g2070,g2070.mp3,13.583625,6,3,6.789365,7.844512,1.055147
g2070,g2070.mp3,13.583625,6,4,9.26068,10.323107,1.062426
g2070,g2070.mp3,13.583625,6,5,10.895941,11.954195,1.058254
g2071,g2071.mp3,13.60975,6,0,0.0,1.074172,1.074172
g2071,g2071.mp3,13.60975,6,1,3.909433,4.447642,0.538209
g2071,g2071.mp3,13.60975,6,2,5.09034,6.172993,1.082653
g2071,g2071.mp3,13.60975,6,3,6.848934,7.927891,1.078957
g2071,g2071.mp3,13.60975,6,4,9.156395,10.249002,1.092608
g2071,g2071.mp3,13.60975,6,5,10.807574,11.92127,1.113696
g2072,g2072.mp3,7.915,3,0,0.0,1.037823,1.037823
g2072,g2072.mp3,7.915,3,1,3.924376,4.434422,0.510045
g2072,g2072.mp3,7.915,3,2,5.184263,6.21941,1.035147
g2074,g2074.mp3,15.882375,6,0,0.0,1.030726,1.030726
g2074,g2074.mp3,15.882375,6,1,3.664785,4.2739,0.609116
g2074,g2074.mp3,15.882375,6,2,5.201701,6.233243,1.031542
g2074,g2074.mp3,15.882375,6,3,7.230658,8.325147,1.09449
g2074,g2074.mp3,15.882375,6,4,10.620385,11.66576,1.045374
g2074,g2074.mp3,15.882375,6,5,12.786757,13.851247,1.06449
g2075,g2075.mp3,12.721625,6,0,0.0,1.052925,1.052925
g2075,g2075.mp3,12.721625,6,1,3.83678,4.375601,0.538821
g2075,g2075.mp3,12.721625,6,2,4.922676,5.957392,1.034717
g2075,g2075.mp3,12.721625,6,3,6.527687,7.555147,1.02746
g2075,g2075.mp3,12.721625,6,4,8.529683,9.559184,1.029501
g2075,g2075.mp3,12.721625,6,5,10.081927,11.128231,1.046304
g2076,g2076.mp3,12.669375,6,0,0.0,1.063832,1.063832
g2076,g2076.mp3,12.669375,6,1,3.630023,4.169297,0.539274
g2076,g2076.mp3,12.669375,6,2,4.751429,5.806916,1.055488
g2076,g2076.mp3,12.669375,6,3,6.368662,7.395669,1.027007
g2076,g2076.mp3,12.669375,6,4,8.412063,9.430726,1.018662
g2076,g2076.mp3,12.669375,6,5,9.987732,11.038141,1.050408
g2077,g2077.mp3,12.408125,6,0,0.0,1.059977,1.059977
g2077,g2077.mp3,12.408125,6,1,3.703107,4.244989,0.541882
g2077,g2077.mp3,12.408125,6,2,4.679229,5.72415,1.044921
g2077,g2077.mp3,12.408125,6,3,6.171701,7.215828,1.044127
g2077,g2077.mp3,12.408125,6,4,8.252971,9.290454,1.037483
g2077,g2077.mp3,12.408125,6,5,9.817574,10.839116,1.021542
g2078,g2078.mp3,8.097875,3,0,0.0,1.050068,1.050068
g2078,g2078.mp3,8.097875,3,1,3.516689,4.05288,0.53619
g2078,g2078.mp3,8.097875,3,2,5.03712,6.088821,1.051701
g2079,g2079.mp3,8.07175,3,0,0.0,1.03542,1.03542
g2079,g2079.mp3,8.07175,3,1,3.659002,4.183764,0.524762
g2079,g2079.mp3,8.07175,3,2,5.10576,6.152018,1.046259
g2080,g2080.mp3,6.713375,3,0,0.0,1.048912,1.048912
g2080,g2080.mp3,6.713375,3,1,3.193061,3.7322,0.539138
g2080,g2080.mp3,6.713375,3,2,4.161519,5.191655,1.030136
g2081,g2081.mp3,7.20975,3,0,0.0,1.054308,1.054308
g2081,g2081.mp3,7.20975,3,1,3.52585,4.034853,0.509002
g2081,g2081.mp3,7.20975,3,2,4.570295,5.6122,1.041905
g2082,g2082.mp3,8.333,3,0,0.0,1.089025,1.089025
g2082,g2082.mp3,8.333,3,1,3.737052,4.3078,0.570748
g2082,g2082.mp3,8.333,3,2,5.297256,6.347029,1.049773
g2083,g2083.mp3,8.124,4,0,0.0,1.043424,1.043424
g2083,g2083.mp3,8.124,4,1,2.105782,2.225964,0.120181
g2083,g2083.mp3,8.124,4,2,3.834263,4.356939,0.522676
g2083,g2083.mp3,8.124,4,3,5.195329,6.237687,1.042358
g2084,g2084.mp3,8.777125,3,0,0.0,1.088005,1.088005
g2084,g2084.mp3,8.777125,3,1,3.641383,4.154989,0.513605
g2084,g2084.mp3,8.777125,3,2,5.385374,6.409206,1.023832
g2086,g2086.mp3,8.48975,3,0,0.0,1.079229,1.079229
g2086,g2086.mp3,8.48975,3,1,3.671814,4.20161,0.529796
g2086,g2086.mp3,8.48975,3,2,5.295057,6.318549,1.023492
g2087,g2087.mp3,7.549375,3,0,0.0,1.056304,1.056304
g2087,g2087.mp3,7.549375,3,1,3.515193,4.03805,0.522857
g2087,g2087.mp3,7.549375,3,2,4.728776,5.758231,1.029456
g2088,g2088.mp3,7.784375,3,0,0.0,1.060385,1.060385
g2088,g2088.mp3,7.784375,3,1,3.562449,4.095057,0.532608
g2088,g2088.mp3,7.784375,3,2,4.898526,5.919977,1.021451
g2089,g2089.mp3,6.974625,3,0,0.0,1.043379,1.043379
g2089,g2089.mp3,6.974625,3,1,3.591746,4.073039,0.481293
g2089,g2089.mp3,6.974625,3,2,4.501497,5.542313,1.040816
g2090,g2090.mp3,7.68,3,0,0.0,1.049887,1.049887
g2090,g2090.mp3,7.68,3,1,3.241769,3.773923,0.532154
g2090,g2090.mp3,7.68,3,2,4.69966,5.737302,1.037642
g2091,g2091.mp3,8.045625,3,0,0.0,1.036644,1.036644
g2091,g2091.mp3,8.045625,3,1,3.537483,4.093628,0.556145
g2091,g2091.mp3,8.045625,3,2,5.021066,6.046621,1.025556
g2092,g2092.mp3,7.706,3,0,0.0,1.055964,1.055964
g2092,g2092.mp3,7.706,3,1,3.57771,4.090748,0.513039
g2092,g2092.mp3,7.706,3,2,4.854195,5.874082,1.019887
g2093,g2093.mp3,8.0195,3,0,0.0,1.04229,1.04229
g2093,g2093.mp3,8.0195,3,1,3.60093,4.11356,0.51263
g2093,g2093.mp3,8.0195,3,2,5.022925,6.069637,1.046712
g2094,g2094.mp3,7.3665,3,0,0.0,1.046644,1.046644
g2094,g2094.mp3,7.3665,3,1,3.492041,4.009206,0.517166
g2094,g2094.mp3,7.3665,3,2,4.638481,5.67966,1.041179
g2095,g2095.mp3,7.183625,3,0,0.0,1.074694,1.074694
g2095,g2095.mp3,7.183625,3,1,3.796372,4.332041,0.535669
g2095,g2095.mp3,7.183625,3,2,4.700975,5.742902,1.041927
g2096,g2096.mp3,7.444875,3,0,0.0,1.066984,1.066984
g2096,g2096.mp3,7.444875,3,1,3.855873,4.383311,0.527438
g2096,g2096.mp3,7.444875,3,2,4.882857,5.899546,1.016689
g2097,g2097.mp3,8.568125,3,0,0.0,1.027234,1.027234
g2097,g2097.mp3,8.568125,3,1,3.8878,4.404603,0.516803
g2097,g2097.mp3,8.568125,3,2,5.39907,6.420204,1.021134
g2098,g2098.mp3,7.732125,3,0,0.0,1.062993,1.062993
g2098,g2098.mp3,7.732125,3,1,3.259796,3.784218,0.524422
g2098,g2098.mp3,7.732125,3,2,4.69678,5.735941,1.039161
g2099,g2099.mp3,8.69875,3,0,0.0,1.071723,1.071723
g2099,g2099.mp3,8.69875,3,1,3.700635,4.216259,0.515624
g2099,g2099.mp3,8.69875,3,2,5.396984,6.44907,1.052086
g2100,g2100.mp3,7.444875,3,0,0.0,1.043764,1.043764
g2100,g2100.mp3,7.444875,3,1,3.00195,3.554558,0.552608
g2100,g2100.mp3,7.444875,3,2,4.44966,5.4822,1.03254
g2101,g2101.mp3,8.045625,3,0,0.0,1.05542,1.05542
g2101,g2101.mp3,8.045625,3,1,3.333084,3.838005,0.504921
g2101,g2101.mp3,8.045625,3,2,4.889116,5.913855,1.024739
g2102,g2102.mp3,7.8105,3,0,0.0,1.066077,1.066077
g2102,g2102.mp3,7.8105,3,1,3.246372,3.771769,0.525397
g2102,g2102.mp3,7.8105,3,2,4.75229,5.778367,1.026077
g2104,g2104.mp3,7.706,3,0,0.0,1.057596,1.057596
g2104,g2104.mp3,7.706,3,1,3.37941,3.907528,0.528118
g2104,g2104.mp3,7.706,3,2,4.809456,5.850136,1.04068
g2105,g2105.mp3,7.183625,3,0,0.0,1.03712,1.03712
g2105,g2105.mp3,7.183625,3,1,3.31034,3.837052,0.526712
g2105,g2105.mp3,7.183625,3,2,4.457483,5.519637,1.062154
g2106,g2106.mp3,7.497125,3,0,0.0,1.026122,1.026122
g2106,g2106.mp3,7.497125,3,1,3.296236,3.829297,0.533061
g2106,g2106.mp3,7.497125,3,2,4.600227,5.649705,1.049478
g2107,g2107.mp3,7.471,3,0,0.0,1.046168,1.046168
g2107,g2107.mp3,7.471,3,1,3.225646,3.759841,0.534195
g2107,g2107.mp3,7.471,3,2,4.547732,5.56746,1.019728
g2108,g2108.mp3,7.75825,3,0,0.0,1.054422,1.054422
g2108,g2108.mp3,7.75825,3,1,3.085646,3.608571,0.522925
g2108,g2108.mp3,7.75825,3,2,4.63932,5.671927,1.032608
g2109,g2109.mp3,7.8105,3,0,0.0,1.048481,1.048481
g2109,g2109.mp3,7.8105,3,1,3.239388,3.752608,0.51322
g2109,g2109.mp3,7.8105,3,2,4.782789,5.814195,1.031406
g2110,g2110.mp3,8.124,3,0,0.0,1.033673,1.033673
g2110,g2110.mp3,8.124,3,1,3.274354,3.808163,0.53381
g2110,g2110.mp3,8.124,3,2,4.925918,5.994853,1.068934
g2111,g2111.mp3,7.262,3,0,0.0,1.043288,1.043288
g2111,g2111.mp3,7.262,3,1,2.892721,3.404921,0.5122
g2111,g2111.mp3,7.262,3,2,4.28576,5.305964,1.020204
g2112,g2112.mp3,14.942,6,0,0.0,1.086871,1.086871
g2112,g2112.mp3,14.942,6,1,3.093039,3.63263,0.539592
g2112,g2112.mp3,14.942,6,2,4.585079,5.640408,1.055329
g2112,g2112.mp3,14.942,6,3,6.53424,7.511633,0.977392
g2112,g2112.mp3,14.942,6,4,10.017664,11.047415,1.029751
g2112,g2112.mp3,14.942,6,5,11.973061,13.000907,1.027846
g2113,g2113.mp3,8.515875,3,0,0.0,1.039274,1.039274
g2113,g2113.mp3,8.515875,3,1,3.609705,4.141769,0.532063
g2113,g2113.mp3,8.515875,3,2,5.294218,6.316349,1.022132
g2114,g2114.mp3,7.784375,3,0,0.0,1.04229,1.04229
g2114,g2114.mp3,7.784375,3,1,3.56254,4.093152,0.530612
g2114,g2114.mp3,7.784375,3,2,4.924127,5.936848,1.012721
g2116,g2116.mp3,7.497125,3,0,0.0,1.033605,1.033605
g2116,g2116.mp3,7.497125,3,1,3.47322,3.988889,0.515669
g2116,g2116.mp3,7.497125,3,2,4.679977,5.697619,1.017642
g2117,g2117.mp3,7.732125,3,0,0.0,1.091224,1.091224
g2117,g2117.mp3,7.732125,3,1,3.485896,4.002857,0.516961
g2117,g2117.mp3,7.732125,3,2,4.833379,5.864966,1.031587
g2118,g2118.mp3,7.68,3,0,0.0,1.031746,1.031746
g2118,g2118.mp3,7.68,3,1,3.274853,3.803764,0.528912
g2118,g2118.mp3,7.68,3,2,4.698413,5.732449,1.034036
g2119,g2119.mp3,7.784375,4,0,0.0,1.055918,1.055918
g2119,g2119.mp3,7.784375,4,1,2.223129,2.356304,0.133175
g2119,g2119.mp3,7.784375,4,2,3.550431,4.067755,0.517324
g2119,g2119.mp3,7.784375,4,3,4.885782,5.928254,1.042472
g2120,g2120.mp3,7.3665,3,0,0.0,1.037098,1.037098
g2120,g2120.mp3,7.3665,3,1,3.277415,3.80678,0.529365
g2120,g2120.mp3,7.3665,3,2,4.5478,5.597188,1.049388
g2121,g2121.mp3,7.784375,3,0,0.0,1.076349,1.076349
g2121,g2121.mp3,7.784375,3,1,3.45127,4.09678,0.64551
g2121,g2121.mp3,7.784375,3,2,4.874263,5.907415,1.033152
g2122,g2122.mp3,7.601625,3,0,0.0,1.070567,1.070567
g2122,g2122.mp3,7.601625,3,1,3.418209,3.952404,0.534195
g2122,g2122.mp3,7.601625,3,2,4.856009,5.86,1.003991
g2123,g2123.mp3,7.549375,3,0,0.0,1.038095,1.038095
g2123,g2123.mp3,7.549375,3,1,3.325896,3.847914,0.522018
g2123,g2123.mp3,7.549375,3,2,4.657392,5.672698,1.015306
g2124,g2124.mp3,7.444875,3,0,0.0,1.065079,1.065079
g2124,g2124.mp3,7.444875,3,1,3.3878,3.893583,0.505782
g2124,g2124.mp3,7.444875,3,2,4.621746,5.641542,1.019796
g2125,g2125.mp3,8.2285,3,0,0.0,1.047392,1.047392
g2125,g2125.mp3,8.2285,3,1,3.643447,4.20229,0.558844
g2125,g2125.mp3,8.2285,3,2,5.150227,6.168844,1.018617
g2126,g2126.mp3,7.888875,3,0,0.0,1.03737,1.03737
g2126,g2126.mp3,7.888875,3,1,3.4361,3.993197,0.557098
g2126,g2126.mp3,7.888875,3,2,4.894762,5.950658,1.055896
g2127,g2127.mp3,9.45625,3,0,0.0,1.055193,1.055193
g2127,g2127.mp3,9.45625,3,1,3.479592,4.026531,0.546939
g2127,g2127.mp3,9.45625,3,2,4.831406,6.118866,1.28746
g2128,g2128.mp3,7.706,3,0,0.0,1.045283,1.045283
g2128,g2128.mp3,7.706,3,1,3.124694,3.656599,0.531905
g2128,g2128.mp3,7.706,3,2,4.615488,5.663197,1.04771
g2129,g2129.mp3,7.706,3,0,0.0,1.06263,1.06263
g2129,g2129.mp3,7.706,3,1,3.558118,4.133152,0.575034
g2129,g2129.mp3,7.706,3,2,4.85381,5.906145,1.052336
g2130,g2130.mp3,8.124,3,0,0.0,1.12941,1.12941
g2130,g2130.mp3,8.124,3,1,3.061905,3.593401,0.531497
g2130,g2130.mp3,8.124,3,2,4.829342,5.847914,1.018571
g2131,g2131.mp3,7.392625,3,0,0.0,1.07542,1.07542
g2131,g2131.mp3,7.392625,3,1,3.42068,3.945488,0.524807
g2131,g2131.mp3,7.392625,3,2,4.59737,5.654649,1.057279
g2132,g2132.mp3,7.549375,3,0,0.0,1.055261,1.055261
g2132,g2132.mp3,7.549375,3,1,3.248866,3.795986,0.54712
g2132,g2132.mp3,7.549375,3,2,4.559138,5.590635,1.031497
g2133,g2133.mp3,7.235875,3,0,0.0,1.041202,1.041202
g2133,g2133.mp3,7.235875,3,1,3.29907,3.817347,0.518277
g2133,g2133.mp3,7.235875,3,2,4.471837,5.510771,1.038934
g2134,g2134.mp3,7.941125,3,0,0.0,1.096327,1.096327
g2134,g2134.mp3,7.941125,3,1,3.369569,3.957574,0.588005
g2134,g2134.mp3,7.941125,3,2,4.968095,5.9939,1.025805
g2135,g2135.mp3,7.941125,3,0,0.0,1.076281,1.076281
g2135,g2135.mp3,7.941125,3,1,3.509728,4.044422,0.534694
g2135,g2135.mp3,7.941125,3,2,4.941088,5.966621,1.025533
g2136,g2136.mp3,7.5755,3,0,0.0,1.039887,1.039887
g2136,g2136.mp3,7.5755,3,1,3.462132,4.02839,0.566259
g2136,g2136.mp3,7.5755,3,2,4.723515,5.745442,1.021927
g2137,g2137.mp3,7.392625,3,0,0.0,1.059478,1.059478
g2137,g2137.mp3,7.392625,3,1,3.410839,3.951202,0.540363
g2137,g2137.mp3,7.392625,3,2,4.657302,5.669864,1.012562
g2138,g2138.mp3,7.8105,3,0,0.0,1.055193,1.055193
g2138,g2138.mp3,7.8105,3,1,3.343787,3.844921,0.501134
g2138,g2138.mp3,7.8105,3,2,4.79381,5.838571,1.044762
g2139,g2139.mp3,8.359125,3,0,0.0,1.026803,1.026803
g2139,g2139.mp3,8.359125,3,1,3.302222,3.861769,0.559546
g2139,g2139.mp3,8.359125,3,2,5.062381,6.10805,1.045669
g2140,g2140.mp3,7.183625,3,0,0.0,1.043129,1.043129
g2140,g2140.mp3,7.183625,3,1,3.055193,3.571179,0.515986
g2140,g2140.mp3,7.183625,3,2,4.332109,5.367778,1.035669
g2141,g2141.mp3,7.653875,3,0,0.0,1.062358,1.062358
g2141,g2141.mp3,7.653875,3,1,3.34551,3.882426,0.536916
g2141,g2141.mp3,7.653875,3,2,4.757778,5.8022,1.044422
g2142,g2142.mp3,7.497125,3,0,0.0,1.033946,1.033946
g2142,g2142.mp3,7.497125,3,1,3.28941,3.836599,0.547188
g2142,g2142.mp3,7.497125,3,2,4.605057,5.667166,1.062109
g2143,g2143.mp3,7.3665,3,0,0.0,1.04907,1.04907
g2143,g2143.mp3,7.3665,3,1,3.196032,3.719206,0.523175
g2143,g2143.mp3,7.3665,3,2,4.505805,5.536621,1.030816
g2144,g2144.mp3,8.333,3,0,0.0,1.047188,1.047188
g2144,g2144.mp3,8.333,3,1,3.363401,3.883946,0.520544
g2144,g2144.mp3,8.333,3,2,5.063084,6.089478,1.026395
g2147,g2147.mp3,7.5755,3,0,0.0,1.05322,1.05322
g2147,g2147.mp3,7.5755,3,1,3.332336,3.865533,0.533197
g2147,g2147.mp3,7.5755,3,2,4.635306,5.685102,1.049796
g2148,g2148.mp3,7.836625,3,0,0.0,1.056417,1.056417
g2148,g2148.mp3,7.836625,3,1,3.335147,3.910748,0.575601
g2148,g2148.mp3,7.836625,3,2,4.881179,5.929365,1.048186
g2149,g2149.mp3,8.333,3,0,0.0,1.056871,1.056871
g2149,g2149.mp3,8.333,3,1,3.568798,4.102177,0.533379
g2149,g2149.mp3,8.333,3,2,5.144989,6.196599,1.05161
g2150,g2150.mp3,7.262,3,0,0.0,1.035238,1.035238
g2150,g2150.mp3,7.262,3,1,3.124921,3.640839,0.515918
g2150,g2150.mp3,7.262,3,2,4.440408,5.495215,1.054807
g2151,g2151.mp3,7.62775,3,0,0.0,1.050703,1.050703
g2151,g2151.mp3,7.62775,3,1,3.45585,4.007506,0.551655
g2151,g2151.mp3,7.62775,3,2,4.783741,5.797937,1.014195
g2152,g2152.mp3,7.915,3,0,0.0,1.056576,1.056576
g2152,g2152.mp3,7.915,3,1,3.449524,3.968662,0.519138
g2152,g2152.mp3,7.915,3,2,4.902902,5.939524,1.036621
g2153,g2153.mp3,7.941125,3,0,0.0,1.048617,1.048617
g2153,g2153.mp3,7.941125,3,1,3.470023,4.006372,0.536349
g2153,g2153.mp3,7.941125,3,2,4.943447,5.988639,1.045193
g2154,g2154.mp3,7.653875,3,0,0.0,1.055351,1.055351
g2154,g2154.mp3,7.653875,3,1,3.474059,3.990703,0.516644
g2154,g2154.mp3,7.653875,3,2,4.782744,5.811247,1.028503
g2155,g2155.mp3,8.515875,3,0,0.0,1.057506,1.057506
g2155,g2155.mp3,8.515875,3,1,3.568639,4.19542,0.62678
g2155,g2155.mp3,8.515875,3,2,5.310952,6.359456,1.048503
g2156,g2156.mp3,8.254625,3,0,0.0,1.047732,1.047732
g2156,g2156.mp3,8.254625,3,1,3.415465,3.940612,0.525147
g2156,g2156.mp3,8.254625,3,2,5.066735,6.11771,1.050975
g2157,g2157.mp3,8.80325,3,0,0.0,1.056848,1.056848
g2157,g2157.mp3,8.80325,3,1,3.575601,4.105374,0.529773
g2157,g2157.mp3,8.80325,3,2,5.481224,6.514127,1.032902
g2158,g2158.mp3,7.262,3,0,0.0,1.060272,1.060272
g2158,g2158.mp3,7.262,3,1,3.132925,3.673583,0.540658
g2158,g2158.mp3,7.262,3,2,4.434853,5.452245,1.017392
g2159,g2159.mp3,7.68,3,0,0.0,1.076621,1.076621
g2159,g2159.mp3,7.68,3,1,3.337052,3.872653,0.535601
g2159,g2159.mp3,7.68,3,2,4.765782,5.813492,1.04771
g2160,g2160.mp3,7.8105,3,0,0.0,1.052608,1.052608
g2160,g2160.mp3,7.8105,3,1,3.348503,3.868639,0.520136
g2160,g2160.mp3,7.8105,3,2,4.790952,5.82322,1.032268
g2161,g2161.mp3,7.601625,3,0,0.0,1.06127,1.06127
g2161,g2161.mp3,7.601625,3,1,3.300952,3.811066,0.510113
g2161,g2161.mp3,7.601625,3,2,4.677098,5.696803,1.019705
g2162,g2162.mp3,7.41875,4,0,0.0,1.038299,1.038299
g2162,g2162.mp3,7.41875,4,1,2.0778,2.205646,0.127846
g2162,g2162.mp3,7.41875,4,2,3.275578,3.796463,0.520884
g2162,g2162.mp3,7.41875,4,3,4.538889,5.553946,1.015057
g2163,g2163.mp3,7.471,3,0,0.0,1.035488,1.035488
g2163,g2163.mp3,7.471,3,1,3.186621,3.764014,0.577392
g2163,g2163.mp3,7.471,3,2,4.555646,5.583537,1.027891
g2164,g2164.mp3,7.653875,3,0,0.0,1.044694,1.044694
g2164,g2164.mp3,7.653875,3,1,3.467256,4.009184,0.541927
g2164,g2164.mp3,7.653875,3,2,4.817415,5.849093,1.031678
g2165,g2165.mp3,7.444875,3,0,0.0,1.054399,1.054399
g2165,g2165.mp3,7.444875,3,1,3.278367,3.804263,0.525896
g2165,g2165.mp3,7.444875,3,2,4.558617,5.607279,1.048662
g2166,g2166.mp3,7.836625,3,0,0.0,1.028934,1.028934
g2166,g2166.mp3,7.836625,3,1,3.301814,3.844512,0.542698
g2166,g2166.mp3,7.836625,3,2,4.788413,5.851179,1.062766
g2167,g2167.mp3,7.601625,3,0,0.0,1.044785,1.044785
g2167,g2167.mp3,7.601625,3,1,3.162585,3.679229,0.516644
g2167,g2167.mp3,7.601625,3,2,4.554444,5.580476,1.026032
g2168,g2168.mp3,7.601625,3,0,0.0,1.081451,1.081451
g2168,g2168.mp3,7.601625,3,1,2.998844,3.562336,0.563492
g2168,g2168.mp3,7.601625,3,2,4.539274,5.571247,1.031973
g2169,g2169.mp3,9.018,3,0,0.0,2.059456,2.059456
g2169,g2169.mp3,9.018,3,1,4.379365,5.321814,0.942449
g2169,g2169.mp3,9.018,3,2,6.392426,7.450113,1.057687
g2170,g2170.mp3,7.836625,3,0,0.0,1.065329,1.065329
g2170,g2170.mp3,7.836625,3,1,3.056916,3.584694,0.527778
g2170,g2170.mp3,7.836625,3,2,4.70229,5.734286,1.031995
g2171,g2171.mp3,7.444875,3,0,0.0,1.055442,1.055442
g2171,g2171.mp3,7.444875,3,1,3.471383,4.056531,0.585147
g2171,g2171.mp3,7.444875,3,2,4.689365,5.755306,1.065941
g2172,g2172.mp3,7.497125,3,0,0.0,1.039297,1.039297
g2172,g2172.mp3,7.497125,3,1,3.460385,3.98093,0.520544
g2172,g2172.mp3,7.497125,3,2,4.680431,5.719093,1.038662
g2173,g2173.mp3,7.888875,3,0,0.0,1.057823,1.057823
g2173,g2173.mp3,7.888875,3,1,3.202132,3.750771,0.548639
g2173,g2173.mp3,7.888875,3,2,4.804989,5.83898,1.033991
g2174,g2174.mp3,7.549375,3,0,0.0,1.051587,1.051587
g2174,g2174.mp3,7.549375,3,1,3.22127,3.7578,0.536531
g2174,g2174.mp3,7.549375,3,2,4.62483,5.660272,1.035442
g2175,g2175.mp3,7.41875,3,0,0.0,1.06458,1.06458
g2175,g2175.mp3,7.41875,3,1,3.235624,3.75381,0.518186
g2175,g2175.mp3,7.41875,3,2,4.535057,5.554671,1.019615
g2176,g2176.mp3,7.86275,3,0,0.0,1.046667,1.046667
g2176,g2176.mp3,7.86275,3,1,3.341882,3.879229,0.537347
g2176,g2176.mp3,7.86275,3,2,4.833878,5.883673,1.049796
g2177,g2177.mp3,7.653875,3,0,0.0,1.059161,1.059161
g2177,g2177.mp3,7.653875,3,1,3.44093,4.025215,0.584286
g2177,g2177.mp3,7.653875,3,2,4.741542,5.82932,1.087778
g2178,g2178.mp3,7.706,3,0,0.0,1.053537,1.053537
g2178,g2178.mp3,7.706,3,1,3.305601,3.849592,0.543991
g2178,g2178.mp3,7.706,3,2,4.715669,5.750091,1.034422
g2179,g2179.mp3,7.86275,3,0,0.0,1.030748,1.030748
g2179,g2179.mp3,7.86275,3,1,3.294059,3.852177,0.558118
g2179,g2179.mp3,7.86275,3,2,4.826281,5.851882,1.025601
g2180,g2180.mp3,7.31425,3,0,0.0,1.040091,1.040091
g2180,g2180.mp3,7.31425,3,1,2.893741,3.456621,0.56288
g2180,g2180.mp3,7.31425,3,2,4.304127,5.380499,1.076372
g2181,g2181.mp3,7.41875,3,0,0.0,1.057664,1.057664
g2181,g2181.mp3,7.41875,3,1,3.246281,3.773152,0.526871
g2181,g2181.mp3,7.41875,3,2,4.541315,5.5778,1.036485
g2182,g2182.mp3,8.07175,3,0,0.0,1.063968,1.063968
g2182,g2182.mp3,8.07175,3,1,3.268866,3.866032,0.597166
g2182,g2182.mp3,8.07175,3,2,4.914422,5.967188,1.052766
g2183,g2183.mp3,7.549375,3,0,0.0,1.052404,1.052404
g2183,g2183.mp3,7.549375,3,1,3.209478,3.742245,0.532766
g2183,g2183.mp3,7.549375,3,2,4.621519,5.638594,1.017075
g2184,g2184.mp3,7.732125,3,0,0.0,1.079864,1.079864
g2184,g2184.mp3,7.732125,3,1,3.187098,3.725442,0.538345
g2184,g2184.mp3,7.732125,3,2,4.679161,5.716667,1.037506
g2185,g2185.mp3,7.836625,3,0,0.0,1.042789,1.042789
g2185,g2185.mp3,7.836625,3,1,3.249274,3.768299,0.519025
g2185,g2185.mp3,7.836625,3,2,4.76839,5.821814,1.053424
g2186,g2186.mp3,7.392625,3,0,0.0,1.038209,1.038209
g2186,g2186.mp3,7.392625,3,1,3.306644,3.850385,0.543741
g2186,g2186.mp3,7.392625,3,2,4.56254,5.594966,1.032426
g2187,g2187.mp3,7.497125,3,0,0.0,1.04458,1.04458
g2187,g2187.mp3,7.497125,3,1,3.299252,3.824739,0.525488
g2187,g2187.mp3,7.497125,3,2,4.603628,5.658912,1.055283
g2188,g2188.mp3,7.20975,3,0,0.0,1.079456,1.079456
g2188,g2188.mp3,7.20975,3,1,3.075215,3.660522,0.585306
g2188,g2188.mp3,7.20975,3,2,4.367211,5.410454,1.043243
g2189,g2189.mp3,7.10525,3,0,0.0,1.067279,1.067279
g2189,g2189.mp3,7.10525,3,1,3.27585,3.786803,0.510952
g2189,g2189.mp3,7.10525,3,2,4.381927,5.436122,1.054195
g2190,g2190.mp3,7.31425,3,0,0.0,1.053152,1.053152
g2190,g2190.mp3,7.31425,3,1,2.992018,3.537664,0.545646
g2190,g2190.mp3,7.31425,3,2,4.377347,5.427914,1.050567
g2191,g2191.mp3,7.471,3,0,0.0,1.061474,1.061474
g2191,g2191.mp3,7.471,3,1,3.310612,3.900045,0.589433
g2191,g2191.mp3,7.471,3,2,4.630703,5.678526,1.047823
g2192,g2192.mp3,6.7395,3,0,0.0,1.057052,1.057052
g2192,g2192.mp3,6.7395,3,1,3.268934,3.789138,0.520204
g2192,g2192.mp3,6.7395,3,2,4.246735,5.278095,1.031361
g2193,g2193.mp3,7.340375,3,0,0.0,1.084739,1.084739
g2193,g2193.mp3,7.340375,3,1,3.378866,3.895397,0.516531
g2193,g2193.mp3,7.340375,3,2,4.587324,5.645011,1.057687
g2194,g2194.mp3,7.915,3,0,0.0,1.05712,1.05712
g2194,g2194.mp3,7.915,3,1,3.409864,3.933492,0.523628
g2194,g2194.mp3,7.915,3,2,4.847506,5.884444,1.036939
g2195,g2195.mp3,7.96725,3,0,0.0,1.041565,1.041565
g2195,g2195.mp3,7.96725,3,1,3.160272,3.782766,0.622494
g2195,g2195.mp3,7.96725,3,2,4.830658,5.889388,1.05873
g2196,g2196.mp3,7.079125,3,0,0.0,1.047029,1.047029
g2196,g2196.mp3,7.079125,3,1,3.429116,3.952948,0.523832
g2196,g2196.mp3,7.079125,3,2,4.469773,5.5122,1.042426
g2197,g2197.mp3,7.8105,3,0,0.0,1.091224,1.091224
g2197,g2197.mp3,7.8105,3,1,3.260975,3.785215,0.52424
g2197,g2197.mp3,7.8105,3,2,4.759977,5.796961,1.036984
g2198,g2198.mp3,6.58275,3,0,0.0,1.036735,1.036735
g2198,g2198.mp3,6.58275,3,1,2.911837,3.46746,0.555624
g2198,g2198.mp3,6.58275,3,2,3.940023,4.993492,1.053469
g2199,g2199.mp3,7.86275,3,0,0.0,1.040431,1.040431
g2199,g2199.mp3,7.86275,3,1,3.190023,3.706939,0.516916
g2199,g2199.mp3,7.86275,3,2,4.724399,5.764014,1.039615
g2200,g2200.mp3,7.392625,3,0,0.0,1.052494,1.052494
g2200,g2200.mp3,7.392625,3,1,3.096327,3.618435,0.522109
g2200,g2200.mp3,7.392625,3,2,4.491633,5.529524,1.037891
g2201,g2201.mp3,7.392625,3,0,0.0,1.055011,1.055011
g2201,g2201.mp3,7.392625,3,1,3.170272,3.706667,0.536395
g2201,g2201.mp3,7.392625,3,2,4.476599,5.525533,1.048934
g2202,g2202.mp3,7.5755,3,0,0.0,1.065624,1.065624
g2202,g2202.mp3,7.5755,3,1,3.18551,3.704989,0.519478
g2202,g2202.mp3,7.5755,3,2,4.612109,5.661587,1.049478
g2203,g2203.mp3,6.79175,3,0,0.0,1.044399,1.044399
g2203,g2203.mp3,6.79175,3,1,3.022834,3.530068,0.507234
g2203,g2203.mp3,6.79175,3,2,4.101338,5.124807,1.023469
g2204,g2204.mp3,6.765625,3,0,0.0,1.053583,1.053583
g2204,g2204.mp3,6.765625,3,1,3.096077,3.648934,0.552857
g2204,g2204.mp3,6.765625,3,2,4.166349,5.203288,1.036939
g2205,g2205.mp3,7.497125,3,0,0.0,1.062744,1.062744
g2205,g2205.mp3,7.497125,3,1,3.312834,3.846599,0.533764
g2205,g2205.mp3,7.497125,3,2,4.60263,5.662766,1.060136
g2207,g2207.mp3,7.5755,3,0,0.0,1.054671,1.054671
g2207,g2207.mp3,7.5755,3,1,3.078481,3.5778,0.49932
g2207,g2207.mp3,7.5755,3,2,4.53941,5.578866,1.039456
g2208,g2208.mp3,7.75825,3,0,0.0,1.030884,1.030884
g2208,g2208.mp3,7.75825,3,1,3.119524,3.658821,0.539297
g2208,g2208.mp3,7.75825,3,2,4.647211,5.688866,1.041655
g2209,g2209.mp3,7.079125,3,0,0.0,1.047506,1.047506
g2209,g2209.mp3,7.079125,3,1,3.071746,3.592132,0.520385
g2209,g2209.mp3,7.079125,3,2,4.290499,5.35102,1.060522
g2210,g2210.mp3,7.235875,3,0,0.0,1.048458,1.048458
g2210,g2210.mp3,7.235875,3,1,3.031451,3.542154,0.510703
g2210,g2210.mp3,7.235875,3,2,4.35542,5.364059,1.008639
g2211,g2211.mp3,7.288125,3,0,0.0,1.040023,1.040023
g2211,g2211.mp3,7.288125,3,1,3.06644,3.571406,0.504966
g2211,g2211.mp3,7.288125,3,2,4.374127,5.432517,1.05839
g2212,g2212.mp3,7.235875,3,0,0.0,1.060884,1.060884
g2212,g2212.mp3,7.235875,3,1,3.067664,3.6161,0.548435
g2212,g2212.mp3,7.235875,3,2,4.387937,5.449728,1.061791
g2213,g2213.mp3,7.10525,3,0,0.0,1.050249,1.050249
g2213,g2213.mp3,7.10525,3,1,3.206803,3.716531,0.509728
g2213,g2213.mp3,7.10525,3,2,4.345578,5.381293,1.035714
g2214,g2214.mp3,16.013,7,0,0.0,1.106553,1.106553
g2214,g2214.mp3,16.013,7,1,3.401179,3.927188,0.526009
g2214,g2214.mp3,16.013,7,2,4.82907,5.865329,1.036259
g2214,g2214.mp3,16.013,7,3,6.74576,7.819388,1.073628
g2214,g2214.mp3,16.013,7,4,10.342676,11.447052,1.104376
g2214,g2214.mp3,16.013,7,5,11.652086,11.803311,0.151224
g2214,g2214.mp3,16.013,7,6,12.73619,13.775918,1.039728
g2215,g2215.mp3,7.784375,3,0,0.0,1.04093,1.04093
g2215,g2215.mp3,7.784375,3,1,3.470068,4.003016,0.532948
g2215,g2215.mp3,7.784375,3,2,4.795011,5.8439,1.048889
g2216,g2216.mp3,14.68075,6,0,0.0,1.049592,1.049592
g2216,g2216.mp3,14.68075,6,1,3.398458,3.933265,0.534807
g2216,g2216.mp3,14.68075,6,2,5.074467,6.162222,1.087755
g2216,g2216.mp3,14.68075,6,3,7.191338,8.297483,1.106145
g2216,g2216.mp3,14.68075,6,4,9.485147,10.596916,1.111769
g2216,g2216.mp3,14.68075,6,5,11.518571,12.644127,1.125556
g2217,g2217.mp3,7.86275,3,0,0.0,1.034036,1.034036
g2217,g2217.mp3,7.86275,3,1,3.704558,4.223855,0.519297
g2217,g2217.mp3,7.86275,3,2,4.978889,6.017664,1.038776
g2218,g2218.mp3,7.836625,3,0,0.0,1.032313,1.032313
g2218,g2218.mp3,7.836625,3,1,3.618095,4.138118,0.520023
g2218,g2218.mp3,7.836625,3,2,4.941519,5.999501,1.057982
g2219,g2219.mp3,7.183625,3,0,0.0,1.032744,1.032744
g2219,g2219.mp3,7.183625,3,1,3.528526,4.064422,0.535896
g2219,g2219.mp3,7.183625,3,2,4.578435,5.628481,1.050045
g2220,g2220.mp3,7.079125,3,0,0.0,1.06449,1.06449
g2220,g2220.mp3,7.079125,3,1,3.170884,3.673107,0.502222
g2220,g2220.mp3,7.079125,3,2,4.354535,5.384671,1.030136
g2221,g2221.mp3,7.706,3,0,0.0,1.046508,1.046508
g2221,g2221.mp3,7.706,3,1,3.585578,4.139206,0.553628
g2221,g2221.mp3,7.706,3,2,4.90771,5.941497,1.033787
g2222,g2222.mp3,7.5755,3,0,0.0,1.031723,1.031723
g2222,g2222.mp3,7.5755,3,1,3.79576,4.317347,0.521587
g2222,g2222.mp3,7.5755,3,2,4.912857,5.949705,1.036848
g2223,g2223.mp3,7.053,3,0,0.0,1.030295,1.030295
g2223,g2223.mp3,7.053,3,1,3.52898,4.044603,0.515624
g2223,g2223.mp3,7.053,3,2,4.517982,5.538685,1.020703
g2224,g2224.mp3,7.262,3,0,0.0,1.045918,1.045918
g2224,g2224.mp3,7.262,3,1,3.518844,4.021088,0.502245
g2224,g2224.mp3,7.262,3,2,4.599365,5.639048,1.039683
g2225,g2225.mp3,7.993375,3,0,0.0,1.035238,1.035238
g2225,g2225.mp3,7.993375,3,1,3.488073,4.013333,0.525261
g2225,g2225.mp3,7.993375,3,2,4.989093,6.023787,1.034694
g2226,g2226.mp3,7.235875,3,0,0.0,1.038163,1.038163
g2226,g2226.mp3,7.235875,3,1,3.508027,4.044059,0.536032
g2226,g2226.mp3,7.235875,3,2,4.577347,5.634127,1.05678
g2227,g2227.mp3,8.568125,3,0,0.0,1.073583,1.073583
g2227,g2227.mp3,8.568125,3,1,3.503991,4.112018,0.608027
g2227,g2227.mp3,8.568125,3,2,5.282109,6.329433,1.047324
g2228,g2228.mp3,6.635,3,0,0.0,1.045442,1.045442
g2228,g2228.mp3,6.635,3,1,3.406621,3.925442,0.518821
g2228,g2228.mp3,6.635,3,2,4.215669,5.260862,1.045193
g2229,g2229.mp3,7.079125,3,0,0.0,1.080249,1.080249
g2229,g2229.mp3,7.079125,3,1,3.599252,4.181859,0.582608
g2229,g2229.mp3,7.079125,3,2,4.497619,5.637732,1.140113
g2230,g2230.mp3,7.5755,3,0,0.0,1.031678,1.031678
g2230,g2230.mp3,7.5755,3,1,3.208912,3.737052,0.528141
g2230,g2230.mp3,7.5755,3,2,4.622608,5.655057,1.032449
g2231,g2231.mp3,7.86275,3,0,0.0,1.048209,1.048209
g2231,g2231.mp3,7.86275,3,1,3.518526,4.042562,0.524036
g2231,g2231.mp3,7.86275,3,2,4.930544,5.969138,1.038594
g2232,g2232.mp3,7.549375,3,0,0.0,1.06517,1.06517
g2232,g2232.mp3,7.549375,3,1,3.509252,4.049433,0.540181
g2232,g2232.mp3,7.549375,3,2,4.761905,5.789592,1.027687
g2233,g2233.mp3,7.5755,3,0,0.0,1.03737,1.03737
g2233,g2233.mp3,7.5755,3,1,3.58449,4.104172,0.519683
g2233,g2233.mp3,7.5755,3,2,4.808345,5.822041,1.013696
g2234,g2234.mp3,7.62775,3,0,0.0,1.072971,1.072971
g2234,g2234.mp3,7.62775,3,1,3.54102,4.058594,0.517574
g2234,g2234.mp3,7.62775,3,2,4.816667,5.851451,1.034785
g2235,g2235.mp3,6.89625,3,0,0.0,1.052381,1.052381
g2235,g2235.mp3,6.89625,3,1,3.485737,4.019773,0.534036
g2235,g2235.mp3,6.89625,3,2,4.419796,5.451633,1.031837
g2236,g2236.mp3,7.31425,3,0,0.0,1.035351,1.035351
g2236,g2236.mp3,7.31425,3,1,3.54932,4.066803,0.517483
g2236,g2236.mp3,7.31425,3,2,4.631156,5.653197,1.022041
g2237,g2237.mp3,7.41875,3,0,0.0,1.063719,1.063719
g2237,g2237.mp3,7.41875,3,1,3.544127,4.096599,0.552472
g2237,g2237.mp3,7.41875,3,2,4.711905,5.732018,1.020113
g2238,g2238.mp3,7.41875,3,0,0.0,1.04356,1.04356
g2238,g2238.mp3,7.41875,3,1,3.408776,3.930635,0.521859
g2238,g2238.mp3,7.41875,3,2,4.597868,5.626304,1.028435
g2239,g2239.mp3,7.20975,3,0,0.0,1.043424,1.043424
g2239,g2239.mp3,7.20975,3,1,3.398594,3.921247,0.522653
g2239,g2239.mp3,7.20975,3,2,4.534966,5.575261,1.040295
g2240,g2240.mp3,6.556625,3,0,0.0,1.055986,1.055986
g2240,g2240.mp3,6.556625,3,1,3.182902,3.697302,0.514399
g2240,g2240.mp3,6.556625,3,2,4.105601,5.145193,1.039592
g2241,g2241.mp3,6.922375,3,0,0.0,1.026825,1.026825
g2241,g2241.mp3,6.922375,3,1,3.361519,3.934444,0.572925
g2241,g2241.mp3,6.922375,3,2,4.370771,5.409546,1.038776
g2242,g2242.mp3,7.053,3,0,0.0,1.050658,1.050658
g2242,g2242.mp3,7.053,3,1,3.503719,4.022245,0.518526
g2242,g2242.mp3,7.053,3,2,4.491315,5.541814,1.050499
g2243,g2243.mp3,7.86275,3,0,0.0,1.047891,1.047891
g2243,g2243.mp3,7.86275,3,1,3.655397,4.200748,0.545351
g2243,g2243.mp3,7.86275,3,2,4.96551,6.008481,1.042971
g2244,g2244.mp3,7.732125,3,0,0.0,1.054036,1.054036
g2244,g2244.mp3,7.732125,3,1,3.594354,4.120363,0.526009
g2244,g2244.mp3,7.732125,3,2,4.854966,5.878322,1.023356
g2245,g2245.mp3,7.8105,3,0,0.0,1.062222,1.062222
g2245,g2245.mp3,7.8105,3,1,3.58483,4.115533,0.530703
g2245,g2245.mp3,7.8105,3,2,4.918526,5.945828,1.027302
g2246,g2246.mp3,7.5755,3,0,0.0,1.046757,1.046757
g2246,g2246.mp3,7.5755,3,1,3.581995,4.115828,0.533832
g2246,g2246.mp3,7.5755,3,2,4.796508,5.835238,1.03873
g2247,g2247.mp3,7.392625,3,0,0.0,1.054172,1.054172
g2247,g2247.mp3,7.392625,3,1,3.597143,4.111837,0.514694
g2247,g2247.mp3,7.392625,3,2,4.709456,5.736213,1.026757
g2248,g2248.mp3,12.721625,6,0,0.0,1.068413,1.068413
g2248,g2248.mp3,12.721625,6,1,3.2961,3.832948,0.536848
g2248,g2248.mp3,12.721625,6,2,4.597506,5.648345,1.050839
g2248,g2248.mp3,12.721625,6,3,6.4078,7.453968,1.046168
g2248,g2248.mp3,12.721625,6,4,8.63712,9.704308,1.067188
g2248,g2248.mp3,12.721625,6,5,10.150544,11.219501,1.068957
g2250,g2250.mp3,6.89625,3,0,0.0,1.042063,1.042063
g2250,g2250.mp3,6.89625,3,1,3.124444,3.639637,0.515193
g2250,g2250.mp3,6.89625,3,2,4.265397,5.296213,1.030816
g2251,g2251.mp3,8.07175,3,0,0.0,1.08093,1.08093
g2251,g2251.mp3,8.07175,3,1,3.469206,3.98839,0.519184
g2251,g2251.mp3,8.07175,3,2,4.9161,5.961066,1.044966
g2252,g2252.mp3,12.826,6,0,0.0,1.071837,1.071837
g2252,g2252.mp3,12.826,6,1,3.506621,4.056281,0.54966
g2252,g2252.mp3,12.826,6,2,4.526395,5.632517,1.106122
g2252,g2252.mp3,12.826,6,3,6.060862,7.090544,1.029683
g2252,g2252.mp3,12.826,6,4,8.238277,9.31288,1.074603
g2252,g2252.mp3,12.826,6,5,10.014331,11.067755,1.053424
g2253,g2253.mp3,8.202375,3,0,0.0,1.032902,1.032902
g2253,g2253.mp3,8.202375,3,1,3.526893,4.061633,0.534739
g2253,g2253.mp3,8.202375,3,2,5.119025,6.134989,1.015964
g2254,g2254.mp3,12.8,6,0,0.0,1.068209,1.068209
g2254,g2254.mp3,12.8,6,1,3.519138,4.081655,0.562517
g2254,g2254.mp3,12.8,6,2,4.804195,5.811995,1.0078
g2254,g2254.mp3,12.8,6,3,6.56932,7.618141,1.048821
g2254,g2254.mp3,12.8,6,4,8.706689,9.768821,1.062132
g2254,g2254.mp3,12.8,6,5,10.215578,11.295646,1.080068
g2255,g2255.mp3,7.915,3,0,0.0,1.037166,1.037166
g2255,g2255.mp3,7.915,3,1,3.70644,4.231066,0.524626
g2255,g2255.mp3,7.915,3,2,5.012426,6.043039,1.030612
g2256,g2256.mp3,8.254625,3,0,0.0,1.060567,1.060567
g2256,g2256.mp3,8.254625,3,1,3.722109,4.234694,0.512585
g2256,g2256.mp3,8.254625,3,2,5.211565,6.276145,1.06458
g2257,g2257.mp3,12.956625,6,0,0.0,1.093855,1.093855
g2257,g2257.mp3,12.956625,6,1,3.6222,4.162245,0.540045
g2257,g2257.mp3,12.956625,6,2,4.832925,5.911406,1.078481
g2257,g2257.mp3,12.956625,6,3,6.581791,7.653991,1.0722
g2257,g2257.mp3,12.956625,6,4,8.726213,9.811882,1.085669
g2257,g2257.mp3,12.956625,6,5,10.278345,11.357188,1.078844
g2258,g2258.mp3,12.591,6,0,0.0,1.098912,1.098912
g2258,g2258.mp3,12.591,6,1,3.502721,4.117415,0.614694
g2258,g2258.mp3,12.591,6,2,4.663651,5.752834,1.089184
g2258,g2258.mp3,12.591,6,3,6.287755,7.38034,1.092585
g2258,g2258.mp3,12.591,6,4,8.388776,9.467166,1.07839
g2258,g2258.mp3,12.591,6,5,9.955986,11.010181,1.054195
g2259,g2259.mp3,7.288125,3,0,0.0,1.026417,1.026417
g2259,g2259.mp3,7.288125,3,1,3.565283,4.074535,0.509252
g2259,g2259.mp3,7.288125,3,2,4.645351,5.660839,1.015488
g2261,g2261.mp3,7.8105,3,0,0.0,1.035828,1.035828
g2261,g2261.mp3,7.8105,3,1,3.648163,4.17619,0.528027
g2261,g2261.mp3,7.8105,3,2,4.937868,5.970431,1.032562
g2262,g2262.mp3,7.079125,3,0,0.0,1.04941,1.04941
g2262,g2262.mp3,7.079125,3,1,3.69542,4.2239,0.528481
g2262,g2262.mp3,7.079125,3,2,4.633605,5.666531,1.032925
g2263,g2263.mp3,7.915,3,0,0.0,1.042948,1.042948
g2263,g2263.mp3,7.915,3,1,3.66542,4.233356,0.567937
g2263,g2263.mp3,7.915,3,2,4.996757,6.065215,1.068458
g2264,g2264.mp3,7.915,3,0,0.0,1.064467,1.064467
g2264,g2264.mp3,7.915,3,1,3.700612,4.223084,0.522472
g2264,g2264.mp3,7.915,3,2,5.043039,6.078594,1.035556
g2265,g2265.mp3,8.254625,3,0,0.0,1.049297,1.049297
g2265,g2265.mp3,8.254625,3,1,3.694966,4.213084,0.518118
g2265,g2265.mp3,8.254625,3,2,5.161497,6.213288,1.051791
g2266,g2266.mp3,8.333,3,0,0.0,1.075986,1.075986
g2266,g2266.mp3,8.333,3,1,3.873628,4.393923,0.520295
g2266,g2266.mp3,8.333,3,2,5.349705,6.369683,1.019977
g2267,g2267.mp3,7.941125,3,0,0.0,1.049456,1.049456
g2267,g2267.mp3,7.941125,3,1,3.60093,4.122585,0.521655
g2267,g2267.mp3,7.941125,3,2,4.912834,5.960363,1.047528
g2268,g2268.mp3,7.41875,3,0,0.0,1.046122,1.046122
g2268,g2268.mp3,7.41875,3,1,3.135079,3.650249,0.51517
g2268,g2268.mp3,7.41875,3,2,4.493628,5.531134,1.037506
g2269,g2269.mp3,7.235875,3,0,0.0,1.057188,1.057188
g2269,g2269.mp3,7.235875,3,1,3.469252,3.998662,0.52941
g2269,g2269.mp3,7.235875,3,2,4.545079,5.600408,1.055329
g2270,g2270.mp3,7.62775,3,0,0.0,1.036689,1.036689
g2270,g2270.mp3,7.62775,3,1,3.240703,3.794014,0.553311
g2270,g2270.mp3,7.62775,3,2,4.65551,5.715601,1.060091
g2271,g2271.mp3,7.62775,3,0,0.0,1.080544,1.080544
g2271,g2271.mp3,7.62775,3,1,3.573923,4.076417,0.502494
g2271,g2271.mp3,7.62775,3,2,4.807574,5.847188,1.039615
g2272,g2272.mp3,8.0195,3,0,0.0,1.053084,1.053084
g2272,g2272.mp3,8.0195,3,1,3.503311,4.004898,0.501587
g2272,g2272.mp3,8.0195,3,2,4.963401,5.989161,1.02576
g2274,g2274.mp3,13.244,6,0,0.0,1.079887,1.079887
g2274,g2274.mp3,13.244,6,1,3.600907,4.116712,0.515805
g2274,g2274.mp3,13.244,6,2,4.8761,5.920544,1.044444
g2274,g2274.mp3,13.244,6,3,6.684399,7.768458,1.084059
g2274,g2274.mp3,13.244,6,4,8.849456,9.912834,1.063379
g2274,g2274.mp3,13.244,6,5,10.523583,11.601451,1.077868
g2275,g2275.mp3,7.392625,3,0,0.0,1.04712,1.04712
g2275,g2275.mp3,7.392625,3,1,3.656939,4.187279,0.53034
g2275,g2275.mp3,7.392625,3,2,4.734898,5.78619,1.051293
g2276,g2276.mp3,12.721625,6,0,0.0,1.091043,1.091043
g2276,g2276.mp3,12.721625,6,1,3.63839,4.167732,0.529342
g2276,g2276.mp3,12.721625,6,2,4.632925,5.717914,1.084989
g2276,g2276.mp3,12.721625,6,3,6.182971,7.226145,1.043175
g2276,g2276.mp3,12.721625,6,4,8.374603,9.470181,1.095578
g2276,g2276.mp3,12.721625,6,5,10.00288,11.119932,1.117052
g2277,g2277.mp3,12.382,6,0,0.0,1.031995,1.031995
g2277,g2277.mp3,12.382,6,1,3.714898,4.233673,0.518776
g2277,g2277.mp3,12.382,6,2,4.658118,5.681701,1.023583
g2277,g2277.mp3,12.382,6,3,6.107891,7.137166,1.029274
g2277,g2277.mp3,12.382,6,4,8.165578,9.253946,1.088367
g2277,g2277.mp3,12.382,6,5,9.773061,10.878231,1.10517
g2278,g2278.mp3,7.653875,3,0,0.0,1.055964,1.055964
g2278,g2278.mp3,7.653875,3,1,3.511315,4.090726,0.57941
g2278,g2278.mp3,7.653875,3,2,4.778095,5.876395,1.098299
g2279,g2279.mp3,7.549375,3,0,0.0,1.04712,1.04712
g2279,g2279.mp3,7.549375,3,1,3.62229,4.124286,0.501995
g2279,g2279.mp3,7.549375,3,2,4.807438,5.849478,1.042041
g2280,g2280.mp3,7.3665,3,0,0.0,1.049025,1.049025
g2280,g2280.mp3,7.3665,3,1,3.00712,3.546984,0.539864
g2280,g2280.mp3,7.3665,3,2,4.390363,5.432857,1.042494
g2281,g2281.mp3,7.288125,3,0,0.0,1.059977,1.059977
g2281,g2281.mp3,7.288125,3,1,3.417891,3.988231,0.57034
g2281,g2281.mp3,7.288125,3,2,4.525465,5.581519,1.056054
g2282,g2282.mp3,7.340375,3,0,0.0,1.037551,1.037551
g2282,g2282.mp3,7.340375,3,1,3.482993,4.029138,0.546145
g2282,g2282.mp3,7.340375,3,2,4.591043,5.656508,1.065465
g2283,g2283.mp3,14.001625,6,0,0.0,1.2039,1.2039
g2283,g2283.mp3,14.001625,6,1,3.845397,4.454082,0.608685
g2283,g2283.mp3,14.001625,6,2,5.158549,6.259456,1.100907
g2283,g2283.mp3,14.001625,6,3,7.027528,8.11288,1.085351
g2283,g2283.mp3,14.001625,6,4,9.300181,10.465782,1.165601
g2283,g2283.mp3,14.001625,6,5,11.145397,12.2539,1.108503
g2284,g2284.mp3,7.706,3,0,0.0,1.045941,1.045941
g2284,g2284.mp3,7.706,3,1,3.628345,4.153968,0.525624
g2284,g2284.mp3,7.706,3,2,4.904989,5.949841,1.044853
g2285,g2285.mp3,7.62775,3,0,0.0,1.039048,1.039048
g2285,g2285.mp3,7.62775,3,1,3.508526,4.025964,0.517438
g2285,g2285.mp3,7.62775,3,2,4.767415,5.810998,1.043583
g2286,g2286.mp3,8.254625,3,0,0.0,1.06229,1.06229
g2286,g2286.mp3,8.254625,3,1,3.548322,4.09254,0.544218
g2286,g2286.mp3,8.254625,3,2,5.131746,6.204966,1.07322
g2287,g2287.mp3,8.568125,3,0,0.0,1.09102,1.09102
g2287,g2287.mp3,8.568125,3,1,3.605465,4.119524,0.514059
g2287,g2287.mp3,8.568125,3,2,5.229887,6.286281,1.056395
g2288,g2288.mp3,7.8105,3,0,0.0,1.037755,1.037755
g2288,g2288.mp3,7.8105,3,1,3.385238,3.944354,0.559116
g2288,g2288.mp3,7.8105,3,2,4.821791,5.868912,1.04712
g2289,g2289.mp3,7.888875,3,0,0.0,1.061361,1.061361
g2289,g2289.mp3,7.888875,3,1,3.65415,4.203288,0.549138
g2289,g2289.mp3,7.888875,3,2,4.970884,6.009478,1.038594
g2290,g2290.mp3,6.870125,3,0,0.0,1.039365,1.039365
g2290,g2290.mp3,6.870125,3,1,3.143968,3.694785,0.550816
g2290,g2290.mp3,6.870125,3,2,4.243084,5.295533,1.052449
g2291,g2291.mp3,7.1575,3,0,0.0,1.039274,1.039274
g2291,g2291.mp3,7.1575,3,1,3.416848,3.955941,0.539093
g2291,g2291.mp3,7.1575,3,2,4.485306,5.543923,1.058617
g2292,g2292.mp3,7.601625,3,0,0.0,1.04712,1.04712
g2292,g2292.mp3,7.601625,3,1,3.505737,4.033243,0.527506
g2292,g2292.mp3,7.601625,3,2,4.804127,5.84229,1.038163
g2293,g2293.mp3,8.17625,3,0,0.0,1.05898,1.05898
g2293,g2293.mp3,8.17625,3,1,3.640544,4.273061,0.632517
g2293,g2293.mp3,8.17625,3,2,5.171406,6.217642,1.046236
g2294,g2294.mp3,8.306875,3,0,0.0,1.075805,1.075805
g2294,g2294.mp3,8.306875,3,1,3.69415,4.251088,0.556939
g2294,g2294.mp3,8.306875,3,2,5.167324,6.186145,1.018821
g2295,g2295.mp3,7.41875,3,0,0.0,1.064263,1.064263
g2295,g2295.mp3,7.41875,3,1,3.694694,4.243311,0.548617
g2295,g2295.mp3,7.41875,3,2,4.780975,5.809093,1.028118
g2296,g2296.mp3,7.784375,3,0,0.0,1.056735,1.056735
g2296,g2296.mp3,7.784375,3,1,3.550476,4.07263,0.522154
g2296,g2296.mp3,7.784375,3,2,4.863129,5.904104,1.040975
g2297,g2297.mp3,8.38525,3,0,0.0,1.067188,1.067188
g2297,g2297.mp3,8.38525,3,1,3.63941,4.196281,0.556871
g2297,g2297.mp3,8.38525,3,2,5.223424,6.27,1.046576
g2298,g2298.mp3,7.941125,3,0,0.0,1.055351,1.055351
g2298,g2298.mp3,7.941125,3,1,3.33161,3.857868,0.526259
g2298,g2298.mp3,7.941125,3,2,4.859819,5.906122,1.046304
g2299,g2299.mp3,7.340375,3,0,0.0,1.040272,1.040272
g2299,g2299.mp3,7.340375,3,1,3.691565,4.235374,0.54381
g2299,g2299.mp3,7.340375,3,2,4.753719,5.797483,1.043764
g2300,g2300.mp3,7.549375,3,0,0.0,1.052902,1.052902
g2300,g2300.mp3,7.549375,3,1,3.387959,3.932041,0.544082
g2300,g2300.mp3,7.549375,3,2,4.659365,5.704082,1.044717
g2301,g2301.mp3,8.2285,3,0,0.0,1.046213,1.046213
g2301,g2301.mp3,8.2285,3,1,3.639887,4.157234,0.517347
g2301,g2301.mp3,8.2285,3,2,5.153991,6.210091,1.0561
g2302,g2302.mp3,7.026875,3,0,0.0,1.048435,1.048435
g2302,g2302.mp3,7.026875,3,1,3.072721,3.587755,0.515034
g2302,g2302.mp3,7.026875,3,2,4.251088,5.304104,1.053016
g2303,g2303.mp3,6.974625,3,0,0.0,1.041156,1.041156
g2303,g2303.mp3,6.974625,3,1,3.229705,3.777007,0.547302
g2303,g2303.mp3,6.974625,3,2,4.304558,5.357778,1.05322
g2304,g2304.mp3,7.471,3,0,0.0,1.05034,1.05034
g2304,g2304.mp3,7.471,3,1,3.262517,3.808073,0.545556
g2304,g2304.mp3,7.471,3,2,4.549297,5.577619,1.028322
g2305,g2305.mp3,7.497125,3,0,0.0,1.040363,1.040363
g2305,g2305.mp3,7.497125,3,1,3.125238,3.646599,0.521361
g2305,g2305.mp3,7.497125,3,2,4.5178,5.56322,1.04542
g2306,g2306.mp3,7.62775,3,0,0.0,1.054512,1.054512
g2306,g2306.mp3,7.62775,3,1,3.211678,3.736281,0.524603
g2306,g2306.mp3,7.62775,3,2,4.671406,5.714966,1.04356
g2307,g2307.mp3,6.68725,3,0,0.0,1.070748,1.070748
g2307,g2307.mp3,6.68725,3,1,3.073129,3.638027,0.564898
g2307,g2307.mp3,6.68725,3,2,4.133515,5.15254,1.019025
g2308,g2308.mp3,7.288125,3,0,0.0,1.051202,1.051202
g2308,g2308.mp3,7.288125,3,1,3.002177,3.529388,0.527211
g2308,g2308.mp3,7.288125,3,2,4.327868,5.366848,1.03898
g2309,g2309.mp3,6.765625,3,0,0.0,1.044376,1.044376
g2309,g2309.mp3,6.765625,3,1,3.20381,3.739478,0.535669
g2309,g2309.mp3,6.765625,3,2,4.197483,5.228118,1.030635
g2310,g2310.mp3,7.62775,3,0,0.0,1.045329,1.045329
g2310,g2310.mp3,7.62775,3,1,3.078027,3.592925,0.514898
g2310,g2310.mp3,7.62775,3,2,4.564853,5.607664,1.042812
g2311,g2311.mp3,7.3665,3,0,0.0,1.054422,1.054422
g2311,g2311.mp3,7.3665,3,1,3.041905,3.580249,0.538345
g2311,g2311.mp3,7.3665,3,2,4.423764,5.459864,1.0361
g2312,g2312.mp3,8.124,3,0,0.0,1.062381,1.062381
g2312,g2312.mp3,8.124,3,1,3.189184,3.742653,0.553469
g2312,g2312.mp3,8.124,3,2,4.827415,5.893787,1.066372
g2313,g2313.mp3,7.68,3,0,0.0,1.087574,1.087574
g2313,g2313.mp3,7.68,3,1,3.13424,3.736077,0.601837
g2313,g2313.mp3,7.68,3,2,4.65966,5.711882,1.052222
g2314,g2314.mp3,7.96725,3,0,0.0,1.034286,1.034286
g2314,g2314.mp3,7.96725,3,1,3.173401,3.698707,0.525306
g2314,g2314.mp3,7.96725,3,2,4.727914,5.794127,1.066213
g2315,g2315.mp3,7.836625,3,0,0.0,1.046848,1.046848
g2315,g2315.mp3,7.836625,3,1,3.179093,3.716054,0.536961
g2315,g2315.mp3,7.836625,3,2,4.713923,5.758685,1.044762
g2316,g2316.mp3,7.31425,3,0,0.0,1.072993,1.072993
g2316,g2316.mp3,7.31425,3,1,3.376122,3.914535,0.538413
g2316,g2316.mp3,7.31425,3,2,4.555125,5.590612,1.035488
g2317,g2317.mp3,8.124,3,0,0.0,1.058798,1.058798
g2317,g2317.mp3,8.124,3,1,3.693719,4.247596,0.553878
g2317,g2317.mp3,8.124,3,2,5.117143,6.170998,1.053855
g2318,g2318.mp3,7.96725,3,0,0.0,1.027052,1.027052
g2318,g2318.mp3,7.96725,3,1,3.204127,3.748186,0.544059
g2318,g2318.mp3,7.96725,3,2,4.830045,5.881633,1.051587
g2319,g2319.mp3,8.124,3,0,0.0,1.034263,1.034263
g2319,g2319.mp3,8.124,3,1,3.165397,3.711293,0.545896
g2319,g2319.mp3,8.124,3,2,4.85229,5.926122,1.073832
g2320,g2320.mp3,7.392625,3,0,0.0,1.059615,1.059615
g2320,g2320.mp3,7.392625,3,1,3.026599,3.541383,0.514785
g2320,g2320.mp3,7.392625,3,2,4.377211,5.425147,1.047937
g2321,g2321.mp3,7.86275,3,0,0.0,1.040794,1.040794
g2321,g2321.mp3,7.86275,3,1,3.325601,3.855125,0.529524
g2321,g2321.mp3,7.86275,3,2,4.792517,5.839138,1.046621
g2322,g2322.mp3,7.497125,3,0,0.0,1.04415,1.04415
g2322,g2322.mp3,7.497125,3,1,3.286893,3.813084,0.52619
g2322,g2322.mp3,7.497125,3,2,4.597052,5.660317,1.063265
g2323,g2323.mp3,7.62775,3,0,0.0,1.025351,1.025351
g2323,g2323.mp3,7.62775,3,1,3.410907,3.948617,0.53771
g2323,g2323.mp3,7.62775,3,2,4.742358,5.773855,1.031497
g2324,g2324.mp3,7.235875,3,0,0.0,1.068141,1.068141
g2324,g2324.mp3,7.235875,3,1,3.29805,3.844036,0.545986
g2324,g2324.mp3,7.235875,3,2,4.477052,5.499342,1.02229
g2325,g2325.mp3,7.471,3,0,0.0,1.056122,1.056122
g2325,g2325.mp3,7.471,3,1,3.394467,3.92551,0.531043
g2325,g2325.mp3,7.471,3,2,4.602608,5.663333,1.060726
g2326,g2326.mp3,7.993375,3,0,0.0,1.067755,1.067755
g2326,g2326.mp3,7.993375,3,1,3.445057,3.976803,0.531746
g2326,g2326.mp3,7.993375,3,2,4.967868,5.997483,1.029615
g2327,g2327.mp3,7.8105,3,0,0.0,1.047914,1.047914
g2327,g2327.mp3,7.8105,3,1,3.331293,3.882086,0.550794
g2327,g2327.mp3,7.8105,3,2,4.824626,5.860522,1.035896
g2328,g2328.mp3,7.20975,3,0,0.0,1.053787,1.053787
g2328,g2328.mp3,7.20975,3,1,3.101247,3.624717,0.523469
g2328,g2328.mp3,7.20975,3,2,4.371315,5.383991,1.012676
g2329,g2329.mp3,7.183625,3,0,0.0,1.060091,1.060091
g2329,g2329.mp3,7.183625,3,1,3.350726,3.892993,0.542268
g2329,g2329.mp3,7.183625,3,2,4.451519,5.511973,1.060454
g2330,g2330.mp3,7.079125,3,0,0.0,1.049705,1.049705
g2330,g2330.mp3,7.079125,3,1,2.972313,3.478685,0.506372
g2330,g2330.mp3,7.079125,3,2,4.19356,5.247982,1.054422
g2331,g2331.mp3,8.359125,3,0,0.0,1.05483,1.05483
g2331,g2331.mp3,8.359125,3,1,3.35576,3.906712,0.550952
g2331,g2331.mp3,8.359125,3,2,5.061293,6.105828,1.044535
g2332,g2332.mp3,8.0195,3,0,0.0,1.079546,1.079546
g2332,g2332.mp3,8.0195,3,1,3.441746,3.954762,0.513016
g2332,g2332.mp3,8.0195,3,2,4.956893,5.977891,1.020998
g2333,g2333.mp3,7.653875,3,0,0.0,1.045351,1.045351
g2333,g2333.mp3,7.653875,3,1,3.383537,3.889138,0.505601
g2333,g2333.mp3,7.653875,3,2,4.766168,5.804104,1.037937
g2334,g2334.mp3,7.732125,3,0,0.0,1.047574,1.047574
g2334,g2334.mp3,7.732125,3,1,3.327755,3.861293,0.533537
g2334,g2334.mp3,7.732125,3,2,4.768073,5.800907,1.032834
g2335,g2335.mp3,7.549375,3,0,0.0,1.035646,1.035646
g2335,g2335.mp3,7.549375,3,1,3.347302,3.883039,0.535737
g2335,g2335.mp3,7.549375,3,2,4.657188,5.710045,1.052857
g2336,g2336.mp3,7.053,3,0,0.0,1.044512,1.044512
g2336,g2336.mp3,7.053,3,1,3.352766,3.902517,0.549751
g2336,g2336.mp3,7.053,3,2,4.433084,5.482812,1.049728
g2337,g2337.mp3,7.31425,3,0,0.0,1.039161,1.039161
g2337,g2337.mp3,7.31425,3,1,3.249909,3.788277,0.538367
g2337,g2337.mp3,7.31425,3,2,4.497007,5.565034,1.068027
g2338,g2338.mp3,7.41875,3,0,0.0,1.04737,1.04737
g2338,g2338.mp3,7.41875,3,1,3.196304,3.715397,0.519093
g2338,g2338.mp3,7.41875,3,2,4.494943,5.564671,1.069728
g2339,g2339.mp3,6.870125,3,0,0.0,1.048617,1.048617
g2339,g2339.mp3,6.870125,3,1,3.27678,3.796939,0.520159
g2339,g2339.mp3,6.870125,3,2,4.284399,5.31737,1.032971
g2340,g2340.mp3,6.9485,3,0,0.0,1.045215,1.045215
g2340,g2340.mp3,6.9485,3,1,2.924036,3.44068,0.516644
g2340,g2340.mp3,6.9485,3,2,4.151134,5.200862,1.049728
g2341,g2341.mp3,8.0195,3,0,0.0,1.03737,1.03737
g2341,g2341.mp3,8.0195,3,1,3.210884,3.776077,0.565193
g2341,g2341.mp3,8.0195,3,2,4.897279,5.921565,1.024286
g2342,g2342.mp3,7.549375,3,0,0.0,1.053447,1.053447
g2342,g2342.mp3,7.549375,3,1,3.640839,4.164195,0.523356
g2342,g2342.mp3,7.549375,3,2,4.818345,5.824059,1.005714
g2343,g2343.mp3,8.07175,3,0,0.0,1.0378,1.0378
g2343,g2343.mp3,8.07175,3,1,3.537302,4.048299,0.510998
g2343,g2343.mp3,8.07175,3,2,4.997891,6.045601,1.04771
g2344,g2344.mp3,8.202375,3,0,0.0,1.070295,1.070295
g2344,g2344.mp3,8.202375,3,1,3.609478,4.131202,0.521723
g2344,g2344.mp3,8.202375,3,2,5.168209,6.189796,1.021587
g2345,g2345.mp3,7.549375,3,0,0.0,1.066599,1.066599
g2345,g2345.mp3,7.549375,3,1,3.37263,3.912971,0.54034
g2345,g2345.mp3,7.549375,3,2,4.665692,5.758889,1.093197
g2346,g2346.mp3,7.20975,3,0,0.0,1.041633,1.041633
g2346,g2346.mp3,7.20975,3,1,3.421088,3.937483,0.516395
g2346,g2346.mp3,7.20975,3,2,4.511542,5.535805,1.024263
g2347,g2347.mp3,7.52325,3,0,0.0,1.027302,1.027302
g2347,g2347.mp3,7.52325,3,1,3.26424,3.777143,0.512902
g2347,g2347.mp3,7.52325,3,2,4.569274,5.631134,1.061859
g2348,g2348.mp3,7.10525,3,0,0.0,1.045465,1.045465
g2348,g2348.mp3,7.10525,3,1,3.108662,3.657415,0.548753
g2348,g2348.mp3,7.10525,3,2,4.330703,5.385283,1.05458
g2349,g2349.mp3,7.5755,3,0,0.0,1.05746,1.05746
g2349,g2349.mp3,7.5755,3,1,3.230952,3.780544,0.549592
g2349,g2349.mp3,7.5755,3,2,4.627823,5.701723,1.0739
g2350,g2350.mp3,7.41875,3,0,0.0,1.107392,1.107392
g2350,g2350.mp3,7.41875,3,1,3.110454,3.678277,0.567823
g2350,g2350.mp3,7.41875,3,2,4.512902,5.565624,1.052721
g2351,g2351.mp3,7.8105,3,0,0.0,1.033855,1.033855
g2351,g2351.mp3,7.8105,3,1,3.356122,3.940612,0.58449
g2351,g2351.mp3,7.8105,3,2,4.790454,5.848231,1.057778
g2352,g2352.mp3,7.131375,3,0,0.0,1.041927,1.041927
g2352,g2352.mp3,7.131375,3,1,3.180952,3.723016,0.542063
g2352,g2352.mp3,7.131375,3,2,4.386644,5.421927,1.035283
g2353,g2353.mp3,6.89625,3,0,0.0,1.041519,1.041519
g2353,g2353.mp3,6.89625,3,1,3.168844,3.7122,0.543356
g2353,g2353.mp3,6.89625,3,2,4.247528,5.305465,1.057937
g2354,g2354.mp3,7.31425,3,0,0.0,1.059819,1.059819
g2354,g2354.mp3,7.31425,3,1,3.181383,3.731882,0.550499
g2354,g2354.mp3,7.31425,3,2,4.491791,5.542948,1.051156
g2355,g2355.mp3,7.62775,3,0,0.0,1.045669,1.045669
g2355,g2355.mp3,7.62775,3,1,3.280726,3.83712,0.556395
g2355,g2355.mp3,7.62775,3,2,4.665079,5.717642,1.052562
g2356,g2356.mp3,7.86275,3,0,0.0,1.030385,1.030385
g2356,g2356.mp3,7.86275,3,1,3.603016,4.155215,0.5522
g2356,g2356.mp3,7.86275,3,2,4.943401,5.961497,1.018095
g2357,g2357.mp3,7.653875,3,0,0.0,1.045034,1.045034
g2357,g2357.mp3,7.653875,3,1,3.250612,3.790522,0.539909
g2357,g2357.mp3,7.653875,3,2,4.678435,5.695986,1.017551
g2358,g2358.mp3,7.68,3,0,0.0,1.055147,1.055147
g2358,g2358.mp3,7.68,3,1,3.3222,3.862336,0.540136
g2358,g2358.mp3,7.68,3,2,4.700159,5.743991,1.043832
g2359,g2359.mp3,7.3665,3,0,0.0,1.039932,1.039932
g2359,g2359.mp3,7.3665,3,1,3.513537,4.039297,0.52576
g2359,g2359.mp3,7.3665,3,2,4.658345,5.692744,1.034399
g2360,g2360.mp3,7.183625,3,0,0.0,1.087732,1.087732
g2360,g2360.mp3,7.183625,3,1,3.257052,3.805193,0.548141
g2360,g2360.mp3,7.183625,3,2,4.470771,5.511837,1.041066
g2361,g2361.mp3,7.549375,3,0,0.0,1.066871,1.066871
g2361,g2361.mp3,7.549375,3,1,3.332766,3.846712,0.513946
g2361,g2361.mp3,7.549375,3,2,4.644717,5.675624,1.030907
g2362,g2362.mp3,7.68,3,0,0.0,1.053424,1.053424
g2362,g2362.mp3,7.68,3,1,3.439252,3.970295,0.531043
g2362,g2362.mp3,7.68,3,2,4.751882,5.780748,1.028866
g2363,g2363.mp3,7.653875,3,0,0.0,1.03839,1.03839
g2363,g2363.mp3,7.653875,3,1,3.509524,4.050726,0.541202
g2363,g2363.mp3,7.653875,3,2,4.808367,5.846916,1.038549
g2364,g2364.mp3,7.340375,3,0,0.0,1.04449,1.04449
g2364,g2364.mp3,7.340375,3,1,3.19415,3.713651,0.519501
g2364,g2364.mp3,7.340375,3,2,4.483175,5.500567,1.017392
g2365,g2365.mp3,7.732125,3,0,0.0,1.04873,1.04873
g2365,g2365.mp3,7.732125,3,1,3.373084,3.897528,0.524444
g2365,g2365.mp3,7.732125,3,2,4.715488,5.749456,1.033968
g2366,g2366.mp3,7.288125,3,0,0.0,1.04678,1.04678
g2366,g2366.mp3,7.288125,3,1,3.537959,4.073719,0.53576
g2366,g2366.mp3,7.288125,3,2,4.621769,5.640862,1.019093
g2367,g2367.mp3,7.706,3,0,0.0,1.07966,1.07966
g2367,g2367.mp3,7.706,3,1,3.465669,4.022812,0.557143
g2367,g2367.mp3,7.706,3,2,4.834898,5.868209,1.033311
g2368,g2368.mp3,7.5755,3,0,0.0,1.060068,1.060068
g2368,g2368.mp3,7.5755,3,1,3.543447,4.060771,0.517324
g2368,g2368.mp3,7.5755,3,2,4.774308,5.8078,1.033492
g2369,g2369.mp3,8.28075,3,0,0.0,1.069864,1.069864
g2369,g2369.mp3,8.28075,3,1,3.366327,3.920748,0.554422
g2369,g2369.mp3,8.28075,3,2,5.025873,6.042721,1.016848
g2370,g2370.mp3,7.235875,3,0,0.0,1.053401,1.053401
g2370,g2370.mp3,7.235875,3,1,3.077075,3.607098,0.530023
g2370,g2370.mp3,7.235875,3,2,4.382789,5.461655,1.078866
g2371,g2371.mp3,8.124,3,0,0.0,1.07746,1.07746
g2371,g2371.mp3,8.124,3,1,3.406145,3.933447,0.527302
g2371,g2371.mp3,8.124,3,2,4.948821,6.000431,1.05161
g2372,g2372.mp3,7.52325,3,0,0.0,1.050703,1.050703
g2372,g2372.mp3,7.52325,3,1,3.315714,3.867937,0.552222
g2372,g2372.mp3,7.52325,3,2,4.626667,5.671587,1.044921
g2373,g2373.mp3,7.601625,3,0,0.0,1.078685,1.078685
g2373,g2373.mp3,7.601625,3,1,3.522449,4.071542,0.549093
g2373,g2373.mp3,7.601625,3,2,4.777234,5.824717,1.047483
g2374,g2374.mp3,7.1575,3,0,0.0,1.060249,1.060249
g2374,g2374.mp3,7.1575,3,1,3.429524,3.988481,0.558957
g2374,g2374.mp3,7.1575,3,2,4.47161,5.534898,1.063288
g2375,g2375.mp3,7.784375,3,0,0.0,1.090567,1.090567
g2375,g2375.mp3,7.784375,3,1,3.451859,3.976939,0.525079
g2375,g2375.mp3,7.784375,3,2,4.859002,5.884671,1.025669
g2376,g2376.mp3,7.68,3,0,0.0,1.055986,1.055986
g2376,g2376.mp3,7.68,3,1,3.515669,4.050091,0.534422
g2376,g2376.mp3,7.68,3,2,4.800068,5.863333,1.063265
g2377,g2377.mp3,8.124,3,0,0.0,1.053696,1.053696
g2377,g2377.mp3,8.124,3,1,3.350023,3.938231,0.588209
g2377,g2377.mp3,8.124,3,2,5.042154,6.081565,1.03941
g2378,g2378.mp3,7.20975,3,0,0.0,1.041202,1.041202
g2378,g2378.mp3,7.20975,3,1,3.250748,3.7861,0.535351
g2378,g2378.mp3,7.20975,3,2,4.449841,5.491542,1.041701
g2379,g2379.mp3,8.8555,3,0,0.0,1.066712,1.066712
g2379,g2379.mp3,8.8555,3,1,3.590363,4.091837,0.501474
g2379,g2379.mp3,8.8555,3,2,5.487982,6.510635,1.022653
g2380,g2380.mp3,6.635,3,0,0.0,1.037392,1.037392
g2380,g2380.mp3,6.635,3,1,3.029864,3.546848,0.516984
g2380,g2380.mp3,6.635,3,2,4.050544,5.093696,1.043152
g2381,g2381.mp3,7.732125,3,0,0.0,1.035669,1.035669
g2381,g2381.mp3,7.732125,3,1,3.434807,3.998231,0.563424
g2381,g2381.mp3,7.732125,3,2,4.824308,5.865873,1.041565
g2382,g2382.mp3,7.68,3,0,0.0,1.059909,1.059909
g2382,g2382.mp3,7.68,3,1,3.413175,3.931247,0.518073
g2382,g2382.mp3,7.68,3,2,4.739841,5.794898,1.055057
g2383,g2383.mp3,7.941125,3,0,0.0,1.09381,1.09381
g2383,g2383.mp3,7.941125,3,1,3.59483,4.152721,0.557891
g2383,g2383.mp3,7.941125,3,2,5.034717,6.079955,1.045238
g2384,g2384.mp3,7.549375,3,0,0.0,1.03322,1.03322
g2384,g2384.mp3,7.549375,3,1,3.314717,3.839274,0.524558
g2384,g2384.mp3,7.549375,3,2,4.656576,5.677914,1.021338
g2385,g2385.mp3,7.8105,3,0,0.0,1.048707,1.048707
g2385,g2385.mp3,7.8105,3,1,3.414649,3.93941,0.524762
g2385,g2385.mp3,7.8105,3,2,4.833946,5.876463,1.042517
g2386,g2386.mp3,6.870125,3,0,0.0,1.037256,1.037256
g2386,g2386.mp3,6.870125,3,1,3.428435,3.960658,0.532222
g2386,g2386.mp3,6.870125,3,2,4.380227,5.430544,1.050317
g2387,g2387.mp3,7.706,3,0,0.0,1.041655,1.041655
g2387,g2387.mp3,7.706,3,1,3.275533,3.800136,0.524603
g2387,g2387.mp3,7.706,3,2,4.693991,5.746735,1.052744
g2388,g2388.mp3,7.392625,3,0,0.0,1.073696,1.073696
g2388,g2388.mp3,7.392625,3,1,3.314966,3.860862,0.545896
g2388,g2388.mp3,7.392625,3,2,4.563492,5.616916,1.053424
g2389,g2389.mp3,7.183625,3,0,0.0,1.041837,1.041837
g2389,g2389.mp3,7.183625,3,1,3.118594,3.629728,0.511134
g2389,g2389.mp3,7.183625,3,2,4.365646,5.403356,1.03771
g2390,g2390.mp3,6.9485,3,0,0.0,1.044082,1.044082
g2390,g2390.mp3,6.9485,3,1,3.033696,3.58288,0.549184
g2390,g2390.mp3,6.9485,3,2,4.232744,5.286757,1.054014
g2391,g2391.mp3,13.60975,6,0,0.0,1.085034,1.085034
g2391,g2391.mp3,13.60975,6,1,3.390159,3.925125,0.534966
g2391,g2391.mp3,13.60975,6,2,4.626621,5.72712,1.100499
g2391,g2391.mp3,13.60975,6,3,6.212358,7.479683,1.2673249999999996
g2391,g2391.mp3,13.60975,6,4,8.639478,9.688118,1.048639
g2391,g2391.mp3,13.60975,6,5,10.50517,11.602336,1.097166
g2392,g2392.mp3,7.3665,3,0,0.0,1.048345,1.048345
g2392,g2392.mp3,7.3665,3,1,3.401066,3.958209,0.557143
g2392,g2392.mp3,7.3665,3,2,4.608776,5.640771,1.031995
g2393,g2393.mp3,7.601625,3,0,0.0,1.0339,1.0339
g2393,g2393.mp3,7.601625,3,1,3.535896,4.06746,0.531565
g2393,g2393.mp3,7.601625,3,2,4.761383,5.779365,1.017982
g2394,g2394.mp3,7.183625,3,0,0.0,1.087868,1.087868
g2394,g2394.mp3,7.183625,3,1,3.4239,3.948027,0.524127
g2394,g2394.mp3,7.183625,3,2,4.524059,5.572222,1.048163
g2395,g2395.mp3,7.75825,3,0,0.0,1.04415,1.04415
g2395,g2395.mp3,7.75825,3,1,3.459297,3.967211,0.507914
g2395,g2395.mp3,7.75825,3,2,4.808798,5.851202,1.042404
g2396,g2396.mp3,12.591,6,0,0.0,1.118594,1.118594
g2396,g2396.mp3,12.591,6,1,3.564762,4.101633,0.536871
g2396,g2396.mp3,12.591,6,2,4.522812,5.586122,1.063311
g2396,g2396.mp3,12.591,6,3,6.006009,7.134603,1.128594
g2396,g2396.mp3,12.591,6,4,8.265692,9.324898,1.059206
g2396,g2396.mp3,12.591,6,5,9.849615,10.931383,1.081769
g2398,g2398.mp3,7.31425,3,0,0.0,1.047982,1.047982
g2398,g2398.mp3,7.31425,3,1,3.337846,3.877823,0.539977
g2398,g2398.mp3,7.31425,3,2,4.566213,5.614875,1.048662
g2399,g2399.mp3,8.359125,3,0,0.0,1.061293,1.061293
g2399,g2399.mp3,8.359125,3,1,3.957506,4.491542,0.534036
g2399,g2399.mp3,8.359125,3,2,5.400249,6.416508,1.016259
g2400,g2400.mp3,6.870125,3,0,0.0,1.058345,1.058345
g2400,g2400.mp3,6.870125,3,1,3.312245,3.825669,0.513424
g2400,g2400.mp3,6.870125,3,2,4.309161,5.352993,1.043832
g2401,g2401.mp3,7.601625,3,0,0.0,1.04805,1.04805
g2401,g2401.mp3,7.601625,3,1,3.497483,4.018186,0.520703
g2401,g2401.mp3,7.601625,3,2,4.738912,5.77483,1.035918
g2402,g2402.mp3,7.784375,3,0,0.0,1.084036,1.084036
g2402,g2402.mp3,7.784375,3,1,3.490408,3.997937,0.507528
g2402,g2402.mp3,7.784375,3,2,4.814558,5.86254,1.047982
g2403,g2403.mp3,7.3665,3,0,0.0,1.056757,1.056757
g2403,g2403.mp3,7.3665,3,1,3.171338,3.68619,0.514853
g2403,g2403.mp3,7.3665,3,2,4.454399,5.510181,1.055782
g2404,g2404.mp3,8.0195,3,0,0.0,1.078889,1.078889
g2404,g2404.mp3,8.0195,3,1,3.278639,3.837596,0.558957
g2404,g2404.mp3,8.0195,3,2,4.884762,5.928458,1.043696
g2405,g2405.mp3,7.75825,3,0,0.0,1.048345,1.048345
g2405,g2405.mp3,7.75825,3,1,3.280794,3.807029,0.526236
g2405,g2405.mp3,7.75825,3,2,4.770567,5.794921,1.024354
g2406,g2406.mp3,7.601625,3,0,0.0,1.041837,1.041837
g2406,g2406.mp3,7.601625,3,1,3.291859,3.822041,0.530181
g2406,g2406.mp3,7.601625,3,2,4.665034,5.698163,1.033129
g2407,g2407.mp3,7.601625,3,0,0.0,1.052948,1.052948
g2407,g2407.mp3,7.601625,3,1,3.167846,3.707755,0.539909
g2407,g2407.mp3,7.601625,3,2,4.617642,5.68619,1.068549
g2408,g2408.mp3,7.8105,3,0,0.0,1.058866,1.058866
g2408,g2408.mp3,7.8105,3,1,3.052109,3.622109,0.57
g2408,g2408.mp3,7.8105,3,2,4.674104,5.725283,1.051179
g2409,g2409.mp3,7.68,3,0,0.0,1.049206,1.049206
g2409,g2409.mp3,7.68,3,1,3.376939,3.877483,0.500544
g2409,g2409.mp3,7.68,3,2,4.685011,5.767868,1.082857
g2410,g2410.mp3,7.62775,3,0,0.0,1.050726,1.050726
g2410,g2410.mp3,7.62775,3,1,3.232676,3.765147,0.532472
g2410,g2410.mp3,7.62775,3,2,4.620544,5.67483,1.054286
g2411,g2411.mp3,7.288125,3,0,0.0,1.046145,1.046145
g2411,g2411.mp3,7.288125,3,1,3.039524,3.564218,0.524694
g2411,g2411.mp3,7.288125,3,2,4.330363,5.372721,1.042358
g2412,g2412.mp3,8.881625,3,0,0.0,1.052063,1.052063
g2412,g2412.mp3,8.881625,3,1,3.295488,3.837982,0.542494
g2412,g2412.mp3,8.881625,3,2,5.28771,6.330431,1.042721
g2413,g2413.mp3,7.52325,3,0,0.0,1.050159,1.050159
g2413,g2413.mp3,7.52325,3,1,3.23873,3.753107,0.514376
g2413,g2413.mp3,7.52325,3,2,4.596417,5.636916,1.040499
g2414,g2414.mp3,7.732125,3,0,0.0,1.036054,1.036054
g2414,g2414.mp3,7.732125,3,1,3.257891,3.78034,0.522449
g2414,g2414.mp3,7.732125,3,2,4.729524,5.779093,1.049569
g2415,g2415.mp3,8.672625,3,0,0.0,1.059546,1.059546
g2415,g2415.mp3,8.672625,3,1,3.092562,3.628617,0.536054
g2415,g2415.mp3,8.672625,3,2,5.098458,6.12585,1.027392
g2416,g2416.mp3,7.68,3,0,0.0,1.038934,1.038934
g2416,g2416.mp3,7.68,3,1,3.055714,3.6222,0.566485
g2416,g2416.mp3,7.68,3,2,4.579887,5.635737,1.05585
g2417,g2417.mp3,8.0195,3,0,0.0,1.037732,1.037732
g2417,g2417.mp3,8.0195,3,1,3.224354,3.794059,0.569705
g2417,g2417.mp3,8.0195,3,2,4.85381,5.896689,1.04288
g2418,g2418.mp3,7.75825,3,0,0.0,1.070408,1.070408
g2418,g2418.mp3,7.75825,3,1,3.077211,3.599524,0.522313
g2418,g2418.mp3,7.75825,3,2,4.650317,5.713696,1.063379
g2419,g2419.mp3,7.888875,3,0,0.0,1.068322,1.068322
g2419,g2419.mp3,7.888875,3,1,3.173401,3.684467,0.511066
g2419,g2419.mp3,7.888875,3,2,4.646871,5.691066,1.044195
g2420,g2420.mp3,7.3665,3,0,0.0,1.038549,1.038549
g2420,g2420.mp3,7.3665,3,1,3.039796,3.545986,0.50619
g2420,g2420.mp3,7.3665,3,2,4.388141,5.391633,1.003492
g2421,g2421.mp3,7.3665,3,0,0.0,1.025828,1.025828
g2421,g2421.mp3,7.3665,3,1,3.250884,3.774649,0.523764
g2421,g2421.mp3,7.3665,3,2,4.505941,5.546349,1.040408
g2422,g2422.mp3,7.20975,3,0,0.0,1.081451,1.081451
g2422,g2422.mp3,7.20975,3,1,3.228617,3.744626,0.516009
g2422,g2422.mp3,7.20975,3,2,4.436145,5.461837,1.025692
g2423,g2423.mp3,7.915,3,0,0.0,1.074921,1.074921
g2423,g2423.mp3,7.915,3,1,3.298934,3.834127,0.535193
g2423,g2423.mp3,7.915,3,2,4.885601,5.898844,1.013243
g2424,g2424.mp3,7.5755,3,0,0.0,1.039342,1.039342
g2424,g2424.mp3,7.5755,3,1,3.315692,3.854603,0.538912
g2424,g2424.mp3,7.5755,3,2,4.651519,5.692517,1.040998
g2425,g2425.mp3,7.836625,3,0,0.0,1.070998,1.070998
g2425,g2425.mp3,7.836625,3,1,3.484036,4.027143,0.543107
g2425,g2425.mp3,7.836625,3,2,4.870181,5.941859,1.071678
g2426,g2426.mp3,7.888875,3,0,0.0,1.054399,1.054399
g2426,g2426.mp3,7.888875,3,1,3.37068,3.893968,0.523288
g2426,g2426.mp3,7.888875,3,2,4.852653,5.887574,1.034921
g2427,g2427.mp3,7.20975,3,0,0.0,1.061451,1.061451
g2427,g2427.mp3,7.20975,3,1,3.29907,3.789796,0.490726
g2427,g2427.mp3,7.20975,3,2,4.46458,5.497574,1.032993
g2428,g2428.mp3,7.392625,3,0,0.0,1.036327,1.036327
g2428,g2428.mp3,7.392625,3,1,3.151406,3.682222,0.530816
g2428,g2428.mp3,7.392625,3,2,4.492608,5.523855,1.031247
g2429,g2429.mp3,7.41875,3,0,0.0,1.056145,1.056145
g2429,g2429.mp3,7.41875,3,1,3.345488,3.867302,0.521814
g2429,g2429.mp3,7.41875,3,2,4.642018,5.673197,1.031179
g2430,g2430.mp3,6.89625,3,0,0.0,1.048844,1.048844
g2430,g2430.mp3,6.89625,3,1,2.9778,3.503696,0.525896
g2430,g2430.mp3,6.89625,3,2,4.149977,5.192041,1.042063
g2431,g2431.mp3,7.75825,3,0,0.0,1.047483,1.047483
g2431,g2431.mp3,7.75825,3,1,3.348299,3.883175,0.534875
g2431,g2431.mp3,7.75825,3,2,4.759955,5.80127,1.041315
g2432,g2432.mp3,7.96725,3,0,0.0,1.050181,1.050181
g2432,g2432.mp3,7.96725,3,1,3.324263,3.852404,0.528141
g2432,g2432.mp3,7.96725,3,2,4.882336,5.916735,1.034399
g2433,g2433.mp3,7.471,3,0,0.0,1.041111,1.041111
g2433,g2433.mp3,7.471,3,1,3.282154,3.818458,0.536304
g2433,g2433.mp3,7.471,3,2,4.572154,5.621633,1.049478
g2434,g2434.mp3,7.732125,3,0,0.0,1.025442,1.025442
g2434,g2434.mp3,7.732125,3,1,3.274127,3.790363,0.516236
g2434,g2434.mp3,7.732125,3,2,4.708299,5.759524,1.051224
g2435,g2435.mp3,7.8105,3,0,0.0,1.087415,1.087415
g2435,g2435.mp3,7.8105,3,1,3.360839,3.877256,0.516417
g2435,g2435.mp3,7.8105,3,2,4.795669,5.820816,1.025147
g2436,g2436.mp3,7.392625,3,0,0.0,1.065533,1.065533
g2436,g2436.mp3,7.392625,3,1,3.399365,3.912154,0.512789
g2436,g2436.mp3,7.392625,3,2,4.636327,5.690249,1.053923
g2437,g2437.mp3,7.836625,3,0,0.0,1.055261,1.055261
g2437,g2437.mp3,7.836625,3,1,3.270635,3.795692,0.525057
g2437,g2437.mp3,7.836625,3,2,4.760295,5.787937,1.027642
g2438,g2438.mp3,7.235875,3,0,0.0,1.036553,1.036553
g2438,g2438.mp3,7.235875,3,1,3.090091,3.598503,0.508413
g2438,g2438.mp3,7.235875,3,2,4.361406,5.425986,1.06458
g2439,g2439.mp3,7.52325,3,0,0.0,1.060408,1.060408
g2439,g2439.mp3,7.52325,3,1,3.197324,3.702381,0.505057
g2439,g2439.mp3,7.52325,3,2,4.554376,5.592789,1.038413
g2440,g2440.mp3,7.1575,3,0,0.0,1.044921,1.044921
g2440,g2440.mp3,7.1575,3,1,3.100612,3.634943,0.534331
g2440,g2440.mp3,7.1575,3,2,4.311111,5.347143,1.036032
g2441,g2441.mp3,7.915,3,0,0.0,1.049161,1.049161
g2441,g2441.mp3,7.915,3,1,3.279773,3.8039,0.524127
g2441,g2441.mp3,7.915,3,2,4.816213,5.845601,1.029388
g2443,g2443.mp3,7.131375,3,0,0.0,1.038503,1.038503
g2443,g2443.mp3,7.131375,3,1,3.659025,4.193583,0.534558
g2443,g2443.mp3,7.131375,3,2,4.619728,5.665964,1.046236
g2444,g2444.mp3,13.50525,6,0,0.0,1.067347,1.067347
g2444,g2444.mp3,13.50525,6,1,3.651746,4.177506,0.52576
g2444,g2444.mp3,13.50525,6,2,4.835261,5.882948,1.047687
g2444,g2444.mp3,13.50525,6,3,6.577234,7.614467,1.037234
g2444,g2444.mp3,13.50525,6,4,8.762585,9.807664,1.045079
g2444,g2444.mp3,13.50525,6,5,10.563741,11.624966,1.061224
g2445,g2445.mp3,7.497125,3,0,0.0,1.073379,1.073379
g2445,g2445.mp3,7.497125,3,1,3.662993,4.231474,0.568481
g2445,g2445.mp3,7.497125,3,2,4.788776,5.864966,1.07619
g2446,g2446.mp3,8.542,3,0,0.0,1.035782,1.035782
g2446,g2446.mp3,8.542,3,1,3.534921,4.136757,0.601837
g2446,g2446.mp3,8.542,3,2,5.330839,6.384762,1.053923
g2447,g2447.mp3,7.52325,3,0,0.0,1.035941,1.035941
g2447,g2447.mp3,7.52325,3,1,3.593719,4.116032,0.522313
g2447,g2447.mp3,7.52325,3,2,4.743356,5.808163,1.064807
g2448,g2448.mp3,7.00075,3,0,0.0,1.04161,1.04161
g2448,g2448.mp3,7.00075,3,1,3.365442,3.879184,0.513741
g2448,g2448.mp3,7.00075,3,2,4.388844,5.421837,1.032993
g2449,g2449.mp3,7.62775,3,0,0.0,1.05678,1.05678
g2449,g2449.mp3,7.62775,3,1,3.496803,4.072041,0.575238
g2449,g2449.mp3,7.62775,3,2,4.803878,5.838889,1.035011
g2450,g2450.mp3,7.601625,3,0,0.0,1.063515,1.063515
g2450,g2450.mp3,7.601625,3,1,3.327823,3.851519,0.523696
g2450,g2450.mp3,7.601625,3,2,4.639705,5.685896,1.04619
g2451,g2451.mp3,8.097875,3,0,0.0,1.031542,1.031542
g2451,g2451.mp3,8.097875,3,1,3.436803,3.985397,0.548594
g2451,g2451.mp3,8.097875,3,2,4.982177,6.030385,1.048209
g2452,g2452.mp3,8.124,3,0,0.0,1.048594,1.048594
g2452,g2452.mp3,8.124,3,1,3.535646,4.063968,0.528322
g2452,g2452.mp3,8.124,3,2,5.073356,6.112653,1.039297
g2453,g2453.mp3,8.124,3,0,0.0,1.065873,1.065873
g2453,g2453.mp3,8.124,3,1,3.513719,4.03932,0.525601
g2453,g2453.mp3,8.124,3,2,5.028866,6.0539,1.025034
g2454,g2454.mp3,8.07175,3,0,0.0,1.041247,1.041247
g2454,g2454.mp3,8.07175,3,1,3.375079,3.931043,0.555964
g2454,g2454.mp3,8.07175,3,2,4.958912,5.983764,1.024853
g2455,g2455.mp3,7.836625,3,0,0.0,1.047664,1.047664
g2455,g2455.mp3,7.836625,3,1,3.623333,4.148254,0.524921
g2455,g2455.mp3,7.836625,3,2,4.986463,6.02356,1.037098
g2456,g2456.mp3,7.444875,3,0,0.0,1.050227,1.050227
g2456,g2456.mp3,7.444875,3,1,3.470363,3.995782,0.52542
g2456,g2456.mp3,7.444875,3,2,4.666349,5.730522,1.064172
g2457,g2457.mp3,7.62775,3,0,0.0,1.043651,1.043651
g2457,g2457.mp3,7.62775,3,1,3.329025,3.866712,0.537687
g2457,g2457.mp3,7.62775,3,2,4.737914,5.750816,1.012902
g2458,g2458.mp3,7.836625,3,0,0.0,1.064717,1.064717
g2458,g2458.mp3,7.836625,3,1,3.288934,3.826712,0.537778
g2458,g2458.mp3,7.836625,3,2,4.843741,5.884671,1.04093
g2459,g2459.mp3,7.75825,3,0,0.0,1.02542,1.02542
g2459,g2459.mp3,7.75825,3,1,3.436236,3.9561,0.519864
g2459,g2459.mp3,7.75825,3,2,4.843129,5.862925,1.019796
g2460,g2460.mp3,7.131375,3,0,0.0,1.039274,1.039274
g2460,g2460.mp3,7.131375,3,1,3.083696,3.601361,0.517664
g2460,g2460.mp3,7.131375,3,2,4.313991,5.387415,1.073424
g2461,g2461.mp3,7.732125,3,0,0.0,1.045556,1.045556
g2461,g2461.mp3,7.732125,3,1,3.400794,3.911791,0.510998
g2461,g2461.mp3,7.732125,3,2,4.781837,5.811315,1.029478
g2462,g2462.mp3,7.262,3,0,0.0,1.03805,1.03805
g2462,g2462.mp3,7.262,3,1,3.438367,3.949524,0.511156
g2462,g2462.mp3,7.262,3,2,4.584626,5.597551,1.012925
g2463,g2463.mp3,7.471,3,0,0.0,1.034218,1.034218
g2463,g2463.mp3,7.471,3,1,3.596848,4.125011,0.528163
g2463,g2463.mp3,7.471,3,2,4.759342,5.799751,1.040408
g2464,g2464.mp3,7.5755,3,0,0.0,1.031837,1.031837
g2464,g2464.mp3,7.5755,3,1,3.531066,4.095986,0.564921
g2464,g2464.mp3,7.5755,3,2,4.87415,5.789524,0.915374
g2465,g2465.mp3,8.124,3,0,0.0,1.035215,1.035215
g2465,g2465.mp3,8.124,3,1,3.589819,4.103379,0.51356
g2465,g2465.mp3,8.124,3,2,5.044286,6.11746,1.073175
g2466,g2466.mp3,20.297125,9,0,0.0,1.02678,1.02678
g2466,g2466.mp3,20.297125,9,1,3.970408,4.495011,0.524603
g2466,g2466.mp3,20.297125,9,2,5.313787,6.338889,1.025102
g2466,g2466.mp3,20.297125,9,3,7.177166,8.216236,1.03907
g2466,g2466.mp3,20.297125,9,4,9.433084,10.465102,1.032018
g2466,g2466.mp3,20.297125,9,5,11.51195,12.569773,1.057823
g2466,g2466.mp3,20.297125,9,6,13.652721,14.6922,1.039478
g2466,g2466.mp3,20.297125,9,7,15.657007,16.703197,1.04619
g2466,g2466.mp3,20.297125,9,8,17.451361,18.491927,1.040567
g2467,g2467.mp3,7.262,3,0,0.0,1.045986,1.045986
g2467,g2467.mp3,7.262,3,1,3.634603,4.155374,0.520771
g2467,g2467.mp3,7.262,3,2,4.648844,5.679206,1.030363
g2468,g2468.mp3,12.22525,6,0,0.0,1.074807,1.074807
g2468,g2468.mp3,12.22525,6,1,3.47585,4.012063,0.536213
g2468,g2468.mp3,12.22525,6,2,4.481202,5.58254,1.101338
g2468,g2468.mp3,12.22525,6,3,6.043764,7.104263,1.060499
g2468,g2468.mp3,12.22525,6,4,8.149252,9.152381,1.003129
g2468,g2468.mp3,12.22525,6,5,9.632902,10.682336,1.049433
g2469,g2469.mp3,14.68075,6,0,0.0,1.077687,1.077687
g2469,g2469.mp3,14.68075,6,1,3.697506,4.285283,0.587778
g2469,g2469.mp3,14.68075,6,2,5.174104,6.237642,1.063537
g2469,g2469.mp3,14.68075,6,3,7.122608,8.204989,1.082381
g2469,g2469.mp3,14.68075,6,4,9.224898,10.323855,1.098957
g2469,g2469.mp3,14.68075,6,5,11.414286,12.515057,1.100771
g2470,g2470.mp3,7.5755,3,0,0.0,1.040159,1.040159
g2470,g2470.mp3,7.5755,3,1,3.643356,4.194694,0.551338
g2470,g2470.mp3,7.5755,3,2,4.813741,5.862177,1.048435
g2471,g2471.mp3,7.915,3,0,0.0,1.051905,1.051905
g2471,g2471.mp3,7.915,3,1,3.624467,4.140839,0.516372
g2471,g2471.mp3,7.915,3,2,4.991882,6.007937,1.016054
g2472,g2472.mp3,8.2285,3,0,0.0,1.032336,1.032336
g2472,g2472.mp3,8.2285,3,1,3.725397,4.262358,0.536961
g2472,g2472.mp3,8.2285,3,2,5.157075,6.196395,1.03932
g2473,g2473.mp3,8.463625,3,0,0.0,1.036644,1.036644
g2473,g2473.mp3,8.463625,3,1,3.860181,4.39068,0.530499
g2473,g2473.mp3,8.463625,3,2,5.383016,6.436395,1.053379
g2474,g2474.mp3,7.96725,3,0,0.0,1.041156,1.041156
g2474,g2474.mp3,7.96725,3,1,3.67458,4.195986,0.521406
g2474,g2474.mp3,7.96725,3,2,5.017324,6.042812,1.025488
g2475,g2475.mp3,8.4375,3,0,0.0,1.03576,1.03576
g2475,g2475.mp3,8.4375,3,1,3.559184,4.075782,0.516599
g2475,g2475.mp3,8.4375,3,2,5.224127,6.256009,1.031882
g2476,g2476.mp3,7.131375,3,0,0.0,1.040249,1.040249
g2476,g2476.mp3,7.131375,3,1,3.465488,3.964989,0.499501
g2476,g2476.mp3,7.131375,3,2,4.494172,5.526531,1.032358
g2477,g2477.mp3,7.75825,3,0,0.0,1.048118,1.048118
g2477,g2477.mp3,7.75825,3,1,3.63839,4.165329,0.526939
g2477,g2477.mp3,7.75825,3,2,4.919887,5.941202,1.021315
g2478,g2478.mp3,7.96725,3,0,0.0,1.048549,1.048549
g2478,g2478.mp3,7.96725,3,1,3.321859,3.85034,0.528481
g2478,g2478.mp3,7.96725,3,2,4.870159,5.920091,1.049932
g2479,g2479.mp3,7.784375,3,0,0.0,1.075624,1.075624
g2479,g2479.mp3,7.784375,3,1,3.597846,4.125601,0.527755
g2479,g2479.mp3,7.784375,3,2,4.921293,5.970522,1.049229
g2480,g2480.mp3,7.053,3,0,0.0,1.037778,1.037778
g2480,g2480.mp3,7.053,3,1,3.066871,3.599433,0.532562
g2480,g2480.mp3,7.053,3,2,4.283923,5.290567,1.006644
g2481,g2481.mp3,7.471,3,0,0.0,1.067211,1.067211
g2481,g2481.mp3,7.471,3,1,3.475397,4.017778,0.542381
g2481,g2481.mp3,7.471,3,2,4.685079,5.73254,1.04746
g2482,g2482.mp3,7.392625,3,0,0.0,1.038458,1.038458
g2482,g2482.mp3,7.392625,3,1,3.458707,3.989365,0.530658
g2482,g2482.mp3,7.392625,3,2,4.634308,5.681111,1.046803
g2483,g2483.mp3,8.07175,3,0,0.0,1.042336,1.042336
g2483,g2483.mp3,8.07175,3,1,3.4939,4.018005,0.524104
g2483,g2483.mp3,8.07175,3,2,4.996304,6.045147,1.048844
g2485,g2485.mp3,8.124,3,0,0.0,1.035556,1.035556
g2485,g2485.mp3,8.124,3,1,3.739093,4.327188,0.588095
g2485,g2485.mp3,8.124,3,2,5.173628,6.215986,1.042358
g2486,g2486.mp3,7.706,3,0,0.0,1.052472,1.052472
g2486,g2486.mp3,7.706,3,1,3.461542,3.984444,0.522902
g2486,g2486.mp3,7.706,3,2,4.813197,5.848526,1.035329
g2487,g2487.mp3,7.653875,3,0,0.0,1.04619,1.04619
g2487,g2487.mp3,7.653875,3,1,3.495624,4.013651,0.518027
g2487,g2487.mp3,7.653875,3,2,4.796961,5.854626,1.057664
g2489,g2489.mp3,7.836625,3,0,0.0,1.046395,1.046395
g2489,g2489.mp3,7.836625,3,1,3.774762,4.296576,0.521814
g2489,g2489.mp3,7.836625,3,2,5.000726,6.039615,1.038889
g2490,g2490.mp3,14.393375,6,0,0.0,1.056893,1.056893
g2490,g2490.mp3,14.393375,6,1,3.258662,3.851088,0.592426
g2490,g2490.mp3,14.393375,6,2,4.692744,5.786349,1.093605
g2490,g2490.mp3,14.393375,6,3,6.680794,7.809002,1.128209
g2490,g2490.mp3,14.393375,6,4,9.146599,10.219456,1.072857
g2490,g2490.mp3,14.393375,6,5,11.201474,12.318254,1.11678
g2491,g2491.mp3,8.411375,3,0,0.0,1.088209,1.088209
g2491,g2491.mp3,8.411375,3,1,3.877166,4.40678,0.529615
g2491,g2491.mp3,8.411375,3,2,5.342517,6.38458,1.042063
g2492,g2492.mp3,7.31425,3,0,0.0,1.037098,1.037098
g2492,g2492.mp3,7.31425,3,1,3.452336,3.992404,0.540068
g2492,g2492.mp3,7.31425,3,2,4.576281,5.628617,1.052336
g2493,g2493.mp3,7.941125,3,0,0.0,1.050295,1.050295
g2493,g2493.mp3,7.941125,3,1,3.685556,4.218639,0.533084
g2493,g2493.mp3,7.941125,3,2,5.039388,6.071451,1.032063
g2494,g2494.mp3,13.662,6,0,0.0,1.047029,1.047029
g2494,g2494.mp3,13.662,6,1,3.411905,4.003537,0.591633
g2494,g2494.mp3,13.662,6,2,4.755238,5.854331,1.099093
g2494,g2494.mp3,13.662,6,3,6.660454,7.725737,1.065283
g2494,g2494.mp3,13.662,6,4,8.774082,9.86127,1.087188
g2494,g2494.mp3,13.662,6,5,10.703197,11.762971,1.059773
g2495,g2495.mp3,7.888875,3,0,0.0,1.042698,1.042698
g2495,g2495.mp3,7.888875,3,1,3.597506,4.120363,0.522857
g2495,g2495.mp3,7.888875,3,2,4.944921,5.974717,1.029796
g2496,g2496.mp3,7.732125,3,0,0.0,1.053583,1.053583
g2496,g2496.mp3,7.732125,3,1,3.536508,4.060317,0.52381
g2496,g2496.mp3,7.732125,3,2,4.839841,5.88771,1.047868
g2497,g2497.mp3,13.949375,6,0,0.0,1.087098,1.087098
g2497,g2497.mp3,13.949375,6,1,3.507029,4.057256,0.550227
g2497,g2497.mp3,13.949375,6,2,4.822222,5.895397,1.073175
g2497,g2497.mp3,13.949375,6,3,6.71381,7.76356,1.049751
g2497,g2497.mp3,13.949375,6,4,9.029501,10.122789,1.093288
g2497,g2497.mp3,13.949375,6,5,10.965941,12.016259,1.050317
g2498,g2498.mp3,8.0195,3,0,0.0,1.088798,1.088798
g2498,g2498.mp3,8.0195,3,1,3.618685,4.192948,0.574263
g2498,g2498.mp3,8.0195,3,2,5.074127,6.111156,1.037029
g2499,g2499.mp3,7.471,3,0,0.0,1.038866,1.038866
g2499,g2499.mp3,7.471,3,1,3.478027,3.993084,0.515057
g2499,g2499.mp3,7.471,3,2,4.667619,5.70551,1.037891
g2500,g2500.mp3,7.52325,3,0,0.0,1.026621,1.026621
g2500,g2500.mp3,7.52325,3,1,3.228413,3.746712,0.518299
g2500,g2500.mp3,7.52325,3,2,4.591156,5.60356,1.012404
g2501,g2501.mp3,8.097875,4,0,0.0,1.062018,1.062018
g2501,g2501.mp3,8.097875,4,1,1.817528,1.948413,0.130884
g2501,g2501.mp3,8.097875,4,2,3.854127,4.394558,0.540431
g2501,g2501.mp3,8.097875,4,3,5.190454,6.259955,1.069501
g2502,g2502.mp3,7.653875,3,0,0.0,1.051066,1.051066
g2502,g2502.mp3,7.653875,3,1,3.172041,3.687687,0.515646
g2502,g2502.mp3,7.653875,3,2,4.641293,5.673968,1.032676
g2503,g2503.mp3,6.817875,3,0,0.0,1.05229,1.05229
g2503,g2503.mp3,6.817875,3,1,3.249456,3.763741,0.514286
g2503,g2503.mp3,6.817875,3,2,4.247506,5.284467,1.036961
g2504,g2504.mp3,6.844,3,0,0.0,1.036508,1.036508
g2504,g2504.mp3,6.844,3,1,3.291043,3.800907,0.509864
g2504,g2504.mp3,6.844,3,2,4.291701,5.31805,1.026349
g2505,g2505.mp3,7.026875,3,0,0.0,1.047211,1.047211
g2505,g2505.mp3,7.026875,3,1,3.275147,3.803243,0.528095
g2505,g2505.mp3,7.026875,3,2,4.349796,5.379002,1.029206
g2506,g2506.mp3,8.0195,3,0,0.0,1.042857,1.042857
g2506,g2506.mp3,8.0195,3,1,3.428889,3.941043,0.512154
g2506,g2506.mp3,8.0195,3,2,4.943447,5.983719,1.040272
g2507,g2507.mp3,7.20975,3,0,0.0,1.054785,1.054785
g2507,g2507.mp3,7.20975,3,1,3.160227,3.688141,0.527914
g2507,g2507.mp3,7.20975,3,2,4.433039,5.478481,1.045442
g2508,g2508.mp3,7.183625,3,0,0.0,1.052472,1.052472
g2508,g2508.mp3,7.183625,3,1,3.149841,3.686508,0.536667
g2508,g2508.mp3,7.183625,3,2,4.369161,5.406485,1.037324
g2509,g2509.mp3,14.654625,6,0,0.0,1.083492,1.083492
g2509,g2509.mp3,14.654625,6,1,3.238118,3.789887,0.551769
g2509,g2509.mp3,14.654625,6,2,4.546916,5.606508,1.059592
g2509,g2509.mp3,14.654625,6,3,6.384331,7.459955,1.075624
g2509,g2509.mp3,14.654625,6,4,9.929433,10.951406,1.021973
g2509,g2509.mp3,14.654625,6,5,11.750839,12.809456,1.058617
g2510,g2510.mp3,7.1575,3,0,0.0,1.040385,1.040385
g2510,g2510.mp3,7.1575,3,1,3.226281,3.752358,0.526077
g2510,g2510.mp3,7.1575,3,2,4.419546,5.447256,1.02771
g2511,g2511.mp3,7.549375,3,0,0.0,1.045329,1.045329
g2511,g2511.mp3,7.549375,3,1,3.284444,3.802789,0.518345
g2511,g2511.mp3,7.549375,3,2,4.647982,5.671587,1.023605
g2512,g2512.mp3,8.515875,3,0,0.0,1.042766,1.042766
g2512,g2512.mp3,8.515875,3,1,3.646825,4.163061,0.516236
g2512,g2512.mp3,8.515875,3,2,5.302336,6.355578,1.053243
g2513,g2513.mp3,8.2285,3,0,0.0,1.04127,1.04127
g2513,g2513.mp3,8.2285,3,1,3.792086,4.334671,0.542585
g2513,g2513.mp3,8.2285,3,2,5.226599,6.263175,1.036576
g2514,g2514.mp3,8.333,3,0,0.0,1.081406,1.081406
g2514,g2514.mp3,8.333,3,1,3.668209,4.213741,0.545533
g2514,g2514.mp3,8.333,3,2,5.226417,6.267551,1.041134
g2515,g2515.mp3,7.601625,3,0,0.0,1.03771,1.03771
g2515,g2515.mp3,7.601625,3,1,3.5661,4.082562,0.516463
g2515,g2515.mp3,7.601625,3,2,4.800023,5.828254,1.028231
g2516,g2516.mp3,7.75825,3,0,0.0,1.048934,1.048934
g2516,g2516.mp3,7.75825,3,1,3.541746,4.053039,0.511293
g2516,g2516.mp3,7.75825,3,2,4.819342,5.853129,1.033787
g2517,g2517.mp3,8.07175,3,0,0.0,1.049138,1.049138
g2517,g2517.mp3,8.07175,3,1,3.589138,4.122426,0.533288
g2517,g2517.mp3,8.07175,3,2,5.086032,6.124626,1.038594
g2518,g2518.mp3,7.31425,3,0,0.0,1.051769,1.051769
g2518,g2518.mp3,7.31425,3,1,3.472698,3.989252,0.516553
g2518,g2518.mp3,7.31425,3,2,4.611927,5.640136,1.028209
g2519,g2519.mp3,8.542,3,0,0.0,1.064807,1.064807
g2519,g2519.mp3,8.542,3,1,3.831701,4.367483,0.535782
g2519,g2519.mp3,8.542,3,2,5.436032,6.483583,1.047551
g2520,g2520.mp3,6.974625,3,0,0.0,1.059728,1.059728
g2520,g2520.mp3,6.974625,3,1,3.110317,3.643469,0.533152
g2520,g2520.mp3,6.974625,3,2,4.254943,5.310567,1.055624
g2521,g2521.mp3,7.262,3,0,0.0,1.0278,1.0278
g2521,g2521.mp3,7.262,3,1,3.513696,4.024649,0.510952
g2521,g2521.mp3,7.262,3,2,4.591315,5.641451,1.050136
g2522,g2522.mp3,8.724875,3,0,0.0,1.068277,1.068277
g2522,g2522.mp3,8.724875,3,1,3.60907,4.191905,0.582834
g2522,g2522.mp3,8.724875,3,2,5.458231,6.494512,1.036281
g2523,g2523.mp3,7.340375,3,0,0.0,1.041565,1.041565
g2523,g2523.mp3,7.340375,3,1,3.32424,3.859705,0.535465
g2523,g2523.mp3,7.340375,3,2,4.549955,5.583741,1.033787
g2524,g2524.mp3,7.497125,3,0,0.0,1.101655,1.101655
g2524,g2524.mp3,7.497125,3,1,3.487052,4.033787,0.546735
g2524,g2524.mp3,7.497125,3,2,4.7222,5.75449,1.03229
g2525,g2525.mp3,7.706,3,0,0.0,1.043175,1.043175
g2525,g2525.mp3,7.706,3,1,3.690023,4.218481,0.528458
g2525,g2525.mp3,7.706,3,2,4.911655,5.940408,1.028753
g2526,g2526.mp3,14.759125,6,0,0.0,1.07288,1.07288
g2526,g2526.mp3,14.759125,6,1,3.482562,4.022834,0.540272
g2526,g2526.mp3,14.759125,6,2,4.518957,5.611361,1.092404
g2526,g2526.mp3,14.759125,6,3,6.135283,7.181905,1.046621
g2526,g2526.mp3,14.759125,6,4,9.550703,10.620952,1.070249
g2526,g2526.mp3,14.759125,6,5,11.638299,12.707075,1.068776
g2527,g2527.mp3,7.497125,3,0,0.0,1.044195,1.044195
g2527,g2527.mp3,7.497125,3,1,3.724512,4.252789,0.528277
g2527,g2527.mp3,7.497125,3,2,4.834467,5.878526,1.044059
g2528,g2528.mp3,7.993375,3,0,0.0,1.120159,1.120159
g2528,g2528.mp3,7.993375,3,1,3.43102,4.13093,0.699909
g2528,g2528.mp3,7.993375,3,2,5.011859,6.070612,1.058753
g2529,g2529.mp3,8.045625,3,0,0.0,1.039615,1.039615
g2529,g2529.mp3,8.045625,3,1,3.863946,4.388549,0.524603
g2529,g2529.mp3,8.045625,3,2,5.171406,6.214694,1.043288
g2530,g2530.mp3,7.00075,3,0,0.0,1.051723,1.051723
g2530,g2530.mp3,7.00075,3,1,3.17415,3.717687,0.543537
g2530,g2530.mp3,7.00075,3,2,4.312585,5.357596,1.045011
g2531,g2531.mp3,7.601625,3,0,0.0,1.037551,1.037551
g2531,g2531.mp3,7.601625,3,1,3.525873,4.056939,0.531066
g2531,g2531.mp3,7.601625,3,2,4.780317,5.816871,1.036553
g2532,g2532.mp3,7.026875,3,0,0.0,1.046236,1.046236
g2532,g2532.mp3,7.026875,3,1,3.504127,4.066712,0.562585
g2532,g2532.mp3,7.026875,3,2,4.499955,5.538209,1.038254
g2533,g2533.mp3,7.86275,3,0,0.0,1.033175,1.033175
g2533,g2533.mp3,7.86275,3,1,3.717778,4.232653,0.514875
g2533,g2533.mp3,7.86275,3,2,5.025351,6.063537,1.038186
g2534,g2534.mp3,13.792625,6,0,0.0,1.093107,1.093107
g2534,g2534.mp3,13.792625,6,1,3.719342,4.255283,0.535941
g2534,g2534.mp3,13.792625,6,2,4.84,5.866939,1.026939
g2534,g2534.mp3,13.792625,6,3,6.479138,7.522358,1.04322
g2534,g2534.mp3,13.792625,6,4,9.82771,10.879161,1.051451
g2534,g2534.mp3,13.792625,6,5,11.299138,12.324263,1.025125
g2535,g2535.mp3,7.41875,3,0,0.0,1.04,1.04
g2535,g2535.mp3,7.41875,3,1,3.702698,4.211202,0.508503
g2535,g2535.mp3,7.41875,3,2,4.762971,5.81263,1.04966
g2536,g2536.mp3,13.81875,6,0,0.0,1.056576,1.056576
g2536,g2536.mp3,13.81875,6,1,3.668118,4.229705,0.561587
g2536,g2536.mp3,13.81875,6,2,4.854603,5.922653,1.06805
g2536,g2536.mp3,13.81875,6,3,6.614739,7.652653,1.037914
g2536,g2536.mp3,13.81875,6,4,8.893741,9.991224,1.097483
g2536,g2536.mp3,13.81875,6,5,10.761701,11.867914,1.106213
g2537,g2537.mp3,7.941125,3,0,0.0,1.04424,1.04424
g2537,g2537.mp3,7.941125,3,1,3.827619,4.391565,0.563946
g2537,g2537.mp3,7.941125,3,2,5.140975,6.163991,1.023016
g2538,g2538.mp3,7.836625,3,0,0.0,1.041973,1.041973
g2538,g2538.mp3,7.836625,3,1,3.423787,3.96415,0.540363
g2538,g2538.mp3,7.836625,3,2,4.840794,5.889093,1.048299
g2539,g2539.mp3,7.41875,3,0,0.0,1.071383,1.071383
g2539,g2539.mp3,7.41875,3,1,3.695329,4.254898,0.559569
g2539,g2539.mp3,7.41875,3,2,4.802925,5.839252,1.036327
g2540,g2540.mp3,7.31425,3,0,0.0,1.044444,1.044444
g2540,g2540.mp3,7.31425,3,1,3.196576,3.720204,0.523628
g2540,g2540.mp3,7.31425,3,2,4.470227,5.511723,1.041497
g2541,g2541.mp3,7.444875,3,0,0.0,1.064671,1.064671
g2541,g2541.mp3,7.444875,3,1,3.554558,4.125442,0.570884
g2541,g2541.mp3,7.444875,3,2,4.760771,5.788481,1.02771
g2542,g2542.mp3,8.0195,3,0,0.0,1.081723,1.081723
g2542,g2542.mp3,8.0195,3,1,3.681451,4.243583,0.562132
g2542,g2542.mp3,8.0195,3,2,5.0339,6.111361,1.07746
g2543,g2543.mp3,7.497125,3,0,0.0,1.048571,1.048571
g2543,g2543.mp3,7.497125,3,1,3.708685,4.264785,0.5561
g2543,g2543.mp3,7.497125,3,2,4.863356,5.892132,1.028776
g2544,g2544.mp3,14.001625,6,0,0.0,1.054331,1.054331
g2544,g2544.mp3,14.001625,6,1,3.638254,4.215805,0.577551
g2544,g2544.mp3,14.001625,6,2,4.841406,5.923197,1.081791
g2544,g2544.mp3,14.001625,6,3,6.538844,7.651565,1.112721
g2544,g2544.mp3,14.001625,6,4,9.882109,10.958753,1.076644
g2544,g2544.mp3,14.001625,6,5,11.369274,12.44483,1.075556
g2545,g2545.mp3,7.288125,3,0,0.0,1.0461,1.0461
g2545,g2545.mp3,7.288125,3,1,3.736395,4.276054,0.53966
g2545,g2545.mp3,7.288125,3,2,4.709705,5.758073,1.048367
g2546,g2546.mp3,7.732125,3,0,0.0,1.040023,1.040023
g2546,g2546.mp3,7.732125,3,1,3.867891,4.38424,0.516349
g2546,g2546.mp3,7.732125,3,2,4.994943,6.043129,1.048186
g2547,g2547.mp3,7.732125,3,0,0.0,1.050658,1.050658
g2547,g2547.mp3,7.732125,3,1,3.830658,4.341565,0.510907
g2547,g2547.mp3,7.732125,3,2,4.995533,6.039184,1.043651
g2548,g2548.mp3,7.5755,3,0,0.0,1.040748,1.040748
g2548,g2548.mp3,7.5755,3,1,3.229524,3.767959,0.538435
g2548,g2548.mp3,7.5755,3,2,4.585057,5.632517,1.04746
g2549,g2549.mp3,7.079125,3,0,0.0,1.026054,1.026054
g2549,g2549.mp3,7.079125,3,1,3.29907,3.838753,0.539683
g2549,g2549.mp3,7.079125,3,2,4.390204,5.415351,1.025147
g2550,g2550.mp3,7.52325,3,0,0.0,1.045873,1.045873
g2550,g2550.mp3,7.52325,3,1,3.098685,3.629615,0.53093
g2550,g2550.mp3,7.52325,3,2,4.529478,5.548503,1.019025
g2551,g2551.mp3,7.8105,3,0,0.0,1.034127,1.034127
g2551,g2551.mp3,7.8105,3,1,3.42678,3.948617,0.521837
g2551,g2551.mp3,7.8105,3,2,4.829524,5.876848,1.047324
g2552,g2552.mp3,7.8105,3,0,0.0,1.042358,1.042358
g2552,g2552.mp3,7.8105,3,1,3.309773,3.833333,0.52356
g2552,g2552.mp3,7.8105,3,2,4.762562,5.805125,1.042562
g2553,g2553.mp3,7.75825,3,0,0.0,1.042222,1.042222
g2553,g2553.mp3,7.75825,3,1,3.309569,3.833175,0.523605
g2553,g2553.mp3,7.75825,3,2,4.758866,5.816304,1.057438
g2554,g2554.mp3,7.941125,3,0,0.0,1.042268,1.042268
g2554,g2554.mp3,7.941125,3,1,3.503991,4.034444,0.530454
g2554,g2554.mp3,7.941125,3,2,4.962653,5.989025,1.026372
g2555,g2555.mp3,7.993375,3,0,0.0,1.042517,1.042517
g2555,g2555.mp3,7.993375,3,1,3.329955,3.871066,0.541111
g2555,g2555.mp3,7.993375,3,2,4.895986,5.930975,1.034989
g2556,g2556.mp3,7.41875,3,0,0.0,1.028231,1.028231
g2556,g2556.mp3,7.41875,3,1,3.431066,3.969093,0.538027
g2556,g2556.mp3,7.41875,3,2,4.648776,5.676009,1.027234
g2557,g2557.mp3,7.68,3,0,0.0,1.044444,1.044444
g2557,g2557.mp3,7.68,3,1,3.319365,3.840204,0.520839
g2557,g2557.mp3,7.68,3,2,4.724671,5.74288,1.018209
g2558,g2558.mp3,7.497125,3,0,0.0,1.040975,1.040975
g2558,g2558.mp3,7.497125,3,1,3.282336,3.817506,0.53517
g2558,g2558.mp3,7.497125,3,2,4.594921,5.626236,1.031315
g2559,g2559.mp3,7.131375,3,0,0.0,1.052358,1.052358
g2559,g2559.mp3,7.131375,3,1,3.353968,3.877823,0.523855
g2559,g2559.mp3,7.131375,3,2,4.471655,5.497098,1.025442
g2560,g2560.mp3,7.10525,3,0,0.0,1.050113,1.050113
g2560,g2560.mp3,7.10525,3,1,3.127664,3.655601,0.527937
g2560,g2560.mp3,7.10525,3,2,4.331315,5.380476,1.049161
g2561,g2561.mp3,7.392625,3,0,0.0,1.0322,1.0322
g2561,g2561.mp3,7.392625,3,1,3.328912,3.85678,0.527868
g2561,g2561.mp3,7.392625,3,2,4.601247,5.624898,1.023651
g2562,g2562.mp3,7.1575,3,0,0.0,1.047778,1.047778
g2562,g2562.mp3,7.1575,3,1,3.396236,3.948186,0.55195
g2562,g2562.mp3,7.1575,3,2,4.504785,5.536848,1.032063
g2563,g2563.mp3,7.288125,3,0,0.0,1.055397,1.055397
g2563,g2563.mp3,7.288125,3,1,3.230567,3.777052,0.546485
g2563,g2563.mp3,7.288125,3,2,4.479456,5.524966,1.04551
g2564,g2564.mp3,7.079125,3,0,0.0,1.028458,1.028458
g2564,g2564.mp3,7.079125,3,1,3.322041,3.847778,0.525737
g2564,g2564.mp3,7.079125,3,2,4.411542,5.449977,1.038435
g2565,g2565.mp3,7.62775,3,0,0.0,1.077415,1.077415
g2565,g2565.mp3,7.62775,3,1,3.052857,3.586213,0.533356
g2565,g2565.mp3,7.62775,3,2,4.603107,5.637937,1.03483
g2566,g2566.mp3,18.6775,9,0,0.0,1.060181,1.060181
g2566,g2566.mp3,18.6775,9,1,3.557664,4.102132,0.544467
g2566,g2566.mp3,18.6775,9,2,4.751905,5.808458,1.056553
g2566,g2566.mp3,18.6775,9,3,6.384694,7.424649,1.039955
g2566,g2566.mp3,18.6775,9,4,8.661633,9.710068,1.048435
g2566,g2566.mp3,18.6775,9,5,10.382902,11.419206,1.036304
g2566,g2566.mp3,18.6775,9,6,12.033764,13.130317,1.096553
g2566,g2566.mp3,18.6775,9,7,14.150295,15.19551,1.045215
g2566,g2566.mp3,18.6775,9,8,15.918458,16.904014,0.985556
g2567,g2567.mp3,8.463625,3,0,0.0,1.040476,1.040476
g2567,g2567.mp3,8.463625,3,1,3.46161,3.971723,0.510113
g2567,g2567.mp3,8.463625,3,2,5.238367,6.186984,0.948617
g2568,g2568.mp3,8.568125,3,0,0.0,1.042721,1.042721
g2568,g2568.mp3,8.568125,3,1,3.235828,3.781043,0.545215
g2568,g2568.mp3,8.568125,3,2,5.090227,6.130181,1.039955
g2569,g2569.mp3,7.993375,3,0,0.0,1.041247,1.041247
g2569,g2569.mp3,7.993375,3,1,3.70068,4.214898,0.514218
g2569,g2569.mp3,7.993375,3,2,5.069615,6.09941,1.029796
g2570,g2570.mp3,7.262,3,0,0.0,1.037324,1.037324
g2570,g2570.mp3,7.262,3,1,3.302698,3.826281,0.523583
g2570,g2570.mp3,7.262,3,2,4.505374,5.535669,1.030295
g2571,g2571.mp3,7.235875,3,0,0.0,1.051633,1.051633
g2571,g2571.mp3,7.235875,3,1,3.51966,4.028798,0.509138
g2571,g2571.mp3,7.235875,3,2,4.560884,5.604444,1.04356
g2572,g2572.mp3,7.732125,3,0,0.0,1.062472,1.062472
g2572,g2572.mp3,7.732125,3,1,3.746077,4.308866,0.562789
g2572,g2572.mp3,7.732125,3,2,4.943265,5.992993,1.049728
g2573,g2573.mp3,7.75825,3,0,0.0,1.03576,1.03576
g2573,g2573.mp3,7.75825,3,1,3.69458,4.251202,0.556621
g2573,g2573.mp3,7.75825,3,2,4.992268,6.020159,1.027891
g2574,g2574.mp3,7.653875,3,0,0.0,1.048889,1.048889
g2574,g2574.mp3,7.653875,3,1,3.639388,4.156417,0.517029
g2574,g2574.mp3,7.653875,3,2,4.891633,5.849728,0.958095
g2575,g2575.mp3,7.888875,3,0,0.0,1.048685,1.048685
g2575,g2575.mp3,7.888875,3,1,3.797506,4.304512,0.507007
g2575,g2575.mp3,7.888875,3,2,5.062449,6.103719,1.04127
g2576,g2576.mp3,7.444875,3,0,0.0,1.040975,1.040975
g2576,g2576.mp3,7.444875,3,1,3.825306,4.352608,0.527302
g2576,g2576.mp3,7.444875,3,2,4.869025,5.915805,1.04678
g2577,g2577.mp3,7.288125,3,0,0.0,1.037891,1.037891
g2577,g2577.mp3,7.288125,3,1,3.774467,4.294308,0.519841
g2577,g2577.mp3,7.288125,3,2,4.732925,5.770113,1.037188
g2578,g2578.mp3,7.471,3,0,0.0,1.04873,1.04873
g2578,g2578.mp3,7.471,3,1,3.720272,4.281791,0.561519
g2578,g2578.mp3,7.471,3,2,4.840454,5.867415,1.026961
g2579,g2579.mp3,12.617125,6,0,0.0,1.025057,1.025057
g2579,g2579.mp3,12.617125,6,1,4.120454,5.120499,1.000045
g2579,g2579.mp3,12.617125,6,2,5.651519,6.651406,0.999887
g2579,g2579.mp3,12.617125,6,3,7.246395,7.745805,0.49941
g2579,g2579.mp3,12.617125,6,4,9.028594,10.028571,0.999977
g2579,g2579.mp3,12.617125,6,5,10.787483,11.787483,1.0
g2580,g2580.mp3,7.183625,3,0,0.0,1.045918,1.045918
g2580,g2580.mp3,7.183625,3,1,3.560181,4.086281,0.5261
g2580,g2580.mp3,7.183625,3,2,4.594399,5.633991,1.039592
g2581,g2581.mp3,15.151,6,0,0.0,1.064082,1.064082
g2581,g2581.mp3,15.151,6,1,3.796145,4.388957,0.592812
g2581,g2581.mp3,15.151,6,2,5.352381,6.425351,1.072971
g2581,g2581.mp3,15.151,6,3,7.402676,8.495692,1.093016
g2581,g2581.mp3,15.151,6,4,9.915964,11.009524,1.09356
g2581,g2581.mp3,15.151,6,5,12.049569,13.09932,1.049751
g2582,g2582.mp3,7.732125,3,0,0.0,1.045351,1.045351
g2582,g2582.mp3,7.732125,3,1,3.762313,4.310794,0.548481
g2582,g2582.mp3,7.732125,3,2,4.992585,6.024717,1.032132
g2583,g2583.mp3,7.706,3,0,0.0,1.057846,1.057846
g2583,g2583.mp3,7.706,3,1,3.65678,4.191995,0.535215
g2583,g2583.mp3,7.706,3,2,4.881633,5.927052,1.04542
g2584,g2584.mp3,8.515875,3,0,0.0,1.055669,1.055669
g2584,g2584.mp3,8.515875,3,1,3.568549,4.134626,0.566077
g2584,g2584.mp3,8.515875,3,2,5.269388,6.287188,1.0178
g2585,g2585.mp3,7.941125,3,0,0.0,1.060839,1.060839
g2585,g2585.mp3,7.941125,3,1,3.835986,4.349388,0.513401
g2585,g2585.mp3,7.941125,3,2,5.127211,6.159955,1.032744
g2586,g2586.mp3,7.706,3,0,0.0,1.037143,1.037143
g2586,g2586.mp3,7.706,3,1,3.577166,4.101043,0.523878
g2586,g2586.mp3,7.706,3,2,4.88551,5.92483,1.03932
g2587,g2587.mp3,8.045625,3,0,0.0,1.035011,1.035011
g2587,g2587.mp3,8.045625,3,1,3.69381,4.206893,0.513084
g2587,g2587.mp3,8.045625,3,2,5.120272,6.139977,1.019705
g2588,g2588.mp3,7.497125,3,0,0.0,1.053923,1.053923
g2588,g2588.mp3,7.497125,3,1,3.510794,4.0339,0.523107
g2588,g2588.mp3,7.497125,3,2,4.726825,5.745941,1.019116
g2589,g2589.mp3,8.80325,3,0,0.0,1.075782,1.075782
g2589,g2589.mp3,8.80325,3,1,3.758231,4.286168,0.527937
g2589,g2589.mp3,8.80325,3,2,5.471927,6.499819,1.027891
g2590,g2590.mp3,7.340375,3,0,0.0,1.079365,1.079365
g2590,g2590.mp3,7.340375,3,1,3.179841,3.704059,0.524218
g2590,g2590.mp3,7.340375,3,2,4.500113,5.520726,1.020612
g2591,g2591.mp3,7.732125,3,0,0.0,1.038594,1.038594
g2591,g2591.mp3,7.732125,3,1,3.533628,4.060136,0.526508
g2591,g2591.mp3,7.732125,3,2,4.859864,5.901565,1.041701
g2592,g2592.mp3,8.045625,3,0,0.0,1.056213,1.056213
g2592,g2592.mp3,8.045625,3,1,3.406213,3.946735,0.540522
g2592,g2592.mp3,8.045625,3,2,4.991927,6.01195,1.020023
g2593,g2593.mp3,8.411375,3,0,0.0,1.060884,1.060884
g2593,g2593.mp3,8.411375,3,1,3.568866,4.122676,0.55381
g2593,g2593.mp3,8.411375,3,2,5.225329,6.255351,1.030023
g2594,g2594.mp3,7.993375,3,0,0.0,1.039252,1.039252
g2594,g2594.mp3,7.993375,3,1,3.531179,4.036304,0.505125
g2594,g2594.mp3,7.993375,3,2,4.959161,5.984626,1.025465
g2595,g2595.mp3,7.601625,3,0,0.0,1.046735,1.046735
g2595,g2595.mp3,7.601625,3,1,3.492494,4.009864,0.51737
g2595,g2595.mp3,7.601625,3,2,4.796735,5.818639,1.021905
g2596,g2596.mp3,7.235875,3,0,0.0,1.038367,1.038367
g2596,g2596.mp3,7.235875,3,1,3.609478,4.148186,0.538707
g2596,g2596.mp3,7.235875,3,2,4.643832,5.664059,1.020227
g2597,g2597.mp3,7.888875,3,0,0.0,1.053878,1.053878
g2597,g2597.mp3,7.888875,3,1,3.628118,4.156009,0.527891
g2597,g2597.mp3,7.888875,3,2,4.967211,6.013492,1.046281
g2598,g2598.mp3,7.52325,3,0,0.0,1.031066,1.031066
g2598,g2598.mp3,7.52325,3,1,3.380476,3.916871,0.536395
g2598,g2598.mp3,7.52325,3,2,4.642472,5.667778,1.025306
g2599,g2599.mp3,7.96725,3,0,0.0,1.026576,1.026576
g2599,g2599.mp3,7.96725,3,1,3.645283,4.16585,0.520567
g2599,g2599.mp3,7.96725,3,2,5.06161,6.081746,1.020136
g2600,g2600.mp3,7.549375,3,0,0.0,1.03127,1.03127
g2600,g2600.mp3,7.549375,3,1,3.2178,3.72576,0.507959
g2600,g2600.mp3,7.549375,3,2,4.593673,5.643492,1.049819
g2601,g2601.mp3,8.07175,3,0,0.0,1.05483,1.05483
g2601,g2601.mp3,8.07175,3,1,3.509524,4.030431,0.520907
g2601,g2601.mp3,8.07175,3,2,5.005805,6.028322,1.022517
g2602,g2602.mp3,7.52325,3,0,0.0,1.042381,1.042381
g2602,g2602.mp3,7.52325,3,1,3.402449,3.911587,0.509138
g2602,g2602.mp3,7.52325,3,2,4.692585,5.725896,1.033311
g2603,g2603.mp3,7.96725,3,0,0.0,1.047007,1.047007
g2603,g2603.mp3,7.96725,3,1,3.516259,4.10898,0.592721
g2603,g2603.mp3,7.96725,3,2,4.993628,6.03771,1.044082
g2604,g2604.mp3,7.96725,3,0,0.0,1.072426,1.072426
g2604,g2604.mp3,7.96725,3,1,3.360998,3.878118,0.51712
g2604,g2604.mp3,7.96725,3,2,4.914172,5.947823,1.033651
g2605,g2605.mp3,7.497125,3,0,0.0,1.034376,1.034376
g2605,g2605.mp3,7.497125,3,1,3.368435,3.87805,0.509615
g2605,g2605.mp3,7.497125,3,2,4.649048,5.688594,1.039546
g2606,g2606.mp3,7.732125,3,0,0.0,1.049116,1.049116
g2606,g2606.mp3,7.732125,3,1,3.327891,3.851315,0.523424
g2606,g2606.mp3,7.732125,3,2,4.724649,5.797755,1.073107
g2607,g2607.mp3,7.75825,3,0,0.0,1.033605,1.033605
g2607,g2607.mp3,7.75825,3,1,3.284172,3.804104,0.519932
g2607,g2607.mp3,7.75825,3,2,4.748254,5.779773,1.031519
g2608,g2608.mp3,7.079125,3,0,0.0,1.080839,1.080839
g2608,g2608.mp3,7.079125,3,1,3.100499,3.67576,0.575261
g2608,g2608.mp3,7.079125,3,2,4.308549,5.380317,1.071769
g2609,g2609.mp3,7.1575,3,0,0.0,1.044172,1.044172
g2609,g2609.mp3,7.1575,3,1,3.310884,3.85415,0.543265
g2609,g2609.mp3,7.1575,3,2,4.418073,5.462222,1.04415
g2610,g2610.mp3,8.097875,3,0,0.0,1.064127,1.064127
g2610,g2610.mp3,8.097875,3,1,3.201837,3.75449,0.552653
g2610,g2610.mp3,8.097875,3,2,4.878027,5.896803,1.018776
g2611,g2611.mp3,7.262,3,0,0.0,1.040068,1.040068
g2611,g2611.mp3,7.262,3,1,3.181655,3.699569,0.517914
g2611,g2611.mp3,7.262,3,2,4.447392,5.479501,1.032109
g2612,g2612.mp3,7.5755,3,0,0.0,1.049977,1.049977
g2612,g2612.mp3,7.5755,3,1,3.100181,3.626304,0.526122
g2612,g2612.mp3,7.5755,3,2,4.561542,5.594308,1.032766
g2613,g2613.mp3,8.045625,3,0,0.0,1.03483,1.03483
g2613,g2613.mp3,8.045625,3,1,3.412018,3.958844,0.546825
g2613,g2613.mp3,8.045625,3,2,4.967755,5.990975,1.02322
g2614,g2614.mp3,7.941125,3,0,0.0,1.049932,1.049932
g2614,g2614.mp3,7.941125,3,1,3.532744,4.07161,0.538866
g2614,g2614.mp3,7.941125,3,2,4.931655,5.978549,1.046893
g2615,g2615.mp3,7.915,3,0,0.0,1.042086,1.042086
g2615,g2615.mp3,7.915,3,1,3.39254,4.061655,0.669116
g2615,g2615.mp3,7.915,3,2,4.941293,5.975102,1.03381
g2616,g2616.mp3,8.0195,3,0,0.0,1.088118,1.088118
g2616,g2616.mp3,8.0195,3,1,3.241746,3.790748,0.549002
g2616,g2616.mp3,8.0195,3,2,4.866395,5.901769,1.035374
g2617,g2617.mp3,7.86275,3,0,0.0,1.043175,1.043175
g2617,g2617.mp3,7.86275,3,1,3.509342,4.044921,0.535578
g2617,g2617.mp3,7.86275,3,2,4.902517,5.943696,1.041179
g2618,g2618.mp3,7.706,3,0,0.0,1.04576,1.04576
g2618,g2618.mp3,7.706,3,1,3.321406,3.873673,0.552268
g2618,g2618.mp3,7.706,3,2,4.697188,5.778639,1.081451
g2619,g2619.mp3,7.96725,3,0,0.0,1.048503,1.048503
g2619,g2619.mp3,7.96725,3,1,3.503741,4.059637,0.555896
g2619,g2619.mp3,7.96725,3,2,4.970816,6.011678,1.040862
g2620,g2620.mp3,8.306875,3,0,0.0,1.047279,1.047279
g2620,g2620.mp3,8.306875,3,1,3.227143,3.916304,0.689161
g2620,g2620.mp3,8.306875,3,2,5.033991,6.070023,1.036032
g2621,g2621.mp3,7.653875,3,0,0.0,1.08322,1.08322
g2621,g2621.mp3,7.653875,3,1,3.609501,4.1539,0.544399
g2621,g2621.mp3,7.653875,3,2,4.866395,5.897642,1.031247
g2622,g2622.mp3,7.8105,3,0,0.0,1.032834,1.032834
g2622,g2622.mp3,7.8105,3,1,3.509297,4.054853,0.545556
g2622,g2622.mp3,7.8105,3,2,4.879501,5.894331,1.01483
g2623,g2623.mp3,7.8105,3,0,0.0,1.054308,1.054308
g2623,g2623.mp3,7.8105,3,1,3.528934,4.039048,0.510113
g2623,g2623.mp3,7.8105,3,2,4.857778,5.932245,1.074467
g2624,g2624.mp3,8.829375,3,0,0.0,1.030839,1.030839
g2624,g2624.mp3,8.829375,3,1,3.479887,4.093673,0.613787
g2624,g2624.mp3,8.829375,3,2,5.459116,6.508503,1.049388
g2625,g2625.mp3,7.732125,3,0,0.0,1.043492,1.043492
g2625,g2625.mp3,7.732125,3,1,3.507982,4.024422,0.51644
g2625,g2625.mp3,7.732125,3,2,4.829615,5.873787,1.044172
g2626,g2626.mp3,7.836625,3,0,0.0,1.037823,1.037823
g2626,g2626.mp3,7.836625,3,1,3.452018,3.985125,0.533107
g2626,g2626.mp3,7.836625,3,2,4.901247,5.925782,1.024535
g2627,g2627.mp3,8.4375,3,0,0.0,1.073039,1.073039
g2627,g2627.mp3,8.4375,3,1,3.550136,4.076395,0.526259
g2627,g2627.mp3,8.4375,3,2,5.208413,6.247778,1.039365
g2628,g2628.mp3,8.2285,3,0,0.0,1.082154,1.082154
g2628,g2628.mp3,8.2285,3,1,3.496349,4.031633,0.535283
g2628,g2628.mp3,8.2285,3,2,5.093787,6.136757,1.042971
g2629,g2629.mp3,7.8105,3,0,0.0,1.039796,1.039796
g2629,g2629.mp3,7.8105,3,1,3.604558,4.134195,0.529637
g2629,g2629.mp3,7.8105,3,2,4.923855,5.954127,1.030272
g2630,g2630.mp3,8.2285,3,0,0.0,1.028027,1.028027
g2630,g2630.mp3,8.2285,3,1,3.26576,3.878435,0.612676
g2630,g2630.mp3,8.2285,3,2,5.016122,6.050249,1.034127
g2631,g2631.mp3,7.52325,3,0,0.0,1.038866,1.038866
g2631,g2631.mp3,7.52325,3,1,3.421769,3.937188,0.51542
g2631,g2631.mp3,7.52325,3,2,4.663537,5.700748,1.037211
g2632,g2632.mp3,7.5755,3,0,0.0,1.044422,1.044422
g2632,g2632.mp3,7.5755,3,1,3.414558,3.929887,0.515329
g2632,g2632.mp3,7.5755,3,2,4.689138,5.719229,1.030091
g2633,g2633.mp3,8.359125,3,0,0.0,1.044331,1.044331
g2633,g2633.mp3,8.359125,3,1,3.459025,4.010272,0.551247
g2633,g2633.mp3,8.359125,3,2,5.108889,6.13381,1.024921
g2634,g2634.mp3,8.202375,3,0,0.0,1.06161,1.06161
g2634,g2634.mp3,8.202375,3,1,3.40712,4.018798,0.611678
g2634,g2634.mp3,8.202375,3,2,5.120068,6.166848,1.04678
g2635,g2635.mp3,7.941125,3,0,0.0,1.033424,1.033424
g2635,g2635.mp3,7.941125,3,1,3.540658,4.05873,0.518073
g2635,g2635.mp3,7.941125,3,2,4.973424,6.015714,1.04229
g2636,g2636.mp3,8.38525,3,0,0.0,1.063129,1.063129
g2636,g2636.mp3,8.38525,3,1,3.80458,4.368367,0.563787
g2636,g2636.mp3,8.38525,3,2,5.33483,6.368141,1.033311
g2637,g2637.mp3,7.96725,3,0,0.0,1.036644,1.036644
g2637,g2637.mp3,7.96725,3,1,3.494308,4.00102,0.506712
g2637,g2637.mp3,7.96725,3,2,4.935556,5.962857,1.027302
g2638,g2638.mp3,7.75825,3,0,0.0,1.034444,1.034444
g2638,g2638.mp3,7.75825,3,1,3.230839,3.765102,0.534263
g2638,g2638.mp3,7.75825,3,2,4.703673,5.730771,1.027098
g2639,g2639.mp3,7.706,3,0,0.0,1.05619,1.05619
g2639,g2639.mp3,7.706,3,1,3.542222,4.075079,0.532857
g2639,g2639.mp3,7.706,3,2,4.834331,5.87068,1.036349
g2640,g2640.mp3,12.9305,6,0,0.0,1.10161,1.10161
g2640,g2640.mp3,12.9305,6,1,3.188753,3.704104,0.515351
g2640,g2640.mp3,12.9305,6,2,4.383288,5.401837,1.018549
g2640,g2640.mp3,12.9305,6,3,6.10381,7.188322,1.084512
g2640,g2640.mp3,12.9305,6,4,8.265488,9.328912,1.063424
g2640,g2640.mp3,12.9305,6,5,10.055646,11.118073,1.062426
g2641,g2641.mp3,7.8105,3,0,0.0,1.083673,1.083673
g2641,g2641.mp3,7.8105,3,1,3.631156,4.157324,0.526168
g2641,g2641.mp3,7.8105,3,2,4.939365,5.993265,1.0539
g2642,g2642.mp3,8.333,3,0,0.0,1.078458,1.078458
g2642,g2642.mp3,8.333,3,1,3.641791,4.189501,0.54771
g2642,g2642.mp3,8.333,3,2,5.213333,6.262132,1.048798
g2643,g2643.mp3,7.915,3,0,0.0,1.048798,1.048798
g2643,g2643.mp3,7.915,3,1,3.669887,4.195556,0.525669
g2643,g2643.mp3,7.915,3,2,5.000499,6.03771,1.037211
g2644,g2644.mp3,7.8105,3,0,0.0,1.034875,1.034875
g2644,g2644.mp3,7.8105,3,1,3.546009,4.089932,0.543923
g2644,g2644.mp3,7.8105,3,2,4.909274,5.945488,1.036213
g2645,g2645.mp3,8.254625,3,0,0.0,1.046054,1.046054
g2645,g2645.mp3,8.254625,3,1,3.594444,4.131542,0.537098
g2645,g2645.mp3,8.254625,3,2,5.167732,6.254467,1.086735
g2646,g2646.mp3,7.601625,3,0,0.0,1.066122,1.066122
g2646,g2646.mp3,7.601625,3,1,3.608345,4.127483,0.519138
g2646,g2646.mp3,7.601625,3,2,4.786757,5.82542,1.038662
g2647,g2647.mp3,7.52325,3,0,0.0,1.087868,1.087868
g2647,g2647.mp3,7.52325,3,1,3.575964,4.096735,0.520771
g2647,g2647.mp3,7.52325,3,2,4.768776,5.820907,1.052132
g2648,g2648.mp3,7.732125,3,0,0.0,1.048866,1.048866
g2648,g2648.mp3,7.732125,3,1,3.342585,3.853855,0.51127
g2648,g2648.mp3,7.732125,3,2,4.750249,5.792789,1.04254
g2649,g2649.mp3,9.03825,3,0,0.0,1.059025,1.059025
g2649,g2649.mp3,9.03825,3,1,3.74551,4.349025,0.603515
g2649,g2649.mp3,9.03825,3,2,5.642812,6.696032,1.05322
g2650,g2650.mp3,7.262,3,0,0.0,1.051723,1.051723
g2650,g2650.mp3,7.262,3,1,3.207234,3.722834,0.515601
g2650,g2650.mp3,7.262,3,2,4.450567,5.489728,1.039161
g2651,g2651.mp3,9.03825,3,0,0.0,1.02644,1.02644
g2651,g2651.mp3,9.03825,3,1,3.398753,4.405714,1.006961
g2651,g2651.mp3,9.03825,3,2,5.379252,6.309751,0.930499
g2652,g2652.mp3,12.43425,6,0,0.0,1.025193,1.025193
g2652,g2652.mp3,12.43425,6,1,3.473197,4.472109,0.998912
g2652,g2652.mp3,12.43425,6,2,5.174059,6.174059,1.0
g2652,g2652.mp3,12.43425,6,3,6.863288,7.39839,0.535102
g2652,g2652.mp3,12.43425,6,4,8.616485,9.616349,0.999864
g2652,g2652.mp3,12.43425,6,5,10.484172,11.484467,1.000295
g2653,g2653.mp3,14.6285,6,0,0.0,1.025057,1.025057
g2653,g2653.mp3,14.6285,6,1,3.734444,4.734399,0.999955
g2653,g2653.mp3,14.6285,6,2,5.899546,6.899683,1.000136
g2653,g2653.mp3,14.6285,6,3,8.03873,8.565737,0.527007
g2653,g2653.mp3,14.6285,6,4,9.667143,10.667075,0.999932
g2653,g2653.mp3,14.6285,6,5,12.12263,13.122608,0.999977
g2654,g2654.mp3,7.653875,3,0,0.0,1.025079,1.025079
g2654,g2654.mp3,7.653875,3,1,3.635737,4.635737,1.0
g2654,g2654.mp3,7.653875,3,2,5.607982,6.607982,1.0
g2655,g2655.mp3,7.31425,3,0,0.0,1.024921,1.024921
g2655,g2655.mp3,7.31425,3,1,3.20619,4.206145,0.999955
g2655,g2655.mp3,7.31425,3,2,5.232109,6.232109,1.0
g2656,g2656.mp3,6.635,3,0,0.0,1.02263,1.02263
g2656,g2656.mp3,6.635,3,1,3.261202,4.261383,1.000181
g2656,g2656.mp3,6.635,3,2,4.934626,5.93458,0.999955
g2657,g2657.mp3,7.079125,3,0,0.0,1.025079,1.025079
g2657,g2657.mp3,7.079125,3,1,3.339705,4.33966,0.999955
g2657,g2657.mp3,7.079125,3,2,5.197256,6.196961,0.999705
g2658,g2658.mp3,7.026875,3,0,0.0,1.022721,1.022721
g2658,g2658.mp3,7.026875,3,1,3.154059,4.153991,0.999932
g2658,g2658.mp3,7.026875,3,2,5.088526,6.088639,1.000113
g2659,g2659.mp3,7.20975,3,0,0.0,1.022472,1.022472
g2659,g2659.mp3,7.20975,3,1,3.32517,4.325147,0.999977
g2659,g2659.mp3,7.20975,3,2,5.223401,6.224376,1.000975
g2660,g2660.mp3,12.22525,6,0,0.0,1.025057,1.025057
g2660,g2660.mp3,12.22525,6,1,3.184512,4.184444,0.999932
g2660,g2660.mp3,12.22525,6,2,5.142313,6.142812,1.000499
g2660,g2660.mp3,12.22525,6,3,7.110295,7.534376,0.424082
g2660,g2660.mp3,12.22525,6,4,8.590612,9.58907,0.998458
g2660,g2660.mp3,12.22525,6,5,10.374331,11.374331,1.0
g2662,g2662.mp3,7.1575,3,0,0.0,1.025057,1.025057
g2662,g2662.mp3,7.1575,3,1,3.38034,4.380295,0.999955
g2662,g2662.mp3,7.1575,3,2,5.285805,6.285828,1.000023
g2663,g2663.mp3,7.471,3,0,0.0,1.020658,1.020658
g2663,g2663.mp3,7.471,3,1,3.31356,4.313537,0.999977
g2663,g2663.mp3,7.471,3,2,5.377234,6.377234,1.0
g2664,g2664.mp3,7.183625,3,0,0.0,1.02288,1.02288
g2664,g2664.mp3,7.183625,3,1,3.619751,4.619977,1.000227
g2664,g2664.mp3,7.183625,3,2,5.383152,6.384671,1.001519
g2665,g2665.mp3,7.183625,3,0,0.0,1.025238,1.025238
g2665,g2665.mp3,7.183625,3,1,3.429637,4.43415,1.004512
g2665,g2665.mp3,7.183625,3,2,5.306122,6.306122,1.0
g2666,g2666.mp3,6.89625,3,0,0.0,1.023175,1.023175
g2666,g2666.mp3,6.89625,3,1,3.453175,4.449909,0.996735
g2666,g2666.mp3,6.89625,3,2,5.121859,6.121701,0.999841
g2667,g2667.mp3,7.00075,3,0,0.0,1.020227,1.020227
g2667,g2667.mp3,7.00075,3,1,3.352812,4.352948,1.000136
g2667,g2667.mp3,7.00075,3,2,5.145125,6.145102,0.999977
g2668,g2668.mp3,7.079125,3,0,0.0,1.025034,1.025034
g2668,g2668.mp3,7.079125,3,1,3.479002,4.479002,1.0
g2668,g2668.mp3,7.079125,3,2,5.239365,6.239342,0.999977
g2669,g2669.mp3,7.235875,3,0,0.0,1.023084,1.023084
g2669,g2669.mp3,7.235875,3,1,3.492086,4.492041,0.999955
g2669,g2669.mp3,7.235875,3,2,5.352562,6.352585,1.000023
g2670,g2670.mp3,7.3665,3,0,0.0,1.024558,1.024558
g2670,g2670.mp3,7.3665,3,1,3.347029,4.347007,0.999977
g2670,g2670.mp3,7.3665,3,2,5.364263,6.364263,1.0
g2671,g2671.mp3,6.504375,3,0,0.0,1.025057,1.025057
g2671,g2671.mp3,6.504375,3,1,3.362925,4.361293,0.998367
g2671,g2671.mp3,6.504375,3,2,4.924444,5.924422,0.999977
g2672,g2672.mp3,7.52325,3,0,0.0,1.025057,1.025057
g2672,g2672.mp3,7.52325,3,1,3.586395,4.586372,0.999977
g2672,g2672.mp3,7.52325,3,2,5.51941,6.519819,1.000408
g2673,g2673.mp3,7.31425,3,0,0.0,1.045805,1.045805
g2673,g2673.mp3,7.31425,3,1,3.651701,4.659274,1.007574
g2673,g2673.mp3,7.31425,3,2,5.484376,6.489501,1.005125
g2674,g2674.mp3,7.68,3,0,0.0,1.024331,1.024331
g2674,g2674.mp3,7.68,3,1,3.670567,4.670567,1.0
g2674,g2674.mp3,7.68,3,2,5.658753,6.658753,1.0
g2675,g2675.mp3,7.706,3,0,0.0,1.025034,1.025034
g2675,g2675.mp3,7.706,3,1,3.696689,4.696689,1.0
g2675,g2675.mp3,7.706,3,2,5.699365,6.699456,1.000091
g2676,g2676.mp3,7.941125,3,0,0.0,1.021814,1.021814
g2676,g2676.mp3,7.941125,3,1,3.568458,4.56898,1.000522
g2676,g2676.mp3,7.941125,3,2,5.743515,6.742925,0.99941
g2677,g2677.mp3,7.915,3,0,0.0,1.02356,1.02356
g2677,g2677.mp3,7.915,3,1,3.53127,4.531202,0.999932
g2677,g2677.mp3,7.915,3,2,5.715351,6.737279,1.021927
g2678,g2678.mp3,7.1575,3,0,0.0,1.025034,1.025034
g2678,g2678.mp3,7.1575,3,1,3.380204,4.38034,1.000136
g2678,g2678.mp3,7.1575,3,2,5.252449,6.252381,0.999932
g2679,g2679.mp3,7.31425,3,0,0.0,1.025057,1.025057
g2679,g2679.mp3,7.31425,3,1,3.618141,4.618503,1.000363
g2679,g2679.mp3,7.31425,3,2,5.438186,6.440998,1.002812
g2680,g2680.mp3,7.288125,3,0,0.0,1.025057,1.025057
g2680,g2680.mp3,7.288125,3,1,3.159728,4.159728,1.0
g2680,g2680.mp3,7.288125,3,2,5.191451,6.191474,1.000023
g2681,g2681.mp3,7.41875,3,0,0.0,1.022041,1.022041
g2681,g2681.mp3,7.41875,3,1,3.396417,4.396327,0.999909
g2681,g2681.mp3,7.41875,3,2,5.387483,6.38746,0.999977
g2682,g2682.mp3,7.68,3,0,0.0,1.025057,1.025057
g2682,g2682.mp3,7.68,3,1,3.320907,4.320884,0.999977
g2682,g2682.mp3,7.68,3,2,5.480454,6.480431,0.999977
g2683,g2683.mp3,7.601625,3,0,0.0,1.025125,1.025125
g2683,g2683.mp3,7.601625,3,1,3.542857,4.542834,0.999977
g2683,g2683.mp3,7.601625,3,2,5.522358,6.522358,1.0
g2684,g2684.mp3,7.262,3,0,0.0,1.023719,1.023719
g2684,g2684.mp3,7.262,3,1,3.471587,4.464444,0.992857
g2684,g2684.mp3,7.262,3,2,5.313379,6.313379,1.0
g2685,g2685.mp3,7.444875,3,0,0.0,1.022766,1.022766
g2685,g2685.mp3,7.444875,3,1,3.538322,4.537098,0.998776
g2685,g2685.mp3,7.444875,3,2,5.471542,6.472313,1.000771
g2686,g2686.mp3,7.915,3,0,0.0,1.025079,1.025079
g2686,g2686.mp3,7.915,3,1,3.508027,4.508186,1.000159
g2686,g2686.mp3,7.915,3,2,5.737143,6.73712,0.999977
g2687,g2687.mp3,7.026875,3,0,0.0,1.025011,1.025011
g2687,g2687.mp3,7.026875,3,1,3.41381,4.413741,0.999932
g2687,g2687.mp3,7.026875,3,2,5.195102,6.192925,0.997823
g2688,g2688.mp3,6.635,3,0,0.0,1.025034,1.025034
g2688,g2688.mp3,6.635,3,1,3.100227,4.098685,0.998458
g2688,g2688.mp3,6.635,3,2,4.847551,5.847506,0.999955
g2689,g2689.mp3,7.288125,3,0,0.0,1.025034,1.025034
g2689,g2689.mp3,7.288125,3,1,3.490499,4.491156,1.000658
g2689,g2689.mp3,7.288125,3,2,5.380136,6.380113,0.999977
g2690,g2690.mp3,6.89625,3,0,0.0,1.025011,1.025011
g2690,g2690.mp3,6.89625,3,1,3.110408,4.110363,0.999955
g2690,g2690.mp3,6.89625,3,2,4.988299,5.984717,0.996417
g2691,g2691.mp3,8.306875,3,0,0.0,1.02517,1.02517
g2691,g2691.mp3,8.306875,3,1,3.850544,4.850476,0.999932
g2691,g2691.mp3,8.306875,3,2,6.060862,7.060839,0.999977
g2692,g2692.mp3,7.3665,3,0,0.0,1.025057,1.025057
g2692,g2692.mp3,7.3665,3,1,3.413696,4.412562,0.998866
g2692,g2692.mp3,7.3665,3,2,5.371429,6.371429,1.0
g2693,g2693.mp3,7.52325,3,0,0.0,1.025057,1.025057
g2693,g2693.mp3,7.52325,3,1,3.577007,4.577052,1.000045
g2693,g2693.mp3,7.52325,3,2,5.534853,6.534807,0.999955
g2694,g2694.mp3,7.31425,3,0,0.0,1.025964,1.025964
g2694,g2694.mp3,7.31425,3,1,3.670567,4.670544,0.999977
g2694,g2694.mp3,7.31425,3,2,5.475079,6.463243,0.988163
g2695,g2695.mp3,7.471,3,0,0.0,1.025079,1.025079
g2695,g2695.mp3,7.471,3,1,3.574785,4.574762,0.999977
g2695,g2695.mp3,7.471,3,2,5.497664,6.488934,0.99127
g2696,g2696.mp3,7.993375,3,0,0.0,1.023696,1.023696
g2696,g2696.mp3,7.993375,3,1,3.619773,4.619819,1.000045
g2696,g2696.mp3,7.993375,3,2,5.774921,6.774739,0.999819
g2697,g2697.mp3,7.601625,3,0,0.0,1.025057,1.025057
g2697,g2697.mp3,7.601625,3,1,3.532812,4.532766,0.999955
g2697,g2697.mp3,7.601625,3,2,5.573152,6.573152,1.0
g2698,g2698.mp3,7.131375,3,0,0.0,1.025034,1.025034
g2698,g2698.mp3,7.131375,3,1,3.557256,4.557279,1.000023
g2698,g2698.mp3,7.131375,3,2,5.316304,6.316281,0.999977
g2699,g2699.mp3,7.52325,3,0,0.0,1.022041,1.022041
g2699,g2699.mp3,7.52325,3,1,3.809025,4.804059,0.995034
g2699,g2699.mp3,7.52325,3,2,5.652971,6.653016,1.000045
g2700,g2700.mp3,6.9485,3,0,0.0,1.022562,1.022562
g2700,g2700.mp3,6.9485,3,1,3.148209,4.148186,0.999977
g2700,g2700.mp3,6.9485,3,2,5.060045,6.058095,0.99805
g2701,g2701.mp3,7.68,3,0,0.0,1.044286,1.044286
g2701,g2701.mp3,7.68,3,1,3.524966,4.031769,0.506803
g2701,g2701.mp3,7.68,3,2,4.801814,5.846984,1.04517
g2702,g2702.mp3,7.444875,3,0,0.0,1.041043,1.041043
g2702,g2702.mp3,7.444875,3,1,3.214059,3.761814,0.547755
g2702,g2702.mp3,7.444875,3,2,4.534671,5.574739,1.040068
g2703,g2703.mp3,7.471,3,0,0.0,1.030771,1.030771
g2703,g2703.mp3,7.471,3,1,3.301882,3.833379,0.531497
g2703,g2703.mp3,7.471,3,2,4.662517,5.686032,1.023515
g2704,g2704.mp3,7.549375,3,0,0.0,1.038027,1.038027
g2704,g2704.mp3,7.549375,3,1,3.289819,3.800227,0.510408
g2704,g2704.mp3,7.549375,3,2,4.631814,5.666553,1.034739
g2705,g2705.mp3,7.653875,3,0,0.0,1.053991,1.053991
g2705,g2705.mp3,7.653875,3,1,3.274921,3.794603,0.519683
g2705,g2705.mp3,7.653875,3,2,4.704989,5.732018,1.027029
g2706,g2706.mp3,7.8105,3,0,0.0,1.038594,1.038594
g2706,g2706.mp3,7.8105,3,1,3.270726,3.808639,0.537914
g2706,g2706.mp3,7.8105,3,2,4.778458,5.808095,1.029637
g2707,g2707.mp3,8.124,3,0,0.0,1.036667,1.036667
g2707,g2707.mp3,8.124,3,1,3.088866,3.663696,0.57483
g2707,g2707.mp3,8.124,3,2,4.825465,5.854286,1.028821
g2708,g2708.mp3,7.00075,3,0,0.0,1.026054,1.026054
g2708,g2708.mp3,7.00075,3,1,2.937256,3.472063,0.534807
g2708,g2708.mp3,7.00075,3,2,4.210249,5.244512,1.034263
g2709,g2709.mp3,8.2285,3,0,0.0,1.058435,1.058435
g2709,g2709.mp3,8.2285,3,1,3.110703,3.628707,0.518005
g2709,g2709.mp3,8.2285,3,2,4.850998,5.898163,1.047166
g2710,g2710.mp3,7.41875,3,0,0.0,1.040181,1.040181
g2710,g2710.mp3,7.41875,3,1,2.951406,3.498889,0.547483
g2710,g2710.mp3,7.41875,3,2,4.447415,5.484875,1.03746
g2711,g2711.mp3,7.235875,3,0,0.0,1.048639,1.048639
g2711,g2711.mp3,7.235875,3,1,3.079433,3.601927,0.522494
g2711,g2711.mp3,7.235875,3,2,4.391859,5.417528,1.025669
g2712,g2712.mp3,7.41875,3,0,0.0,1.044739,1.044739
g2712,g2712.mp3,7.41875,3,1,2.917755,3.432517,0.514762
g2712,g2712.mp3,7.41875,3,2,4.425918,5.467007,1.041088
g2713,g2713.mp3,7.235875,3,0,0.0,1.043923,1.043923
g2713,g2713.mp3,7.235875,3,1,3.043832,3.575125,0.531293
g2713,g2713.mp3,7.235875,3,2,4.348844,5.387664,1.038821
g2714,g2714.mp3,7.52325,3,0,0.0,1.034195,1.034195
g2714,g2714.mp3,7.52325,3,1,3.181655,3.707324,0.525669
g2714,g2714.mp3,7.52325,3,2,4.557642,5.586213,1.028571
g2715,g2715.mp3,8.202375,3,0,0.0,1.040408,1.040408
g2715,g2715.mp3,8.202375,3,1,3.097642,3.622358,0.524717
g2715,g2715.mp3,8.202375,3,2,4.830839,5.86644,1.035601
g2716,g2716.mp3,7.915,3,0,0.0,1.048549,1.048549
g2716,g2716.mp3,7.915,3,1,3.18966,3.72873,0.53907
g2716,g2716.mp3,7.915,3,2,4.752766,5.808776,1.056009
g2718,g2718.mp3,7.497125,3,0,0.0,1.04458,1.04458
g2718,g2718.mp3,7.497125,3,1,3.207823,3.754966,0.547143
g2718,g2718.mp3,7.497125,3,2,4.582676,5.630703,1.048027
g2719,g2719.mp3,7.235875,3,0,0.0,1.04932,1.04932
g2719,g2719.mp3,7.235875,3,1,3.082472,3.615102,0.53263
g2719,g2719.mp3,7.235875,3,2,4.404444,5.439229,1.034785
g2720,g2720.mp3,7.079125,3,0,0.0,1.041633,1.041633
g2720,g2720.mp3,7.079125,3,1,2.915011,3.453311,0.538299
g2720,g2720.mp3,7.079125,3,2,4.217937,5.249841,1.031905
g2721,g2721.mp3,13.897125,6,0,0.0,1.049433,1.049433
g2721,g2721.mp3,13.897125,6,1,3.228889,3.774966,0.546077
g2721,g2721.mp3,13.897125,6,2,4.767687,5.809184,1.041497
g2721,g2721.mp3,13.897125,6,3,6.771701,7.792585,1.020884
g2721,g2721.mp3,13.897125,6,4,8.796077,9.82093,1.024853
g2721,g2721.mp3,13.897125,6,5,10.825306,11.850181,1.024875
g2722,g2722.mp3,7.262,3,0,0.0,1.038435,1.038435
g2722,g2722.mp3,7.262,3,1,3.428549,3.974717,0.546168
g2722,g2722.mp3,7.262,3,2,4.591814,5.636327,1.044512
g2723,g2723.mp3,7.888875,3,0,0.0,1.034308,1.034308
g2723,g2723.mp3,7.888875,3,1,3.416735,3.985805,0.56907
g2723,g2723.mp3,7.888875,3,2,4.926508,5.974195,1.047687
g2724,g2724.mp3,7.915,3,0,0.0,1.031088,1.031088
g2724,g2724.mp3,7.915,3,1,3.48678,4.003651,0.516871
g2724,g2724.mp3,7.915,3,2,4.914172,5.950272,1.0361
g2725,g2725.mp3,14.942,6,0,0.0,1.102154,1.102154
g2725,g2725.mp3,14.942,6,1,3.532857,4.061202,0.528345
g2725,g2725.mp3,14.942,6,2,5.047959,6.08424,1.036281
g2725,g2725.mp3,14.942,6,3,7.066939,8.089388,1.022449
g2725,g2725.mp3,14.942,6,4,10.301043,11.358345,1.057302
g2725,g2725.mp3,14.942,6,5,12.115306,13.164286,1.04898
g2726,g2726.mp3,7.8105,3,0,0.0,1.048186,1.048186
g2726,g2726.mp3,7.8105,3,1,3.627483,4.150544,0.523061
g2726,g2726.mp3,7.8105,3,2,4.952744,5.971361,1.018617
g2727,g2727.mp3,7.497125,3,0,0.0,1.026122,1.026122
g2727,g2727.mp3,7.497125,3,1,3.32771,3.847007,0.519297
g2727,g2727.mp3,7.497125,3,2,4.638912,5.681655,1.042744
g2728,g2728.mp3,7.392625,3,0,0.0,1.049002,1.049002
g2728,g2728.mp3,7.392625,3,1,3.347098,3.883583,0.536485
g2728,g2728.mp3,7.392625,3,2,4.602789,5.649048,1.046259
g2729,g2729.mp3,7.784375,3,0,0.0,1.053469,1.053469
g2729,g2729.mp3,7.784375,3,1,3.461587,3.97093,0.509342
g2729,g2729.mp3,7.784375,3,2,4.832472,5.890771,1.058299
g2730,g2730.mp3,7.31425,3,0,0.0,1.051837,1.051837
g2730,g2730.mp3,7.31425,3,1,3.032744,3.577619,0.544875
g2730,g2730.mp3,7.31425,3,2,4.417007,5.445624,1.028617
g2731,g2731.mp3,7.941125,3,0,0.0,1.043288,1.043288
g2731,g2731.mp3,7.941125,3,1,3.293537,3.824558,0.53102
g2731,g2731.mp3,7.941125,3,2,4.799002,5.829274,1.030272
g2732,g2732.mp3,8.124,3,0,0.0,1.065488,1.065488
g2732,g2732.mp3,8.124,3,1,3.265465,3.812789,0.547324
g2732,g2732.mp3,8.124,3,2,4.970884,5.998503,1.027619
g2733,g2733.mp3,7.5755,3,0,0.0,1.029161,1.029161
g2733,g2733.mp3,7.5755,3,1,3.398753,3.944014,0.545261
g2733,g2733.mp3,7.5755,3,2,4.714172,5.754036,1.039864
g2734,g2734.mp3,7.941125,3,0,0.0,1.051565,1.051565
g2734,g2734.mp3,7.941125,3,1,3.385964,3.95424,0.568277
g2734,g2734.mp3,7.941125,3,2,4.912041,5.94941,1.03737
g2735,g2735.mp3,13.688125,6,0,0.0,1.087642,1.087642
g2735,g2735.mp3,13.688125,6,1,3.675261,4.249002,0.573741
g2735,g2735.mp3,13.688125,6,2,4.992766,6.040431,1.047664
g2735,g2735.mp3,13.688125,6,3,6.774172,7.827755,1.053583
g2735,g2735.mp3,13.688125,6,4,8.854717,9.956395,1.101678
g2735,g2735.mp3,13.688125,6,5,10.747868,11.814626,1.066757
g2736,g2736.mp3,7.235875,3,0,0.0,1.047324,1.047324
g2736,g2736.mp3,7.235875,3,1,3.692109,4.2439,0.551791
g2736,g2736.mp3,7.235875,3,2,4.704059,5.759501,1.055442
g2737,g2737.mp3,8.150125,3,0,0.0,1.04102,1.04102
g2737,g2737.mp3,8.150125,3,1,3.588912,4.117029,0.528118
g2737,g2737.mp3,8.150125,3,2,5.101905,6.131995,1.030091
g2738,g2738.mp3,6.817875,3,0,0.0,1.045601,1.045601
g2738,g2738.mp3,6.817875,3,1,3.345692,3.86746,0.521769
g2738,g2738.mp3,6.817875,3,2,4.325805,5.33839,1.012585
g2739,g2739.mp3,8.17625,3,0,0.0,1.050522,1.050522
g2739,g2739.mp3,8.17625,3,1,3.683039,4.199433,0.516395
g2739,g2739.mp3,8.17625,3,2,5.137982,6.173311,1.035329
g2740,g2740.mp3,7.444875,3,0,0.0,1.033424,1.033424
g2740,g2740.mp3,7.444875,3,1,3.498957,4.006667,0.50771
g2740,g2740.mp3,7.444875,3,2,4.683628,5.71102,1.027392
g2741,g2741.mp3,7.75825,3,0,0.0,1.04322,1.04322
g2741,g2741.mp3,7.75825,3,1,3.706304,4.226054,0.519751
g2741,g2741.mp3,7.75825,3,2,4.950816,5.980839,1.030023
g2742,g2742.mp3,7.392625,3,0,0.0,1.029796,1.029796
g2742,g2742.mp3,7.392625,3,1,3.658209,4.191769,0.53356
g2742,g2742.mp3,7.392625,3,2,4.782812,5.803243,1.020431
g2743,g2743.mp3,8.542,3,0,0.0,1.026531,1.026531
g2743,g2743.mp3,8.542,3,1,3.651587,4.184785,0.533197
g2743,g2743.mp3,8.542,3,2,5.277098,6.305714,1.028617
g2744,g2744.mp3,8.359125,3,0,0.0,1.039524,1.039524
g2744,g2744.mp3,8.359125,3,1,3.880363,4.404036,0.523673
g2744,g2744.mp3,8.359125,3,2,5.321973,6.405578,1.083605
g2745,g2745.mp3,7.549375,3,0,0.0,1.043968,1.043968
g2745,g2745.mp3,7.549375,3,1,3.639728,4.18102,0.541293
g2745,g2745.mp3,7.549375,3,2,4.798413,5.846032,1.047619
g2746,g2746.mp3,8.202375,3,0,0.0,1.046531,1.046531
g2746,g2746.mp3,8.202375,3,1,3.668413,4.186984,0.518571
g2746,g2746.mp3,8.202375,3,2,5.132902,6.198231,1.065329
g2747,g2747.mp3,8.411375,3,0,0.0,1.058957,1.058957
g2747,g2747.mp3,8.411375,3,1,3.627642,4.174558,0.546916
g2747,g2747.mp3,8.411375,3,2,5.280998,6.306281,1.025283
g2748,g2748.mp3,7.20975,3,0,0.0,1.042041,1.042041
g2748,g2748.mp3,7.20975,3,1,3.157868,3.706916,0.549048
g2748,g2748.mp3,7.20975,3,2,4.390295,5.421746,1.031451
g2749,g2749.mp3,7.053,3,0,0.0,1.044626,1.044626
g2749,g2749.mp3,7.053,3,1,3.390431,3.934263,0.543832
g2749,g2749.mp3,7.053,3,2,4.473764,5.496576,1.022812
g2750,g2750.mp3,7.1575,3,0,0.0,1.042177,1.042177
g2750,g2750.mp3,7.1575,3,1,3.292268,3.836553,0.544286
g2750,g2750.mp3,7.1575,3,2,4.450703,5.478957,1.028254
g2751,g2751.mp3,6.922375,3,0,0.0,1.051995,1.051995
g2751,g2751.mp3,6.922375,3,1,3.308118,3.81907,0.510952
g2751,g2751.mp3,6.922375,3,2,4.325805,5.372948,1.047143
g2752,g2752.mp3,7.131375,3,0,0.0,1.026735,1.026735
g2752,g2752.mp3,7.131375,3,1,3.350567,3.862948,0.512381
g2752,g2752.mp3,7.131375,3,2,4.463356,5.486916,1.02356
g2753,g2753.mp3,7.235875,3,0,0.0,1.036077,1.036077
g2753,g2753.mp3,7.235875,3,1,3.402585,3.913016,0.510431
g2753,g2753.mp3,7.235875,3,2,4.513107,5.580181,1.067075
g2754,g2754.mp3,7.96725,3,0,0.0,1.053968,1.053968
g2754,g2754.mp3,7.96725,3,1,3.498617,4.007324,0.508707
g2754,g2754.mp3,7.96725,3,2,4.950204,5.978095,1.027891
g2755,g2755.mp3,7.993375,3,0,0.0,1.03322,1.03322
g2755,g2755.mp3,7.993375,3,1,3.48678,3.978481,0.491701
g2755,g2755.mp3,7.993375,3,2,4.981995,5.973651,0.991655
g2756,g2756.mp3,7.5755,3,0,0.0,1.049819,1.049819
g2756,g2756.mp3,7.5755,3,1,3.605692,4.126939,0.521247
g2756,g2756.mp3,7.5755,3,2,4.818481,5.854263,1.035782
g2757,g2757.mp3,7.915,3,0,0.0,1.02712,1.02712
g2757,g2757.mp3,7.915,3,1,3.475374,4.006553,0.531179
g2757,g2757.mp3,7.915,3,2,4.902404,5.930295,1.027891
g2758,g2758.mp3,6.9485,3,0,0.0,1.04932,1.04932
g2758,g2758.mp3,6.9485,3,1,3.29771,3.822063,0.524354
g2758,g2758.mp3,6.9485,3,2,4.370454,5.386327,1.015873
g2759,g2759.mp3,7.20975,3,0,0.0,1.042154,1.042154
g2759,g2759.mp3,7.20975,3,1,3.401633,3.941111,0.539478
g2759,g2759.mp3,7.20975,3,2,4.515918,5.54932,1.033401
g2760,g2760.mp3,7.340375,3,0,0.0,1.032063,1.032063
g2760,g2760.mp3,7.340375,3,1,3.171905,3.676259,0.504354
g2760,g2760.mp3,7.340375,3,2,4.47068,5.496417,1.025737
g2761,g2761.mp3,7.31425,3,0,0.0,1.040658,1.040658
g2761,g2761.mp3,7.31425,3,1,3.315238,3.847687,0.532449
g2761,g2761.mp3,7.31425,3,2,4.517256,5.573537,1.056281
g2762,g2762.mp3,14.288875,6,0,0.0,1.081542,1.081542
g2762,g2762.mp3,14.288875,6,1,3.7639,4.333537,0.569637
g2762,g2762.mp3,14.288875,6,2,4.925442,6.030385,1.104943
g2762,g2762.mp3,14.288875,6,3,6.662676,7.706893,1.044218
g2762,g2762.mp3,14.288875,6,4,9.942336,11.003696,1.061361
g2762,g2762.mp3,14.288875,6,5,11.595986,12.649864,1.053878
g2763,g2763.mp3,8.411375,3,0,0.0,1.037982,1.037982
g2763,g2763.mp3,8.411375,3,1,4.076984,4.592789,0.515805
g2763,g2763.mp3,8.411375,3,2,5.461927,6.489887,1.027959
g2764,g2764.mp3,8.515875,3,0,0.0,1.042177,1.042177
g2764,g2764.mp3,8.515875,3,1,3.694172,4.186871,0.492698
g2764,g2764.mp3,8.515875,3,2,5.369909,6.408345,1.038435
g2765,g2765.mp3,7.915,3,0,0.0,1.0339,1.0339
g2765,g2765.mp3,7.915,3,1,3.722472,4.26161,0.539138
g2765,g2765.mp3,7.915,3,2,5.041905,6.072245,1.03034
g2766,g2766.mp3,7.706,3,0,0.0,1.034739,1.034739
g2766,g2766.mp3,7.706,3,1,3.62415,4.134558,0.510408
g2766,g2766.mp3,7.706,3,2,4.892744,5.917778,1.025034
g2767,g2767.mp3,7.836625,3,0,0.0,1.048639,1.048639
g2767,g2767.mp3,7.836625,3,1,3.798231,4.303243,0.505011
g2767,g2767.mp3,7.836625,3,2,5.008889,6.035351,1.026463
g2768,g2768.mp3,7.183625,3,0,0.0,1.044444,1.044444
g2768,g2768.mp3,7.183625,3,1,3.459728,3.990204,0.530476
g2768,g2768.mp3,7.183625,3,2,4.572222,5.600272,1.02805
g2769,g2769.mp3,7.784375,3,0,0.0,1.041361,1.041361
g2769,g2769.mp3,7.784375,3,1,3.820499,4.330544,0.510045
g2769,g2769.mp3,7.784375,3,2,5.016825,6.037324,1.020499
g2770,g2770.mp3,7.497125,3,0,0.0,1.058118,1.058118
g2770,g2770.mp3,7.497125,3,1,3.446893,3.956032,0.509138
g2770,g2770.mp3,7.497125,3,2,4.698798,5.721791,1.022993
g2771,g2771.mp3,7.86275,3,0,0.0,1.029184,1.029184
g2771,g2771.mp3,7.86275,3,1,3.675465,4.208005,0.53254
g2771,g2771.mp3,7.86275,3,2,4.972517,6.013152,1.040635
g2772,g2772.mp3,7.079125,3,0,0.0,1.05576,1.05576
g2772,g2772.mp3,7.079125,3,1,3.619546,4.141497,0.52195
g2772,g2772.mp3,7.079125,3,2,4.576236,5.59644,1.020204
g2773,g2773.mp3,8.568125,3,0,0.0,1.039615,1.039615
g2773,g2773.mp3,8.568125,3,1,3.672086,4.197755,0.525669
g2773,g2773.mp3,8.568125,3,2,5.344467,6.392517,1.04805
g2774,g2774.mp3,7.75825,3,0,0.0,1.044875,1.044875
g2774,g2774.mp3,7.75825,3,1,3.719206,4.237778,0.518571
g2774,g2774.mp3,7.75825,3,2,4.97322,5.995215,1.021995
g2775,g2775.mp3,8.07175,3,0,0.0,1.047302,1.047302
g2775,g2775.mp3,8.07175,3,1,3.787642,4.290612,0.502971
g2775,g2775.mp3,8.07175,3,2,5.172721,6.20898,1.036259
g2776,g2776.mp3,7.75825,3,0,0.0,1.032834,1.032834
g2776,g2776.mp3,7.75825,3,1,3.776689,4.296054,0.519365
g2776,g2776.mp3,7.75825,3,2,4.966395,6.006508,1.040113
g2777,g2777.mp3,8.124,3,0,0.0,1.050408,1.050408
g2777,g2777.mp3,8.124,3,1,3.76839,4.314082,0.545692
g2777,g2777.mp3,8.124,3,2,5.184104,6.209002,1.024898
g2779,g2779.mp3,7.68,3,0,0.0,1.035964,1.035964
g2779,g2779.mp3,7.68,3,1,3.694921,4.202449,0.507528
g2779,g2779.mp3,7.68,3,2,4.903832,5.964943,1.061111
g2780,g2780.mp3,7.653875,3,0,0.0,1.034376,1.034376
g2780,g2780.mp3,7.653875,3,1,3.219955,3.730998,0.511043
g2780,g2780.mp3,7.653875,3,2,4.64839,5.679093,1.030703
g2781,g2781.mp3,7.5755,3,0,0.0,1.050091,1.050091
g2781,g2781.mp3,7.5755,3,1,3.66619,4.182336,0.516145
g2781,g2781.mp3,7.5755,3,2,4.836667,5.875442,1.038776
g2782,g2782.mp3,7.3665,3,0,0.0,1.038889,1.038889
g2782,g2782.mp3,7.3665,3,1,3.463764,3.992834,0.52907
g2782,g2782.mp3,7.3665,3,2,4.609116,5.634626,1.02551
g2784,g2784.mp3,7.471,3,0,0.0,1.028685,1.028685
g2784,g2784.mp3,7.471,3,1,3.498617,4.006825,0.508209
g2784,g2784.mp3,7.471,3,2,4.709002,5.739841,1.030839
g2785,g2785.mp3,7.471,3,0,0.0,1.044875,1.044875
g2785,g2785.mp3,7.471,3,1,3.559773,4.079456,0.519683
g2785,g2785.mp3,7.471,3,2,4.742177,5.765261,1.023084
g2786,g2786.mp3,7.784375,3,0,0.0,1.037188,1.037188
g2786,g2786.mp3,7.784375,3,1,3.625692,4.132744,0.507052
g2786,g2786.mp3,7.784375,3,2,4.955805,5.990748,1.034943
g2787,g2787.mp3,7.993375,3,0,0.0,1.043651,1.043651
g2787,g2787.mp3,7.993375,3,1,3.592789,4.113356,0.520567
g2787,g2787.mp3,7.993375,3,2,5.014399,6.047143,1.032744
g2788,g2788.mp3,7.131375,3,0,0.0,1.042585,1.042585
g2788,g2788.mp3,7.131375,3,1,3.424399,3.941474,0.517075
g2788,g2788.mp3,7.131375,3,2,4.522449,5.537574,1.015125
g2789,g2789.mp3,7.96725,3,0,0.0,1.025714,1.025714
g2789,g2789.mp3,7.96725,3,1,3.730748,4.242993,0.512245
g2789,g2789.mp3,7.96725,3,2,5.067188,6.081361,1.014172
g2790,g2790.mp3,7.915,3,0,0.0,1.027574,1.027574
g2790,g2790.mp3,7.915,3,1,3.245193,3.757596,0.512404
g2790,g2790.mp3,7.915,3,2,4.823288,5.85712,1.033832
g2791,g2791.mp3,7.62775,3,0,0.0,1.033469,1.033469
g2791,g2791.mp3,7.62775,3,1,3.578141,4.094512,0.516372
g2791,g2791.mp3,7.62775,3,2,4.821088,5.851293,1.030204
g2792,g2792.mp3,7.62775,3,0,0.0,1.046553,1.046553
g2792,g2792.mp3,7.62775,3,1,3.521837,4.045896,0.524059
g2792,g2792.mp3,7.62775,3,2,4.812721,5.841837,1.029116
g2793,g2793.mp3,7.8105,3,0,0.0,1.039728,1.039728
g2793,g2793.mp3,7.8105,3,1,3.529365,4.055374,0.526009
g2793,g2793.mp3,7.8105,3,2,4.882245,5.942585,1.06034
g2794,g2794.mp3,8.0195,3,0,0.0,1.04127,1.04127
g2794,g2794.mp3,8.0195,3,1,3.810113,4.331497,0.521383
g2794,g2794.mp3,8.0195,3,2,5.144512,6.163946,1.019433
g2795,g2795.mp3,7.444875,3,0,0.0,1.042268,1.042268
g2795,g2795.mp3,7.444875,3,1,3.695465,4.221723,0.526259
g2795,g2795.mp3,7.444875,3,2,4.811361,5.836463,1.025102
g2796,g2796.mp3,7.706,3,0,0.0,1.03322,1.03322
g2796,g2796.mp3,7.706,3,1,3.596304,4.121088,0.524785
g2796,g2796.mp3,7.706,3,2,4.888934,5.920726,1.031791
g2797,g2797.mp3,14.15825,6,0,0.0,1.07907,1.07907
g2797,g2797.mp3,14.15825,6,1,3.626327,4.177052,0.550726
g2797,g2797.mp3,14.15825,6,2,4.708299,5.743764,1.035465
g2797,g2797.mp3,14.15825,6,3,6.338753,7.417664,1.078912
g2797,g2797.mp3,14.15825,6,4,9.785533,10.875079,1.089546
g2797,g2797.mp3,14.15825,6,5,11.467302,12.548662,1.081361
g2798,g2798.mp3,7.75825,3,0,0.0,1.040975,1.040975
g2798,g2798.mp3,7.75825,3,1,3.506689,4.049388,0.542698
g2798,g2798.mp3,7.75825,3,2,4.861678,5.903832,1.042154
g2799,g2799.mp3,7.3665,3,0,0.0,1.031995,1.031995
g2799,g2799.mp3,7.3665,3,1,3.637211,4.150771,0.51356
g2799,g2799.mp3,7.3665,3,2,4.711315,5.73966,1.028345
g2800,g2800.mp3,7.3665,3,0,0.0,1.048254,1.048254
g2800,g2800.mp3,7.3665,3,1,3.231587,3.723515,0.491927
g2800,g2800.mp3,7.3665,3,2,4.478934,5.531429,1.052494
g2801,g2801.mp3,7.235875,3,0,0.0,1.054785,1.054785
g2801,g2801.mp3,7.235875,3,1,3.365488,3.915102,0.549615
g2801,g2801.mp3,7.235875,3,2,4.533039,5.558413,1.025374
g2802,g2802.mp3,12.2775,6,0,0.0,1.043288,1.043288
g2802,g2802.mp3,12.2775,6,1,3.331769,3.850816,0.519048
g2802,g2802.mp3,12.2775,6,2,4.360794,5.395737,1.034943
g2802,g2802.mp3,12.2775,6,3,5.926349,6.957075,1.030726
g2802,g2802.mp3,12.2775,6,4,7.99746,9.059546,1.062086
g2802,g2802.mp3,12.2775,6,5,9.588934,10.647823,1.058889
g2803,g2803.mp3,7.262,3,0,0.0,1.0461,1.0461
g2803,g2803.mp3,7.262,3,1,3.322857,3.837098,0.51424
g2803,g2803.mp3,7.262,3,2,4.522698,5.550726,1.028027
g2804,g2804.mp3,7.288125,3,0,0.0,1.030748,1.030748
g2804,g2804.mp3,7.288125,3,1,3.138299,3.686621,0.548322
g2804,g2804.mp3,7.288125,3,2,4.477687,5.43483,0.957143
g2805,g2805.mp3,7.601625,3,0,0.0,1.056916,1.056916
g2805,g2805.mp3,7.601625,3,1,3.251224,3.824036,0.572812
g2805,g2805.mp3,7.601625,3,2,4.680658,5.711859,1.031202
g2806,g2806.mp3,7.1575,3,0,0.0,1.043991,1.043991
g2806,g2806.mp3,7.1575,3,1,3.301587,3.859206,0.557619
g2806,g2806.mp3,7.1575,3,2,4.438413,5.486939,1.048526
g2807,g2807.mp3,7.026875,3,0,0.0,1.031338,1.031338
g2807,g2807.mp3,7.026875,3,1,3.185601,3.71322,0.527619
g2807,g2807.mp3,7.026875,3,2,4.348231,5.379274,1.031043
g2808,g2808.mp3,6.89625,3,0,0.0,1.054263,1.054263
g2808,g2808.mp3,6.89625,3,1,3.146145,3.680317,0.534172
g2808,g2808.mp3,6.89625,3,2,4.265329,5.289138,1.02381
g2809,g2809.mp3,6.974625,3,0,0.0,1.02898,1.02898
g2809,g2809.mp3,6.974625,3,1,3.347687,3.859909,0.512222
g2809,g2809.mp3,6.974625,3,2,4.358685,5.384127,1.025442
g2810,g2810.mp3,13.426875,6,0,0.0,1.061293,1.061293
g2810,g2810.mp3,13.426875,6,1,3.124649,3.655692,0.531043
g2810,g2810.mp3,13.426875,6,2,4.560816,5.606893,1.046077
g2810,g2810.mp3,13.426875,6,3,6.535601,7.599433,1.063832
g2810,g2810.mp3,13.426875,6,4,8.59322,9.641905,1.048685
g2810,g2810.mp3,13.426875,6,5,10.482812,11.554875,1.072063
g2811,g2811.mp3,6.89625,3,0,0.0,1.039615,1.039615
g2811,g2811.mp3,6.89625,3,1,2.956644,3.491451,0.534807
g2811,g2811.mp3,6.89625,3,2,4.137166,5.163197,1.026032
g2812,g2812.mp3,7.288125,3,0,0.0,1.026032,1.026032
g2812,g2812.mp3,7.288125,3,1,3.208367,3.718118,0.509751
g2812,g2812.mp3,7.288125,3,2,4.450884,5.490023,1.039138
g2813,g2813.mp3,6.817875,3,0,0.0,1.046395,1.046395
g2813,g2813.mp3,6.817875,3,1,3.278005,3.778254,0.500249
g2813,g2813.mp3,6.817875,3,2,4.253447,5.279456,1.026009
g2814,g2814.mp3,6.7395,3,0,0.0,1.045102,1.045102
g2814,g2814.mp3,6.7395,3,1,3.217619,3.730181,0.512562
g2814,g2814.mp3,6.7395,3,2,4.209252,5.228163,1.018912
g2815,g2815.mp3,7.183625,3,0,0.0,1.044467,1.044467
g2815,g2815.mp3,7.183625,3,1,3.204603,3.733016,0.528413
g2815,g2815.mp3,7.183625,3,2,4.41449,5.468322,1.053832
g2816,g2816.mp3,7.888875,3,0,0.0,1.048345,1.048345
g2816,g2816.mp3,7.888875,3,1,3.30449,3.838481,0.533991
g2816,g2816.mp3,7.888875,3,2,4.856984,5.872925,1.015941
g2817,g2817.mp3,7.96725,3,0,0.0,1.03585,1.03585
g2817,g2817.mp3,7.96725,3,1,3.438481,3.935261,0.49678
g2817,g2817.mp3,7.96725,3,2,4.893923,5.900295,1.006372
g2818,g2818.mp3,7.8105,3,0,0.0,1.042494,1.042494
g2818,g2818.mp3,7.8105,3,1,3.184626,3.713424,0.528798
g2818,g2818.mp3,7.8105,3,2,4.717347,5.765578,1.048231
g2819,g2819.mp3,6.765625,3,0,0.0,1.025079,1.025079
g2819,g2819.mp3,6.765625,3,1,3.238163,4.233673,0.99551
g2819,g2819.mp3,6.765625,3,2,4.965964,5.962902,0.996939
g2820,g2820.mp3,6.974625,3,0,0.0,1.038889,1.038889
g2820,g2820.mp3,6.974625,3,1,2.964036,3.455397,0.491361
g2820,g2820.mp3,6.974625,3,2,4.145397,5.194558,1.049161
g2821,g2821.mp3,7.20975,3,0,0.0,1.039955,1.039955
g2821,g2821.mp3,7.20975,3,1,3.230522,3.747211,0.516689
g2821,g2821.mp3,7.20975,3,2,4.439592,5.472653,1.033061
g2822,g2822.mp3,7.262,3,0,0.0,1.047642,1.047642
g2822,g2822.mp3,7.262,3,1,3.268594,3.780476,0.511882
g2822,g2822.mp3,7.262,3,2,4.474921,5.503084,1.028163
g2823,g2823.mp3,7.62775,3,0,0.0,1.043379,1.043379
g2823,g2823.mp3,7.62775,3,1,3.469002,3.993991,0.524989
g2823,g2823.mp3,7.62775,3,2,4.78059,5.812381,1.031791
g2824,g2824.mp3,7.1575,3,0,0.0,1.043832,1.043832
g2824,g2824.mp3,7.1575,3,1,3.564785,4.106735,0.54195
g2824,g2824.mp3,7.1575,3,2,4.565193,5.612222,1.047029
g2825,g2825.mp3,14.68075,6,0,0.0,1.05941,1.05941
g2825,g2825.mp3,14.68075,6,1,3.348413,4.41839,1.069977
g2825,g2825.mp3,14.68075,6,2,4.909524,5.956916,1.047392
g2825,g2825.mp3,14.68075,6,3,6.426168,7.456893,1.030726
g2825,g2825.mp3,14.68075,6,4,9.781224,10.836372,1.055147
g2825,g2825.mp3,14.68075,6,5,11.70907,12.759546,1.050476
g2826,g2826.mp3,7.444875,3,0,0.0,1.055805,1.055805
g2826,g2826.mp3,7.444875,3,1,3.456893,3.96517,0.508277
g2826,g2826.mp3,7.444875,3,2,4.66737,5.689592,1.022222
g2827,g2827.mp3,6.765625,3,0,0.0,1.045215,1.045215
g2827,g2827.mp3,6.765625,3,1,3.248277,3.763401,0.515125
g2827,g2827.mp3,6.765625,3,2,4.230635,5.265624,1.034989
g2828,g2828.mp3,7.00075,3,0,0.0,1.052018,1.052018
g2828,g2828.mp3,7.00075,3,1,3.210544,3.73678,0.526236
g2828,g2828.mp3,7.00075,3,2,4.348299,5.358912,1.010612
g2829,g2829.mp3,7.131375,3,0,0.0,1.06678,1.06678
g2829,g2829.mp3,7.131375,3,1,3.425601,3.930862,0.505261
g2829,g2829.mp3,7.131375,3,2,4.498073,5.520522,1.022449
g2830,g2830.mp3,6.68725,3,0,0.0,1.026712,1.026712
g2830,g2830.mp3,6.68725,3,1,2.955465,3.482404,0.526939
g2830,g2830.mp3,6.68725,3,2,4.069683,5.099365,1.029683
g2831,g2831.mp3,8.0195,3,0,0.0,1.044218,1.044218
g2831,g2831.mp3,8.0195,3,1,3.330159,3.842313,0.512154
g2831,g2831.mp3,8.0195,3,2,4.870181,5.904739,1.034558
g2832,g2832.mp3,7.497125,3,0,0.0,1.042562,1.042562
g2832,g2832.mp3,7.497125,3,1,3.275873,3.83449,0.558617
g2832,g2832.mp3,7.497125,3,2,4.604535,5.673832,1.069297
g2833,g2833.mp3,7.00075,3,0,0.0,1.047279,1.047279
g2833,g2833.mp3,7.00075,3,1,3.293515,3.804014,0.510499
g2833,g2833.mp3,7.00075,3,2,4.370476,5.405034,1.034558
g2834,g2834.mp3,7.262,3,0,0.0,1.032177,1.032177
g2834,g2834.mp3,7.262,3,1,3.259252,3.782766,0.523515
g2834,g2834.mp3,7.262,3,2,4.506939,5.526916,1.019977
g2835,g2835.mp3,13.29625,6,0,0.0,1.0522,1.0522
g2835,g2835.mp3,13.29625,6,1,3.366848,3.891746,0.524898
g2835,g2835.mp3,13.29625,6,2,4.826599,5.873515,1.046916
g2835,g2835.mp3,13.29625,6,3,6.817732,7.822086,1.004354
g2835,g2835.mp3,13.29625,6,4,8.973469,10.025646,1.052177
g2835,g2835.mp3,13.29625,6,5,10.609977,11.650408,1.040431
g2836,g2836.mp3,7.392625,3,0,0.0,1.025737,1.025737
g2836,g2836.mp3,7.392625,3,1,3.520544,4.052177,0.531633
g2836,g2836.mp3,7.392625,3,2,4.7078,5.712494,1.004694
g2837,g2837.mp3,7.288125,3,0,0.0,1.025714,1.025714
g2837,g2837.mp3,7.288125,3,1,3.354444,3.877732,0.523288
g2837,g2837.mp3,7.288125,3,2,4.568526,5.589116,1.02059
g2838,g2838.mp3,7.52325,3,0,0.0,1.036848,1.036848
g2838,g2838.mp3,7.52325,3,1,3.079456,3.594195,0.514739
g2838,g2838.mp3,7.52325,3,2,4.473311,5.50542,1.032109
g2839,g2839.mp3,7.288125,3,0,0.0,1.029048,1.029048
g2839,g2839.mp3,7.288125,3,1,3.271633,3.784853,0.51322
g2839,g2839.mp3,7.288125,3,2,4.511088,5.531066,1.019977
g2840,g2840.mp3,6.89625,3,0,0.0,1.042086,1.042086
g2840,g2840.mp3,6.89625,3,1,2.993424,3.538345,0.544921
g2840,g2840.mp3,6.89625,3,2,4.185828,5.212562,1.026735
g2841,g2841.mp3,7.497125,3,0,0.0,1.038413,1.038413
g2841,g2841.mp3,7.497125,3,1,3.311066,3.838435,0.52737
g2841,g2841.mp3,7.497125,3,2,4.620907,5.644626,1.023719
g2842,g2842.mp3,7.444875,3,0,0.0,1.052517,1.052517
g2842,g2842.mp3,7.444875,3,1,3.312834,3.82585,0.513016
g2842,g2842.mp3,7.444875,3,2,4.601587,5.633469,1.031882
g2843,g2843.mp3,8.150125,3,0,0.0,1.07068,1.07068
g2843,g2843.mp3,8.150125,3,1,3.283175,3.824218,0.541043
g2843,g2843.mp3,8.150125,3,2,4.956054,6.007188,1.051134
g2844,g2844.mp3,7.52325,3,0,0.0,1.030363,1.030363
g2844,g2844.mp3,7.52325,3,1,3.134875,3.671678,0.536803
g2844,g2844.mp3,7.52325,3,2,4.555102,5.581247,1.026145
g2845,g2845.mp3,6.89625,3,0,0.0,1.028299,1.028299
g2845,g2845.mp3,6.89625,3,1,3.331769,3.845873,0.514104
g2845,g2845.mp3,6.89625,3,2,4.33644,5.364785,1.028345
g2846,g2846.mp3,7.20975,3,0,0.0,1.048662,1.048662
g2846,g2846.mp3,7.20975,3,1,3.244603,3.778776,0.534172
g2846,g2846.mp3,7.20975,3,2,4.45873,5.51737,1.058639
g2847,g2847.mp3,7.653875,3,0,0.0,1.050091,1.050091
g2847,g2847.mp3,7.653875,3,1,3.32322,3.864807,0.541587
g2847,g2847.mp3,7.653875,3,2,4.724036,5.769252,1.045215
g2848,g2848.mp3,7.079125,3,0,0.0,1.032063,1.032063
g2848,g2848.mp3,7.079125,3,1,3.117664,3.65093,0.533265
g2848,g2848.mp3,7.079125,3,2,4.323129,5.355941,1.032812
g2849,g2849.mp3,7.288125,3,0,0.0,1.042086,1.042086
g2849,g2849.mp3,7.288125,3,1,3.336077,3.846984,0.510907
g2849,g2849.mp3,7.288125,3,2,4.53932,5.564059,1.024739
g2850,g2850.mp3,7.183625,3,0,0.0,1.036236,1.036236
g2850,g2850.mp3,7.183625,3,1,3.033356,3.569705,0.536349
g2850,g2850.mp3,7.183625,3,2,4.333764,5.349297,1.015533
g2851,g2851.mp3,7.288125,3,0,0.0,1.043537,1.043537
g2851,g2851.mp3,7.288125,3,1,3.208367,3.717778,0.50941
g2851,g2851.mp3,7.288125,3,2,4.444535,5.474989,1.030454
g2852,g2852.mp3,7.549375,3,0,0.0,1.041905,1.041905
g2852,g2852.mp3,7.549375,3,1,3.213288,3.743175,0.529887
g2852,g2852.mp3,7.549375,3,2,4.560385,5.583855,1.023469
g2853,g2853.mp3,6.89625,3,0,0.0,1.039002,1.039002
g2853,g2853.mp3,6.89625,3,1,3.196168,3.715215,0.519048
g2853,g2853.mp3,6.89625,3,2,4.267029,5.286485,1.019456
g2854,g2854.mp3,14.341125,6,0,0.0,1.04839,1.04839
g2854,g2854.mp3,14.341125,6,1,3.333197,3.868163,0.534966
g2854,g2854.mp3,14.341125,6,2,4.58644,5.634512,1.048073
g2854,g2854.mp3,14.341125,6,3,6.440998,7.489048,1.04805
g2854,g2854.mp3,14.341125,6,4,9.73068,10.77737,1.046689
g2854,g2854.mp3,14.341125,6,5,11.4822,12.528685,1.046485
g2855,g2855.mp3,8.150125,3,0,0.0,1.048277,1.048277
g2855,g2855.mp3,8.150125,3,1,3.509456,4.044308,0.534853
g2855,g2855.mp3,8.150125,3,2,5.044172,6.063605,1.019433
g2856,g2856.mp3,7.41875,3,0,0.0,1.04483,1.04483
g2856,g2856.mp3,7.41875,3,1,3.349683,3.86356,0.513878
g2856,g2856.mp3,7.41875,3,2,4.611383,5.639048,1.027664
g2857,g2857.mp3,7.52325,3,0,0.0,1.027755,1.027755
g2857,g2857.mp3,7.52325,3,1,3.367687,3.871837,0.50415
g2857,g2857.mp3,7.52325,3,2,4.660385,5.682789,1.022404
g2858,g2858.mp3,7.5755,3,0,0.0,1.068821,1.068821
g2858,g2858.mp3,7.5755,3,1,3.05737,3.57,0.51263
g2858,g2858.mp3,7.5755,3,2,4.535351,5.577256,1.041905
g2859,g2859.mp3,7.31425,3,0,0.0,1.037029,1.037029
g2859,g2859.mp3,7.31425,3,1,3.313061,3.828549,0.515488
g2859,g2859.mp3,7.31425,3,2,4.523673,5.55356,1.029887
g2860,g2860.mp3,7.053,3,0,0.0,1.037415,1.037415
g2860,g2860.mp3,7.053,3,1,2.973061,3.485351,0.51229
g2860,g2860.mp3,7.053,3,2,4.219796,5.258118,1.038322
g2861,g2861.mp3,7.62775,3,0,0.0,1.044671,1.044671
g2861,g2861.mp3,7.62775,3,1,3.277642,3.799002,0.521361
g2861,g2861.mp3,7.62775,3,2,4.695465,5.72585,1.030385
g2862,g2862.mp3,7.131375,3,0,0.0,1.029456,1.029456
g2862,g2862.mp3,7.131375,3,1,3.147166,3.670839,0.523673
g2862,g2862.mp3,7.131375,3,2,4.370091,5.384127,1.014036
g2863,g2863.mp3,7.053,3,0,0.0,1.032789,1.032789
g2863,g2863.mp3,7.053,3,1,3.388571,3.901293,0.512721
g2863,g2863.mp3,7.053,3,2,4.472041,5.501587,1.029546
g2864,g2864.mp3,6.713375,3,0,0.0,1.044308,1.044308
g2864,g2864.mp3,6.713375,3,1,3.285805,3.793515,0.50771
g2864,g2864.mp3,6.713375,3,2,4.206599,5.226848,1.020249
g2865,g2865.mp3,7.20975,3,0,0.0,1.032721,1.032721
g2865,g2865.mp3,7.20975,3,1,3.322902,3.834558,0.511655
g2865,g2865.mp3,7.20975,3,2,4.472766,5.482381,1.009615
g2866,g2866.mp3,7.68,3,0,0.0,1.051519,1.051519
g2866,g2866.mp3,7.68,3,1,3.38068,3.897098,0.516417
g2866,g2866.mp3,7.68,3,2,4.742857,5.797188,1.054331
g2867,g2867.mp3,7.1575,3,0,0.0,1.041791,1.041791
g2867,g2867.mp3,7.1575,3,1,3.266054,3.784535,0.518481
g2867,g2867.mp3,7.1575,3,2,4.415941,5.458118,1.042177
g2868,g2868.mp3,7.915,3,0,0.0,1.026122,1.026122
g2868,g2868.mp3,7.915,3,1,3.341134,3.873152,0.532018
g2868,g2868.mp3,7.915,3,2,4.800612,5.939501,1.138889
g2869,g2869.mp3,7.235875,3,0,0.0,1.036508,1.036508
g2869,g2869.mp3,7.235875,3,1,3.38839,3.895442,0.507052
g2869,g2869.mp3,7.235875,3,2,4.543107,5.56127,1.018163
g2870,g2870.mp3,7.41875,3,0,0.0,1.048639,1.048639
g2870,g2870.mp3,7.41875,3,1,3.097619,3.616689,0.51907
g2870,g2870.mp3,7.41875,3,2,4.475215,5.498367,1.023152
g2871,g2871.mp3,6.844,3,0,0.0,1.025941,1.025941
g2871,g2871.mp3,6.844,3,1,3.218821,3.742222,0.523401
g2871,g2871.mp3,6.844,3,2,4.264989,5.298367,1.033379
g2872,g2872.mp3,7.392625,3,0,0.0,1.046825,1.046825
g2872,g2872.mp3,7.392625,3,1,3.348027,3.891179,0.543152
g2872,g2872.mp3,7.392625,3,2,4.586848,5.629637,1.042789
g2873,g2873.mp3,7.183625,3,0,0.0,1.051474,1.051474
g2873,g2873.mp3,7.183625,3,1,3.273855,3.795578,0.521723
g2873,g2873.mp3,7.183625,3,2,4.454286,5.464921,1.010635
g2874,g2874.mp3,14.132125,6,0,0.0,1.076259,1.076259
g2874,g2874.mp3,14.132125,6,1,3.332993,3.896236,0.563243
g2874,g2874.mp3,14.132125,6,2,4.550113,5.633855,1.083741
g2874,g2874.mp3,14.132125,6,3,6.287982,7.322766,1.034785
g2874,g2874.mp3,14.132125,6,4,9.558095,10.653379,1.095283
g2874,g2874.mp3,14.132125,6,5,11.331519,12.393333,1.061814
g2875,g2875.mp3,7.10525,3,0,0.0,1.047937,1.047937
g2875,g2875.mp3,7.10525,3,1,3.50805,4.041905,0.533855
g2875,g2875.mp3,7.10525,3,2,4.554331,5.581383,1.027052
g2876,g2876.mp3,7.340375,3,0,0.0,1.047642,1.047642
g2876,g2876.mp3,7.340375,3,1,3.381905,3.91458,0.532676
g2876,g2876.mp3,7.340375,3,2,4.632721,5.623469,0.990748
g2877,g2877.mp3,7.41875,3,0,0.0,1.039977,1.039977
g2877,g2877.mp3,7.41875,3,1,3.306825,3.828481,0.521655
g2877,g2877.mp3,7.41875,3,2,4.634603,5.666213,1.03161
g2878,g2878.mp3,7.026875,3,0,0.0,1.055578,1.055578
g2878,g2878.mp3,7.026875,3,1,3.115193,3.655556,0.540363
g2878,g2878.mp3,7.026875,3,2,4.312744,5.342698,1.029955
g2879,g2879.mp3,11.91175,6,0,0.0,1.046417,1.046417
g2879,g2879.mp3,11.91175,6,1,3.309501,3.807166,0.497664
g2879,g2879.mp3,11.91175,6,2,4.272834,5.309637,1.036803
g2879,g2879.mp3,11.91175,6,3,5.785737,6.801542,1.015805
g2879,g2879.mp3,11.91175,6,4,7.750567,8.793288,1.042721
g2879,g2879.mp3,11.91175,6,5,9.342313,10.35966,1.017347
g2880,g2880.mp3,6.974625,3,0,0.0,1.038458,1.038458
g2880,g2880.mp3,6.974625,3,1,2.998844,3.513719,0.514875
g2880,g2880.mp3,6.974625,3,2,4.209116,5.248141,1.039025
g2881,g2881.mp3,7.706,3,0,0.0,1.049977,1.049977
g2881,g2881.mp3,7.706,3,1,3.174104,3.700431,0.526327
g2881,g2881.mp3,7.706,3,2,4.678299,5.730567,1.052268
g2882,g2882.mp3,7.471,3,0,0.0,1.053311,1.053311
g2882,g2882.mp3,7.471,3,1,3.253039,3.799751,0.546712
g2882,g2882.mp3,7.471,3,2,4.592472,5.619433,1.026961
g2883,g2883.mp3,8.333,3,0,0.0,1.085737,1.085737
g2883,g2883.mp3,8.333,3,1,3.577188,4.108118,0.53093
g2883,g2883.mp3,8.333,3,2,5.160136,6.2222,1.062063
g2884,g2884.mp3,7.079125,3,0,0.0,1.036168,1.036168
g2884,g2884.mp3,7.079125,3,1,3.159751,3.678345,0.518594
g2884,g2884.mp3,7.079125,3,2,4.338821,5.376281,1.03746
g2885,g2885.mp3,7.235875,3,0,0.0,1.040658,1.040658
g2885,g2885.mp3,7.235875,3,1,3.262154,3.792948,0.530794
g2885,g2885.mp3,7.235875,3,2,4.495692,5.515238,1.019546
g2886,g2886.mp3,7.836625,3,0,0.0,1.03127,1.03127
g2886,g2886.mp3,7.836625,3,1,3.295941,3.848503,0.552562
g2886,g2886.mp3,7.836625,3,2,4.784331,5.823673,1.039342
g2887,g2887.mp3,15.020375,6,0,0.0,1.067619,1.067619
g2887,g2887.mp3,15.020375,6,1,3.308186,3.872902,0.564717
g2887,g2887.mp3,15.020375,6,2,4.755261,5.832971,1.07771
g2887,g2887.mp3,15.020375,6,3,6.69424,7.741769,1.047528
g2887,g2887.mp3,15.020375,6,4,10.059161,10.996417,0.937256
g2887,g2887.mp3,15.020375,6,5,11.935374,13.001043,1.065669
g2888,g2888.mp3,7.941125,3,0,0.0,1.04381,1.04381
g2888,g2888.mp3,7.941125,3,1,3.295283,3.819592,0.524308
g2888,g2888.mp3,7.941125,3,2,4.809138,5.832063,1.022925
g2889,g2889.mp3,7.20975,3,0,0.0,1.042313,1.042313
g2889,g2889.mp3,7.20975,3,1,3.212063,3.751859,0.539796
g2889,g2889.mp3,7.20975,3,2,4.426032,5.455669,1.029637
g2890,g2890.mp3,7.3665,3,0,0.0,1.05263,1.05263
g2890,g2890.mp3,7.3665,3,1,3.040635,3.554875,0.51424
g2890,g2890.mp3,7.3665,3,2,4.438526,5.459524,1.020998
g2891,g2891.mp3,12.01625,6,0,0.0,1.029025,1.029025
g2891,g2891.mp3,12.01625,6,1,3.310023,3.871088,0.561066
g2891,g2891.mp3,12.01625,6,2,4.358707,5.415737,1.057029
g2891,g2891.mp3,12.01625,6,3,5.939977,6.987279,1.047302
g2891,g2891.mp3,12.01625,6,4,8.008367,9.0622,1.053832
g2891,g2891.mp3,12.01625,6,5,9.494694,10.564286,1.069592
g2892,g2892.mp3,7.444875,3,0,0.0,1.034512,1.034512
g2892,g2892.mp3,7.444875,3,1,3.295918,3.823175,0.527256
g2892,g2892.mp3,7.444875,3,2,4.625692,5.64458,1.018889
g2893,g2893.mp3,7.3665,3,0,0.0,1.046145,1.046145
g2893,g2893.mp3,7.3665,3,1,3.299048,3.815578,0.516531
g2893,g2893.mp3,7.3665,3,2,4.549932,5.582426,1.032494
g2894,g2894.mp3,7.41875,3,0,0.0,1.050703,1.050703
g2894,g2894.mp3,7.41875,3,1,3.209864,3.744603,0.534739
g2894,g2894.mp3,7.41875,3,2,4.539546,5.584739,1.045193
g2895,g2895.mp3,13.635875,6,0,0.0,1.082177,1.082177
g2895,g2895.mp3,13.635875,6,1,3.34576,3.910794,0.565034
g2895,g2895.mp3,13.635875,6,2,4.78449,5.76288,0.97839
g2895,g2895.mp3,13.635875,6,3,6.686145,7.737029,1.050884
g2895,g2895.mp3,13.635875,6,4,8.649773,9.760612,1.110839
g2895,g2895.mp3,13.635875,6,5,10.655918,11.710635,1.054717
g2896,g2896.mp3,7.41875,3,0,0.0,1.047188,1.047188
g2896,g2896.mp3,7.41875,3,1,3.449955,3.994354,0.544399
g2896,g2896.mp3,7.41875,3,2,4.6239,5.678912,1.055011
g2897,g2897.mp3,14.78525,6,0,0.0,1.081247,1.081247
g2897,g2897.mp3,14.78525,6,1,3.393175,4.014921,0.621746
g2897,g2897.mp3,14.78525,6,2,4.783061,5.872472,1.08941
g2897,g2897.mp3,14.78525,6,3,6.635737,7.697642,1.061905
g2897,g2897.mp3,14.78525,6,4,10.132132,11.285941,1.15381
g2897,g2897.mp3,14.78525,6,5,11.966054,13.036168,1.070113
g2898,g2898.mp3,7.288125,3,0,0.0,1.048594,1.048594
g2898,g2898.mp3,7.288125,3,1,3.234989,3.774875,0.539887
g2898,g2898.mp3,7.288125,3,2,4.489615,5.517687,1.028073
g2899,g2899.mp3,7.62775,3,0,0.0,1.027846,1.027846
g2899,g2899.mp3,7.62775,3,1,3.499592,4.043333,0.543741
g2899,g2899.mp3,7.62775,3,2,4.748163,5.784422,1.036259
g2900,g2900.mp3,7.784375,3,0,0.0,1.057778,1.057778
g2900,g2900.mp3,7.784375,3,1,3.35483,3.876893,0.522063
g2900,g2900.mp3,7.784375,3,2,4.769705,5.821066,1.051361
g2901,g2901.mp3,7.653875,3,0,0.0,1.025692,1.025692
g2901,g2901.mp3,7.653875,3,1,3.382948,3.912268,0.52932
g2901,g2901.mp3,7.653875,3,2,4.752562,5.785261,1.032698
g2902,g2902.mp3,7.262,3,0,0.0,1.04551,1.04551
g2902,g2902.mp3,7.262,3,1,3.288957,3.808844,0.519887
g2902,g2902.mp3,7.262,3,2,4.516576,5.540612,1.024036
g2903,g2903.mp3,7.75825,3,0,0.0,1.036621,1.036621
g2903,g2903.mp3,7.75825,3,1,3.301247,3.818413,0.517166
g2903,g2903.mp3,7.75825,3,2,4.708685,5.765238,1.056553
g2904,g2904.mp3,7.3665,3,0,0.0,1.043628,1.043628
g2904,g2904.mp3,7.3665,3,1,3.269546,3.798322,0.528776
g2904,g2904.mp3,7.3665,3,2,4.529841,5.557483,1.027642
g2905,g2905.mp3,7.601625,3,0,0.0,1.053061,1.053061
g2905,g2905.mp3,7.601625,3,1,3.364989,3.880045,0.515057
g2905,g2905.mp3,7.601625,3,2,4.683333,5.716667,1.033333
g2906,g2906.mp3,7.131375,3,0,0.0,1.03941,1.03941
g2906,g2906.mp3,7.131375,3,1,3.272336,3.800907,0.528571
g2906,g2906.mp3,7.131375,3,2,4.412789,5.451837,1.039048
g2907,g2907.mp3,7.1575,3,0,0.0,1.042449,1.042449
g2907,g2907.mp3,7.1575,3,1,3.214875,3.735488,0.520612
g2907,g2907.mp3,7.1575,3,2,4.392426,5.430748,1.038322
g2908,g2908.mp3,12.721625,6,0,0.0,1.046667,1.046667
g2908,g2908.mp3,12.721625,6,1,3.020204,4.046531,1.026327
g2908,g2908.mp3,12.721625,6,2,4.637506,5.693039,1.055533
g2908,g2908.mp3,12.721625,6,3,6.345261,7.406667,1.061406
g2908,g2908.mp3,12.721625,6,4,8.401701,9.426032,1.024331
g2908,g2908.mp3,12.721625,6,5,10.017982,11.046735,1.028753
g2909,g2909.mp3,7.340375,3,0,0.0,1.027279,1.027279
g2909,g2909.mp3,7.340375,3,1,3.487914,4.016145,0.528231
g2909,g2909.mp3,7.340375,3,2,4.629252,5.662132,1.03288
g2910,g2910.mp3,7.444875,3,0,0.0,1.037868,1.037868
g2910,g2910.mp3,7.444875,3,1,3.290113,3.813129,0.523016
g2910,g2910.mp3,7.444875,3,2,4.57746,5.605828,1.028367
g2911,g2911.mp3,7.392625,3,0,0.0,1.02576,1.02576
g2911,g2911.mp3,7.392625,3,1,3.068209,3.590113,0.521905
g2911,g2911.mp3,7.392625,3,2,4.434966,5.481361,1.046395
g2912,g2912.mp3,6.870125,3,0,0.0,1.038458,1.038458
g2912,g2912.mp3,6.870125,3,1,3.155805,3.666644,0.510839
g2912,g2912.mp3,6.870125,3,2,4.253333,5.267982,1.014649
g2913,g2913.mp3,7.68,3,0,0.0,1.027687,1.027687
g2913,g2913.mp3,7.68,3,1,3.601451,4.121701,0.520249
g2913,g2913.mp3,7.68,3,2,4.845351,5.862698,1.017347
g2914,g2914.mp3,7.026875,3,0,0.0,1.026009,1.026009
g2914,g2914.mp3,7.026875,3,1,3.376236,3.884354,0.508118
g2914,g2914.mp3,7.026875,3,2,4.405306,5.413537,1.008231
g2915,g2915.mp3,7.079125,3,0,0.0,1.04263,1.04263
g2915,g2915.mp3,7.079125,3,1,3.270091,3.789229,0.519138
g2915,g2915.mp3,7.079125,3,2,4.399048,5.426281,1.027234
g2916,g2916.mp3,7.601625,3,0,0.0,1.043447,1.043447
g2916,g2916.mp3,7.601625,3,1,3.262993,3.789161,0.526168
g2916,g2916.mp3,7.601625,3,2,4.661769,5.685283,1.023515
g2917,g2917.mp3,6.765625,3,0,0.0,1.04873,1.04873
g2917,g2917.mp3,6.765625,3,1,3.351179,3.871156,0.519977
g2917,g2917.mp3,6.765625,3,2,4.292744,5.31898,1.026236
g2918,g2918.mp3,7.079125,3,0,0.0,1.050249,1.050249
g2918,g2918.mp3,7.079125,3,1,3.390476,3.930794,0.540317
g2918,g2918.mp3,7.079125,3,2,4.464399,5.482426,1.018027
g2919,g2919.mp3,7.026875,3,0,0.0,1.042562,1.042562
g2919,g2919.mp3,7.026875,3,1,3.4261,3.953175,0.527075
g2919,g2919.mp3,7.026875,3,2,4.438299,5.456735,1.018435
g2920,g2920.mp3,7.10525,3,0,0.0,1.040068,1.040068
g2920,g2920.mp3,7.10525,3,1,3.109229,3.652925,0.543696
g2920,g2920.mp3,7.10525,3,2,4.35898,5.389342,1.030363
g2921,g2921.mp3,7.471,3,0,0.0,1.042562,1.042562
g2921,g2921.mp3,7.471,3,1,3.366961,3.887302,0.52034
g2921,g2921.mp3,7.471,3,2,4.621995,5.677166,1.05517
g2922,g2922.mp3,7.5755,3,0,0.0,1.040635,1.040635
g2922,g2922.mp3,7.5755,3,1,3.378186,3.89737,0.519184
g2922,g2922.mp3,7.5755,3,2,4.655737,5.705533,1.049796
g2923,g2923.mp3,7.732125,3,0,0.0,1.046485,1.046485
g2923,g2923.mp3,7.732125,3,1,3.54034,4.069002,0.528662
g2923,g2923.mp3,7.732125,3,2,4.856077,5.876893,1.020816
g2924,g2924.mp3,7.784375,3,0,0.0,1.041156,1.041156
g2924,g2924.mp3,7.784375,3,1,3.292925,3.803719,0.510794
g2924,g2924.mp3,7.784375,3,2,4.725782,5.783243,1.05746
g2925,g2925.mp3,7.00075,3,0,0.0,1.057324,1.057324
g2925,g2925.mp3,7.00075,3,1,3.382766,3.906712,0.523946
g2925,g2925.mp3,7.00075,3,2,4.405261,5.432109,1.026848
g2926,g2926.mp3,7.20975,3,0,0.0,1.028481,1.028481
g2926,g2926.mp3,7.20975,3,1,3.389796,3.916531,0.526735
g2926,g2926.mp3,7.20975,3,2,4.497279,5.544875,1.047596
g2927,g2927.mp3,7.706,3,0,0.0,1.033673,1.033673
g2927,g2927.mp3,7.706,3,1,3.437687,3.958005,0.520317
g2927,g2927.mp3,7.706,3,2,4.785556,5.81415,1.028594
g2928,g2928.mp3,6.817875,3,0,0.0,1.028458,1.028458
g2928,g2928.mp3,6.817875,3,1,3.127937,3.631179,0.503243
g2928,g2928.mp3,6.817875,3,2,4.198254,5.209297,1.011043
g2929,g2929.mp3,7.8105,3,0,0.0,1.044535,1.044535
g2929,g2929.mp3,7.8105,3,1,3.312834,3.834785,0.52195
g2929,g2929.mp3,7.8105,3,2,4.789478,5.807506,1.018027
g2930,g2930.mp3,7.288125,3,0,0.0,1.032449,1.032449
g2930,g2930.mp3,7.288125,3,1,2.981859,3.504807,0.522948
g2930,g2930.mp3,7.288125,3,2,4.354467,5.375873,1.021406
g2931,g2931.mp3,7.079125,3,0,0.0,1.075329,1.075329
g2931,g2931.mp3,7.079125,3,1,3.216689,3.759977,0.543288
g2931,g2931.mp3,7.079125,3,2,4.381202,5.401043,1.019841
g2932,g2932.mp3,7.262,3,0,0.0,1.036077,1.036077
g2932,g2932.mp3,7.262,3,1,3.268639,3.809524,0.540884
g2932,g2932.mp3,7.262,3,2,4.513469,5.53746,1.023991
g2933,g2933.mp3,6.9485,3,0,0.0,1.029297,1.029297
g2933,g2933.mp3,6.9485,3,1,3.401746,3.915578,0.513832
g2933,g2933.mp3,6.9485,3,2,4.402472,5.452336,1.049864
g2934,g2934.mp3,7.41875,3,0,0.0,1.037755,1.037755
g2934,g2934.mp3,7.41875,3,1,3.194603,3.718571,0.523968
g2934,g2934.mp3,7.41875,3,2,4.53898,5.602041,1.063061
g2935,g2935.mp3,7.1575,3,0,0.0,1.068118,1.068118
g2935,g2935.mp3,7.1575,3,1,3.293673,3.87644,0.582766
g2935,g2935.mp3,7.1575,3,2,4.502177,5.526485,1.024308
g2936,g2936.mp3,6.974625,3,0,0.0,1.0361,1.0361
g2936,g2936.mp3,6.974625,3,1,3.221655,3.73449,0.512834
g2936,g2936.mp3,6.974625,3,2,4.337778,5.374422,1.036644
g2937,g2937.mp3,7.392625,3,0,0.0,1.043832,1.043832
g2937,g2937.mp3,7.392625,3,1,3.474376,4.010431,0.536054
g2937,g2937.mp3,7.392625,3,2,4.754512,5.72068,0.966168
g2938,g2938.mp3,6.608875,3,0,0.0,1.052993,1.052993
g2938,g2938.mp3,6.608875,3,1,2.95322,3.469274,0.516054
g2938,g2938.mp3,6.608875,3,2,3.998435,5.032041,1.033605
g2939,g2939.mp3,7.68,3,0,0.0,1.048277,1.048277
g2939,g2939.mp3,7.68,3,1,3.34551,3.851293,0.505782
g2939,g2939.mp3,7.68,3,2,4.795147,5.770748,0.975601
g2940,g2940.mp3,6.7395,3,0,0.0,1.033152,1.033152
g2940,g2940.mp3,6.7395,3,1,3.04,3.554218,0.514218
g2940,g2940.mp3,6.7395,3,2,4.116122,5.13322,1.017098
g2941,g2941.mp3,8.28075,3,0,0.0,1.034898,1.034898
g2941,g2941.mp3,8.28075,3,1,3.286372,3.840181,0.55381
g2941,g2941.mp3,8.28075,3,2,4.99585,6.046644,1.050794
g2942,g2942.mp3,8.150125,3,0,0.0,1.053469,1.053469
g2942,g2942.mp3,8.150125,3,1,3.437778,3.963741,0.525964
g2942,g2942.mp3,8.150125,3,2,5.020113,6.048662,1.028549
g2943,g2943.mp3,7.183625,3,0,0.0,1.026054,1.026054
g2943,g2943.mp3,7.183625,3,1,3.347007,3.840862,0.493855
g2943,g2943.mp3,7.183625,3,2,4.471497,5.505079,1.033583
g2944,g2944.mp3,14.706875,6,0,0.0,1.076825,1.076825
g2944,g2944.mp3,14.706875,6,1,3.687392,4.25093,0.563537
g2944,g2944.mp3,14.706875,6,2,4.921179,5.989274,1.068095
g2944,g2944.mp3,14.706875,6,3,6.647732,7.711179,1.063447
g2944,g2944.mp3,14.706875,6,4,10.189116,11.256961,1.067846
g2944,g2944.mp3,14.706875,6,5,11.938322,12.994172,1.05585
g2946,g2946.mp3,13.662,6,0,0.0,1.058186,1.058186
g2946,g2946.mp3,13.662,6,1,3.572404,4.138141,0.565737
g2946,g2946.mp3,13.662,6,2,5.065125,6.094694,1.029569
g2946,g2946.mp3,13.662,6,3,7.037211,8.086145,1.048934
g2946,g2946.mp3,13.662,6,4,9.322993,10.378073,1.055079
g2946,g2946.mp3,13.662,6,5,10.968209,12.032222,1.064014
g2947,g2947.mp3,7.3665,3,0,0.0,1.028231,1.028231
g2947,g2947.mp3,7.3665,3,1,3.671429,4.175034,0.503605
g2947,g2947.mp3,7.3665,3,2,4.737143,5.773719,1.036576
g2948,g2948.mp3,7.471,3,0,0.0,1.060522,1.060522
g2948,g2948.mp3,7.471,3,1,3.384921,3.913515,0.528594
g2948,g2948.mp3,7.471,3,2,4.636463,5.674376,1.037914
g2949,g2949.mp3,6.922375,3,0,0.0,1.042608,1.042608
g2949,g2949.mp3,6.922375,3,1,3.518254,4.057982,0.539728
g2949,g2949.mp3,6.922375,3,2,4.453855,5.490454,1.036599
g2950,g2950.mp3,7.026875,3,0,0.0,1.044966,1.044966
g2950,g2950.mp3,7.026875,3,1,3.207959,3.714036,0.506077
g2950,g2950.mp3,7.026875,3,2,4.33229,5.361338,1.029048
g2951,g2951.mp3,6.922375,3,0,0.0,1.033175,1.033175
g2951,g2951.mp3,6.922375,3,1,3.318571,3.839138,0.520567
g2951,g2951.mp3,6.922375,3,2,4.348322,5.367778,1.019456
g2952,g2952.mp3,7.471,3,0,0.0,1.043061,1.043061
g2952,g2952.mp3,7.471,3,1,3.396395,3.933855,0.53746
g2952,g2952.mp3,7.471,3,2,4.643084,5.688503,1.04542
g2953,g2953.mp3,7.549375,3,0,0.0,1.042676,1.042676
g2953,g2953.mp3,7.549375,3,1,3.42254,3.934762,0.512222
g2953,g2953.mp3,7.549375,3,2,4.717188,5.764195,1.047007
g2954,g2954.mp3,7.131375,3,0,0.0,1.038163,1.038163
g2954,g2954.mp3,7.131375,3,1,3.274014,3.78288,0.508866
g2954,g2954.mp3,7.131375,3,2,4.439569,5.45805,1.018481
g2955,g2955.mp3,6.89625,3,0,0.0,1.034921,1.034921
g2955,g2955.mp3,6.89625,3,1,3.324444,3.825941,0.501497
g2955,g2955.mp3,6.89625,3,2,4.315669,5.352834,1.037166
g2956,g2956.mp3,7.96725,3,0,0.0,1.051927,1.051927
g2956,g2956.mp3,7.96725,3,1,3.382177,3.900522,0.518345
g2956,g2956.mp3,7.96725,3,2,4.880884,5.914603,1.033719
g2957,g2957.mp3,7.131375,3,0,0.0,1.049841,1.049841
g2957,g2957.mp3,7.131375,3,1,3.301247,3.807868,0.506621
g2957,g2957.mp3,7.131375,3,2,4.425692,5.463243,1.037551
g2958,g2958.mp3,7.41875,3,0,0.0,1.025873,1.025873
g2958,g2958.mp3,7.41875,3,1,3.032812,3.549388,0.516576
g2958,g2958.mp3,7.41875,3,2,4.465737,5.497166,1.031429
g2959,g2959.mp3,7.053,3,0,0.0,1.025692,1.025692
g2959,g2959.mp3,7.053,3,1,3.28746,3.819615,0.532154
g2959,g2959.mp3,7.053,3,2,4.407574,5.449184,1.04161
g2960,g2960.mp3,7.653875,3,0,0.0,1.05102,1.05102
g2960,g2960.mp3,7.653875,3,1,3.09059,3.621678,0.531088
g2960,g2960.mp3,7.653875,3,2,4.596576,5.657914,1.061338
g2961,g2961.mp3,7.444875,3,0,0.0,1.030635,1.030635
g2961,g2961.mp3,7.444875,3,1,3.416689,3.967256,0.550567
g2961,g2961.mp3,7.444875,3,2,4.668753,5.687868,1.019116
g2962,g2962.mp3,7.340375,3,0,0.0,1.043356,1.043356
g2962,g2962.mp3,7.340375,3,1,3.463764,3.969138,0.505374
g2962,g2962.mp3,7.340375,3,2,4.612426,5.656689,1.044263
g2963,g2963.mp3,8.07175,3,0,0.0,1.044422,1.044422
g2963,g2963.mp3,8.07175,3,1,3.650136,4.202177,0.552041
g2963,g2963.mp3,8.07175,3,2,5.110181,6.142086,1.031905
g2964,g2964.mp3,7.131375,3,0,0.0,1.048163,1.048163
g2964,g2964.mp3,7.131375,3,1,3.400091,3.922834,0.522744
g2964,g2964.mp3,7.131375,3,2,4.482086,5.510476,1.02839
g2965,g2965.mp3,6.870125,3,0,0.0,1.046463,1.046463
g2965,g2965.mp3,6.870125,3,1,3.404354,3.92356,0.519206
g2965,g2965.mp3,6.870125,3,2,4.394762,5.419342,1.02458
g2966,g2966.mp3,7.026875,3,0,0.0,1.056712,1.056712
g2966,g2966.mp3,7.026875,3,1,3.486893,4.01551,0.528617
g2966,g2966.mp3,7.026875,3,2,4.481565,5.506848,1.025283
g2967,g2967.mp3,7.288125,3,0,0.0,1.04907,1.04907
g2967,g2967.mp3,7.288125,3,1,3.463129,4.008005,0.544875
g2967,g2967.mp3,7.288125,3,2,4.600476,5.64229,1.041814
g2968,g2968.mp3,6.7395,3,0,0.0,1.037438,1.037438
g2968,g2968.mp3,6.7395,3,1,3.285283,3.800181,0.514898
g2968,g2968.mp3,6.7395,3,2,4.242472,5.278753,1.036281
g2969,g2969.mp3,7.86275,3,0,0.0,1.045488,1.045488
g2969,g2969.mp3,7.86275,3,1,3.415011,3.932902,0.517891
g2969,g2969.mp3,7.86275,3,2,4.857438,5.88873,1.031293
g2970,g2970.mp3,7.00075,3,0,0.0,1.052268,1.052268
g2970,g2970.mp3,7.00075,3,1,3.068322,3.576531,0.508209
g2970,g2970.mp3,7.00075,3,2,4.225125,5.258073,1.032948
g2971,g2971.mp3,7.392625,3,0,0.0,1.030476,1.030476
g2971,g2971.mp3,7.392625,3,1,3.394127,3.904921,0.510794
g2971,g2971.mp3,7.392625,3,2,4.614898,5.638571,1.023673
g2972,g2972.mp3,7.1575,3,0,0.0,1.049456,1.049456
g2972,g2972.mp3,7.1575,3,1,3.510204,4.027506,0.517302
g2972,g2972.mp3,7.1575,3,2,4.543628,5.585102,1.041474
g2973,g2973.mp3,7.41875,3,0,0.0,1.048549,1.048549
g2973,g2973.mp3,7.41875,3,1,3.603107,4.123583,0.520476
g2973,g2973.mp3,7.41875,3,2,4.743061,5.75898,1.015918
g2974,g2974.mp3,7.5755,3,0,0.0,1.046667,1.046667
g2974,g2974.mp3,7.5755,3,1,3.461429,3.971927,0.510499
g2974,g2974.mp3,7.5755,3,2,4.736009,5.781247,1.045238
g2975,g2975.mp3,8.150125,3,0,0.0,1.026372,1.026372
g2975,g2975.mp3,8.150125,3,1,3.764059,4.267778,0.503719
g2975,g2975.mp3,8.150125,3,2,5.180816,6.212562,1.031746
g2976,g2976.mp3,7.653875,3,0,0.0,1.03966,1.03966
g2976,g2976.mp3,7.653875,3,1,3.417279,3.924512,0.507234
g2976,g2976.mp3,7.653875,3,2,4.759864,5.788254,1.02839
g2977,g2977.mp3,7.262,3,0,0.0,1.042676,1.042676
g2977,g2977.mp3,7.262,3,1,3.526735,4.029501,0.502766
g2977,g2977.mp3,7.262,3,2,4.631361,5.640771,1.00941
g2978,g2978.mp3,9.018,3,0,0.0,1.054512,1.054512
g2978,g2978.mp3,9.018,3,1,4.3839,5.399546,1.015646
g2978,g2978.mp3,9.018,3,2,6.509751,7.52127,1.011519
g2979,g2979.mp3,7.706,3,0,0.0,1.042268,1.042268
g2979,g2979.mp3,7.706,3,1,3.577528,4.096417,0.518889
g2979,g2979.mp3,7.706,3,2,4.856168,5.876893,1.020726
g2980,g2980.mp3,6.89625,3,0,0.0,1.025873,1.025873
g2980,g2980.mp3,6.89625,3,1,3.080522,3.603583,0.523061
g2980,g2980.mp3,6.89625,3,2,4.192653,5.216236,1.023583
g2981,g2981.mp3,7.288125,3,0,0.0,1.033492,1.033492
g2981,g2981.mp3,7.288125,3,1,3.357075,3.87678,0.519705
g2981,g2981.mp3,7.288125,3,2,4.529864,5.540862,1.010998
g2982,g2982.mp3,6.870125,3,0,0.0,1.036871,1.036871
g2982,g2982.mp3,6.870125,3,1,3.2178,3.733492,0.515692
g2982,g2982.mp3,6.870125,3,2,4.296893,5.330431,1.033537
g2983,g2983.mp3,7.183625,3,0,0.0,1.045215,1.045215
g2983,g2983.mp3,7.183625,3,1,3.299048,3.802971,0.503923
g2983,g2983.mp3,7.183625,3,2,4.457483,5.479751,1.022268
g2984,g2984.mp3,7.00075,3,0,0.0,1.033356,1.033356
g2984,g2984.mp3,7.00075,3,1,3.30068,3.798776,0.498095
g2984,g2984.mp3,7.00075,3,2,4.349955,5.379796,1.029841
g2985,g2985.mp3,7.62775,3,0,0.0,1.039229,1.039229
g2985,g2985.mp3,7.62775,3,1,3.415465,3.917347,0.501882
g2985,g2985.mp3,7.62775,3,2,4.741406,5.762857,1.021451
g2986,g2986.mp3,7.75825,3,0,0.0,1.03161,1.03161
g2986,g2986.mp3,7.75825,3,1,3.48517,4.008186,0.523016
g2986,g2986.mp3,7.75825,3,2,4.854785,5.88161,1.026825
g2987,g2987.mp3,7.732125,3,0,0.0,1.038594,1.038594
g2987,g2987.mp3,7.732125,3,1,3.36288,3.873039,0.510159
g2987,g2987.mp3,7.732125,3,2,4.762948,5.769501,1.006553
g2988,g2988.mp3,7.340375,3,0,0.0,1.02585,1.02585
g2988,g2988.mp3,7.340375,3,1,3.17542,3.703991,0.528571
g2988,g2988.mp3,7.340375,3,2,4.504422,5.532993,1.028571
g2989,g2989.mp3,7.079125,3,0,0.0,1.046395,1.046395
g2989,g2989.mp3,7.079125,3,1,3.384467,3.910907,0.52644
g2989,g2989.mp3,7.079125,3,2,4.447007,5.470385,1.023379
g2990,g2990.mp3,6.974625,3,0,0.0,1.04,1.04
g2990,g2990.mp3,6.974625,3,1,2.928526,3.428889,0.500363
g2990,g2990.mp3,6.974625,3,2,4.127687,5.143719,1.016032
g2991,g2991.mp3,8.045625,3,0,0.0,1.044626,1.044626
g2991,g2991.mp3,8.045625,3,1,3.393855,3.899433,0.505578
g2991,g2991.mp3,8.045625,3,2,4.948458,5.986576,1.038118
g2992,g2992.mp3,7.653875,3,0,0.0,1.026893,1.026893
g2992,g2992.mp3,7.653875,3,1,3.474921,4.00093,0.526009
g2992,g2992.mp3,7.653875,3,2,4.80068,5.831678,1.030998
g2993,g2993.mp3,7.86275,3,0,0.0,1.040159,1.040159
g2993,g2993.mp3,7.86275,3,1,3.427755,3.991474,0.563719
g2993,g2993.mp3,7.86275,3,2,4.912404,5.94102,1.028617
g2994,g2994.mp3,7.888875,3,0,0.0,1.034943,1.034943
g2994,g2994.mp3,7.888875,3,1,3.370907,3.87093,0.500023
g2994,g2994.mp3,7.888875,3,2,4.854875,5.86195,1.007075
g2995,g2995.mp3,7.653875,3,0,0.0,1.038662,1.038662
g2995,g2995.mp3,7.653875,3,1,3.414853,4.025601,0.610748
g2995,g2995.mp3,7.653875,3,2,4.785918,5.815193,1.029274
g2996,g2996.mp3,13.792625,6,0,0.0,1.05229,1.05229
g2996,g2996.mp3,13.792625,6,1,3.398776,3.934172,0.535397
g2996,g2996.mp3,13.792625,6,2,4.626961,5.69576,1.068798
g2996,g2996.mp3,13.792625,6,3,6.421519,7.492653,1.071134
g2996,g2996.mp3,13.792625,6,4,9.650408,10.662676,1.012268
g2996,g2996.mp3,13.792625,6,5,11.198503,12.213719,1.015215
g2997,g2997.mp3,18.0505,9,0,0.0,1.039887,1.039887
g2997,g2997.mp3,18.0505,9,1,3.668095,4.17161,0.503515
g2997,g2997.mp3,18.0505,9,2,4.778481,5.826735,1.048254
g2997,g2997.mp3,18.0505,9,3,6.404966,7.44229,1.037324
g2997,g2997.mp3,18.0505,9,4,8.425465,9.448413,1.022948
g2997,g2997.mp3,18.0505,9,5,10.077732,11.1061,1.028367
g2997,g2997.mp3,18.0505,9,6,11.72737,12.769433,1.042063
g2997,g2997.mp3,18.0505,9,7,13.732698,14.759161,1.026463
g2997,g2997.mp3,18.0505,9,8,15.375193,16.394308,1.019116
g2998,g2998.mp3,7.340375,3,0,0.0,1.042698,1.042698
g2998,g2998.mp3,7.340375,3,1,3.294535,3.809252,0.514717
g2998,g2998.mp3,7.340375,3,2,4.552948,5.582971,1.030023
g2999,g2999.mp3,7.5755,3,0,0.0,1.04839,1.04839
g2999,g2999.mp3,7.5755,3,1,3.652902,4.150975,0.498073
g2999,g2999.mp3,7.5755,3,2,4.832336,5.855351,1.023016
g3000,g3000.mp3,7.1575,3,0,0.0,1.038912,1.038912
g3000,g3000.mp3,7.1575,3,1,3.16619,3.689297,0.523107
g3000,g3000.mp3,7.1575,3,2,4.399887,5.426009,1.026122
g3001,g3001.mp3,8.0195,3,0,0.0,1.043129,1.043129
g3001,g3001.mp3,8.0195,3,1,3.885873,4.406145,0.520272
g3001,g3001.mp3,8.0195,3,2,5.143265,6.183741,1.040476
g3002,g3002.mp3,16.431,6,0,0.0,1.105215,1.105215
g3002,g3002.mp3,16.431,6,1,3.540567,4.070113,0.529546
g3002,g3002.mp3,16.431,6,2,5.052154,6.058639,1.006485
g3002,g3002.mp3,16.431,6,3,7.05263,8.1478,1.09517
g3002,g3002.mp3,16.431,6,4,11.176848,12.188866,1.012018
g3002,g3002.mp3,16.431,6,5,13.171905,14.23415,1.062245
g3003,g3003.mp3,7.784375,3,0,0.0,1.056236,1.056236
g3003,g3003.mp3,7.784375,3,1,3.485646,4.020522,0.534875
g3003,g3003.mp3,7.784375,3,2,4.877075,5.945533,1.068458
g3004,g3004.mp3,7.131375,3,0,0.0,1.045873,1.045873
g3004,g3004.mp3,7.131375,3,1,3.530748,4.061837,0.531088
g3004,g3004.mp3,7.131375,3,2,4.555692,5.598662,1.042971
g3005,g3005.mp3,7.340375,3,0,0.0,1.061474,1.061474
g3005,g3005.mp3,7.340375,3,1,3.611406,4.170272,0.558866
g3005,g3005.mp3,7.340375,3,2,4.747982,5.796599,1.048617
g3006,g3006.mp3,7.8105,3,0,0.0,1.051655,1.051655
g3006,g3006.mp3,7.8105,3,1,3.691655,4.224626,0.532971
g3006,g3006.mp3,7.8105,3,2,5.007256,6.034558,1.027302
g3007,g3007.mp3,7.20975,3,0,0.0,1.033288,1.033288
g3007,g3007.mp3,7.20975,3,1,3.373878,3.900454,0.526576
g3007,g3007.mp3,7.20975,3,2,4.562698,5.601655,1.038957
g3008,g3008.mp3,7.96725,3,0,0.0,1.057211,1.057211
g3008,g3008.mp3,7.96725,3,1,3.297596,3.817166,0.519569
g3008,g3008.mp3,7.96725,3,2,4.899728,5.931043,1.031315
g3009,g3009.mp3,8.124,3,0,0.0,1.036236,1.036236
g3009,g3009.mp3,8.124,3,1,3.566916,4.113424,0.546508
g3009,g3009.mp3,8.124,3,2,5.09127,6.118277,1.027007
g3010,g3010.mp3,8.515875,3,0,0.0,1.03712,1.03712
g3010,g3010.mp3,8.515875,3,1,3.331633,3.875465,0.543832
g3010,g3010.mp3,8.515875,3,2,5.188662,6.239819,1.051156
g3011,g3011.mp3,8.097875,3,0,0.0,1.035669,1.035669
g3011,g3011.mp3,8.097875,3,1,3.457664,3.975261,0.517596
g3011,g3011.mp3,8.097875,3,2,5.026599,6.041882,1.015283
g3012,g3012.mp3,7.549375,3,0,0.0,1.02678,1.02678
g3012,g3012.mp3,7.549375,3,1,3.403968,3.918707,0.514739
g3012,g3012.mp3,7.549375,3,2,4.706689,5.740113,1.033424
g3013,g3013.mp3,7.784375,3,0,0.0,1.04034,1.04034
g3013,g3013.mp3,7.784375,3,1,3.656236,4.191497,0.535261
g3013,g3013.mp3,7.784375,3,2,4.950703,5.981927,1.031224
g3014,g3014.mp3,7.079125,3,0,0.0,1.047075,1.047075
g3014,g3014.mp3,7.079125,3,1,3.457302,3.960567,0.503265
g3014,g3014.mp3,7.079125,3,2,4.502313,5.524717,1.022404
g3015,g3015.mp3,7.732125,3,0,0.0,1.046712,1.046712
g3015,g3015.mp3,7.732125,3,1,3.567914,4.082721,0.514807
g3015,g3015.mp3,7.732125,3,2,4.846531,5.86585,1.01932
g3016,g3016.mp3,12.826,6,0,0.0,1.025057,1.025057
g3016,g3016.mp3,12.826,6,1,3.896961,4.896961,1.0
g3016,g3016.mp3,12.826,6,2,5.719751,6.719728,0.999977
g3016,g3016.mp3,12.826,6,3,7.507664,8.004717,0.497052
g3016,g3016.mp3,12.826,6,4,9.102585,10.10263,1.000045
g3016,g3016.mp3,12.826,6,5,10.97034,11.97034,1.0
g3017,g3017.mp3,7.52325,3,0,0.0,1.069342,1.069342
g3017,g3017.mp3,7.52325,3,1,3.952676,4.478254,0.525578
g3017,g3017.mp3,7.52325,3,2,4.983356,6.004785,1.021429
g3018,g3018.mp3,7.5755,3,0,0.0,1.056576,1.056576
g3018,g3018.mp3,7.5755,3,1,3.510068,4.049796,0.539728
g3018,g3018.mp3,7.5755,3,2,4.859955,5.809229,0.949274
g3019,g3019.mp3,8.07175,3,0,0.0,1.058163,1.058163
g3019,g3019.mp3,8.07175,3,1,3.56322,4.092449,0.529229
g3019,g3019.mp3,8.07175,3,2,5.063401,6.085351,1.02195
g3020,g3020.mp3,7.888875,3,0,0.0,1.051179,1.051179
g3020,g3020.mp3,7.888875,3,1,3.287279,3.790113,0.502834
g3020,g3020.mp3,7.888875,3,2,4.827982,5.857007,1.029025
g3021,g3021.mp3,7.706,3,0,0.0,1.053719,1.053719
g3021,g3021.mp3,7.706,3,1,3.731134,4.249955,0.518821
g3021,g3021.mp3,7.706,3,2,4.953764,5.989501,1.035737
g3022,g3022.mp3,7.8105,3,0,0.0,1.040499,1.040499
g3022,g3022.mp3,7.8105,3,1,3.608231,4.135351,0.52712
g3022,g3022.mp3,7.8105,3,2,4.963628,5.99068,1.027052
g3023,g3023.mp3,7.392625,3,0,0.0,1.054059,1.054059
g3023,g3023.mp3,7.392625,3,1,3.567528,4.123288,0.55576
g3023,g3023.mp3,7.392625,3,2,4.702744,5.765669,1.062925
g3024,g3024.mp3,7.3665,3,0,0.0,1.041043,1.041043
g3024,g3024.mp3,7.3665,3,1,3.542562,4.080159,0.537596
g3024,g3024.mp3,7.3665,3,2,4.681315,5.707891,1.026576
g3025,g3025.mp3,7.86275,3,0,0.0,1.034422,1.034422
g3025,g3025.mp3,7.86275,3,1,3.620317,4.153923,0.533605
g3025,g3025.mp3,7.86275,3,2,4.973447,6.028685,1.055238
g3026,g3026.mp3,7.86275,3,0,0.0,1.030499,1.030499
g3026,g3026.mp3,7.86275,3,1,3.634263,4.175828,0.541565
g3026,g3026.mp3,7.86275,3,2,4.983016,6.031723,1.048707
g3027,g3027.mp3,8.045625,3,0,0.0,1.045306,1.045306
g3027,g3027.mp3,8.045625,3,1,3.712358,4.228141,0.515782
g3027,g3027.mp3,8.045625,3,2,5.1378,6.163333,1.025533
g3028,g3028.mp3,7.471,3,0,0.0,1.070567,1.070567
g3028,g3028.mp3,7.471,3,1,3.275034,3.833515,0.558481
g3028,g3028.mp3,7.471,3,2,4.600612,5.634195,1.033583
g3029,g3029.mp3,15.20325,7,0,0.0,1.119161,1.119161
g3029,g3029.mp3,15.20325,7,1,3.616508,4.14678,0.530272
g3029,g3029.mp3,15.20325,7,2,4.766032,5.865011,1.09898
g3029,g3029.mp3,15.20325,7,3,6.463764,7.525193,1.061429
g3029,g3029.mp3,15.20325,7,4,9.300045,9.44517,0.145125
g3029,g3029.mp3,15.20325,7,5,9.976032,11.065805,1.089773
g3029,g3029.mp3,15.20325,7,6,12.062585,13.125465,1.06288
g3030,g3030.mp3,7.497125,3,0,0.0,1.040839,1.040839
g3030,g3030.mp3,7.497125,3,1,3.352063,3.872358,0.520295
g3030,g3030.mp3,7.497125,3,2,4.71093,5.628073,0.917143
g3031,g3031.mp3,8.38525,3,0,0.0,1.042109,1.042109
g3031,g3031.mp3,8.38525,3,1,3.59322,4.120159,0.526939
g3031,g3031.mp3,8.38525,3,2,5.226735,6.240204,1.013469
g3032,g3032.mp3,8.59425,3,0,0.0,1.055828,1.055828
g3032,g3032.mp3,8.59425,3,1,3.622132,4.141179,0.519048
g3032,g3032.mp3,8.59425,3,2,5.30356,6.366508,1.062948
g3033,g3033.mp3,7.497125,3,0,0.0,1.051587,1.051587
g3033,g3033.mp3,7.497125,3,1,3.527415,4.040726,0.513311
g3033,g3033.mp3,7.497125,3,2,4.74034,5.76263,1.02229
g3034,g3034.mp3,7.392625,3,0,0.0,1.043243,1.043243
g3034,g3034.mp3,7.392625,3,1,3.329751,3.847959,0.518209
g3034,g3034.mp3,7.392625,3,2,4.56458,5.610204,1.045624
g3035,g3035.mp3,7.836625,3,0,0.0,1.027392,1.027392
g3035,g3035.mp3,7.836625,3,1,3.487007,4.005102,0.518095
g3035,g3035.mp3,7.836625,3,2,4.881043,5.917483,1.03644
g3036,g3036.mp3,8.07175,3,0,0.0,1.045102,1.045102
g3036,g3036.mp3,8.07175,3,1,3.622404,4.130023,0.507619
g3036,g3036.mp3,8.07175,3,2,5.101088,6.141202,1.040113
g3037,g3037.mp3,7.288125,3,0,0.0,1.042608,1.042608
g3037,g3037.mp3,7.288125,3,1,3.334921,3.832041,0.49712
g3037,g3037.mp3,7.288125,3,2,4.518707,5.541361,1.022653
g3038,g3038.mp3,8.620375,3,0,0.0,1.04229,1.04229
g3038,g3038.mp3,8.620375,3,1,3.359909,3.929365,0.569456
g3038,g3038.mp3,8.620375,3,2,5.198458,6.275125,1.076667
g3039,g3039.mp3,7.497125,3,0,0.0,1.041587,1.041587
g3039,g3039.mp3,7.497125,3,1,3.572177,4.091678,0.519501
g3039,g3039.mp3,7.497125,3,2,4.775896,5.806916,1.03102
g3040,g3040.mp3,7.41875,3,0,0.0,1.03771,1.03771
g3040,g3040.mp3,7.41875,3,1,3.217302,3.762789,0.545488
g3040,g3040.mp3,7.41875,3,2,4.539864,5.591361,1.051497
g3041,g3041.mp3,7.31425,3,0,0.0,1.034399,1.034399
g3041,g3041.mp3,7.31425,3,1,3.481519,4.021746,0.540227
g3041,g3041.mp3,7.31425,3,2,4.600748,5.630907,1.030159
g3042,g3042.mp3,7.62775,3,0,0.0,1.032653,1.032653
g3042,g3042.mp3,7.62775,3,1,3.496281,4.004444,0.508163
g3042,g3042.mp3,7.62775,3,2,4.782472,5.794943,1.012472
g3043,g3043.mp3,7.497125,3,0,0.0,1.043016,1.043016
g3043,g3043.mp3,7.497125,3,1,3.556667,4.061882,0.505215
g3043,g3043.mp3,7.497125,3,2,4.728957,5.740839,1.011882
g3044,g3044.mp3,7.653875,3,0,0.0,1.025828,1.025828
g3044,g3044.mp3,7.653875,3,1,3.551633,4.070612,0.51898
g3044,g3044.mp3,7.653875,3,2,4.828707,5.858685,1.029977
g3045,g3045.mp3,8.38525,3,0,0.0,1.035556,1.035556
g3045,g3045.mp3,8.38525,3,1,3.685556,4.224014,0.538458
g3045,g3045.mp3,8.38525,3,2,5.320159,6.358821,1.038662
g3046,g3046.mp3,7.444875,3,0,0.0,1.040091,1.040091
g3046,g3046.mp3,7.444875,3,1,3.681361,4.210113,0.528753
g3046,g3046.mp3,7.444875,3,2,4.789478,5.807823,1.018345
g3047,g3047.mp3,7.262,3,0,0.0,1.033061,1.033061
g3047,g3047.mp3,7.262,3,1,3.521837,4.02415,0.502313
g3047,g3047.mp3,7.262,3,2,4.619478,5.639478,1.02
g3048,g3048.mp3,7.20975,3,0,0.0,1.070363,1.070363
g3048,g3048.mp3,7.20975,3,1,3.380181,3.893787,0.513605
g3048,g3048.mp3,7.20975,3,2,4.501043,5.533447,1.032404
g3049,g3049.mp3,7.915,3,0,0.0,1.041905,1.041905
g3049,g3049.mp3,7.915,3,1,3.506735,4.026077,0.519342
g3049,g3049.mp3,7.915,3,2,4.90712,5.933583,1.026463
g3050,g3050.mp3,7.52325,3,0,0.0,1.027166,1.027166
g3050,g3050.mp3,7.52325,3,1,3.090499,3.616327,0.525828
g3050,g3050.mp3,7.52325,3,2,4.524467,5.571905,1.047438
g3051,g3051.mp3,7.549375,3,0,0.0,1.047982,1.047982
g3051,g3051.mp3,7.549375,3,1,3.346372,3.915011,0.568639
g3051,g3051.mp3,7.549375,3,2,4.686531,5.751542,1.065011
g3052,g3052.mp3,7.653875,3,0,0.0,1.02576,1.02576
g3052,g3052.mp3,7.653875,3,1,3.324444,3.852585,0.528141
g3052,g3052.mp3,7.653875,3,2,4.716417,5.761859,1.045442
g3053,g3053.mp3,7.915,3,0,0.0,1.044739,1.044739
g3053,g3053.mp3,7.915,3,1,3.38737,3.926122,0.538753
g3053,g3053.mp3,7.915,3,2,4.861882,5.89932,1.037438
g3054,g3054.mp3,8.0195,3,0,0.0,1.041882,1.041882
g3054,g3054.mp3,8.0195,3,1,3.509002,4.021769,0.512766
g3054,g3054.mp3,8.0195,3,2,4.965079,6.011791,1.046712
g3055,g3055.mp3,8.045625,3,0,0.0,1.05356,1.05356
g3055,g3055.mp3,8.045625,3,1,3.456009,4.025624,0.569615
g3055,g3055.mp3,8.045625,3,2,5.03712,6.059932,1.022812
g3056,g3056.mp3,7.836625,3,0,0.0,1.025692,1.025692
g3056,g3056.mp3,7.836625,3,1,3.514875,4.266032,0.7511570000000001
g3056,g3056.mp3,7.836625,3,2,4.990658,6.0278,1.037143
g3057,g3057.mp3,7.62775,3,0,0.0,1.040204,1.040204
g3057,g3057.mp3,7.62775,3,1,3.50941,4.020952,0.511542
g3057,g3057.mp3,7.62775,3,2,4.79907,5.835261,1.03619
g3058,g3058.mp3,7.62775,3,0,0.0,1.049569,1.049569
g3058,g3058.mp3,7.62775,3,1,3.214853,3.740884,0.526032
g3058,g3058.mp3,7.62775,3,2,4.624739,5.660363,1.035624
g3059,g3059.mp3,7.732125,3,0,0.0,1.037868,1.037868
g3059,g3059.mp3,7.732125,3,1,3.358821,3.878367,0.519546
g3059,g3059.mp3,7.732125,3,2,4.753764,5.784422,1.030658
g3060,g3060.mp3,7.62775,3,0,0.0,1.054853,1.054853
g3060,g3060.mp3,7.62775,3,1,3.147256,3.640227,0.492971
g3060,g3060.mp3,7.62775,3,2,4.615533,5.65127,1.035737
g3061,g3061.mp3,7.549375,3,0,0.0,1.055147,1.055147
g3061,g3061.mp3,7.549375,3,1,3.416712,3.936599,0.519887
g3061,g3061.mp3,7.549375,3,2,4.708753,5.730635,1.021882
g3062,g3062.mp3,7.601625,3,0,0.0,1.051905,1.051905
g3062,g3062.mp3,7.601625,3,1,3.45254,3.974331,0.521791
g3062,g3062.mp3,7.601625,3,2,4.752268,5.794354,1.042086
g3063,g3063.mp3,7.68,3,0,0.0,1.046599,1.046599
g3063,g3063.mp3,7.68,3,1,3.545034,4.05907,0.514036
g3063,g3063.mp3,7.68,3,2,4.803039,5.837029,1.033991
g3064,g3064.mp3,7.288125,3,0,0.0,1.032472,1.032472
g3064,g3064.mp3,7.288125,3,1,3.464785,3.987256,0.522472
g3064,g3064.mp3,7.288125,3,2,4.592109,5.632449,1.04034
g3065,g3065.mp3,7.836625,3,0,0.0,1.038662,1.038662
g3065,g3065.mp3,7.836625,3,1,3.584444,4.098912,0.514467
g3065,g3065.mp3,7.836625,3,2,4.934966,5.964603,1.029637
g3066,g3066.mp3,7.86275,3,0,0.0,1.056553,1.056553
g3066,g3066.mp3,7.86275,3,1,3.666871,4.184989,0.518118
g3066,g3066.mp3,7.86275,3,2,5.007483,6.03737,1.029887
g3067,g3067.mp3,7.68,3,0,0.0,1.054331,1.054331
g3067,g3067.mp3,7.68,3,1,3.554014,4.09254,0.538526
g3067,g3067.mp3,7.68,3,2,4.858118,5.869229,1.011111
g3068,g3068.mp3,7.10525,3,0,0.0,1.036689,1.036689
g3068,g3068.mp3,7.10525,3,1,3.400045,3.916077,0.516032
g3068,g3068.mp3,7.10525,3,2,4.478277,5.512086,1.03381
g3069,g3069.mp3,7.471,3,0,0.0,1.054966,1.054966
g3069,g3069.mp3,7.471,3,1,3.76195,4.286054,0.524104
g3069,g3069.mp3,7.471,3,2,4.786327,5.810068,1.023741
g3070,g3070.mp3,8.39125,4,0,0.0,1.169433,1.169433
g3070,g3070.mp3,8.39125,4,1,2.594785,3.179002,0.584218
g3070,g3070.mp3,8.39125,4,2,4.463401,5.522177,1.058776
g3070,g3070.mp3,8.39125,4,3,6.201451,7.296463,1.095011
g3071,g3071.mp3,8.124,3,0,0.0,1.053673,1.053673
g3071,g3071.mp3,8.124,3,1,3.642494,4.1761,0.533605
g3071,g3071.mp3,8.124,3,2,5.116032,6.173243,1.057211
g3072,g3072.mp3,8.333,3,0,0.0,1.026395,1.026395
g3072,g3072.mp3,8.333,3,1,3.538753,4.062222,0.523469
g3072,g3072.mp3,8.333,3,2,5.126032,6.179864,1.053832
g3073,g3073.mp3,7.5755,3,0,0.0,1.033288,1.033288
g3073,g3073.mp3,7.5755,3,1,3.683197,4.20381,0.520612
g3073,g3073.mp3,7.5755,3,2,4.858707,5.888254,1.029546
g3074,g3074.mp3,7.62775,3,0,0.0,1.036054,1.036054
g3074,g3074.mp3,7.62775,3,1,3.578662,4.091451,0.512789
g3074,g3074.mp3,7.62775,3,2,4.792063,5.815692,1.023628
g3075,g3075.mp3,14.393375,6,0,0.0,1.065941,1.065941
g3075,g3075.mp3,14.393375,6,1,3.765442,4.324263,0.558821
g3075,g3075.mp3,14.393375,6,2,5.045011,6.087302,1.04229
g3075,g3075.mp3,14.393375,6,3,6.85356,7.922562,1.069002
g3075,g3075.mp3,14.393375,6,4,9.282562,10.347528,1.064966
g3075,g3075.mp3,14.393375,6,5,11.318866,12.386871,1.068005
g3076,g3076.mp3,7.784375,3,0,0.0,1.065011,1.065011
g3076,g3076.mp3,7.784375,3,1,3.833107,4.347528,0.514422
g3076,g3076.mp3,7.784375,3,2,4.981361,6.046531,1.06517
g3077,g3077.mp3,7.262,3,0,0.0,1.04034,1.04034
g3077,g3077.mp3,7.262,3,1,3.636077,4.149796,0.513719
g3077,g3077.mp3,7.262,3,2,4.68102,5.723583,1.042562
g3078,g3078.mp3,7.941125,3,0,0.0,1.055556,1.055556
g3078,g3078.mp3,7.941125,3,1,3.399524,3.919456,0.519932
g3078,g3078.mp3,7.941125,3,2,4.902086,5.914875,1.012789
g3079,g3079.mp3,7.8105,3,0,0.0,1.0539,1.0539
g3079,g3079.mp3,7.8105,3,1,3.564853,4.081973,0.51712
g3079,g3079.mp3,7.8105,3,2,4.927664,5.95288,1.025215
g3080,g3080.mp3,7.183625,3,0,0.0,1.036667,1.036667
g3080,g3080.mp3,7.183625,3,1,3.090068,3.603515,0.513447
g3080,g3080.mp3,7.183625,3,2,4.357279,5.377075,1.019796
g3081,g3081.mp3,8.07175,3,0,0.0,1.052426,1.052426
g3081,g3081.mp3,8.07175,3,1,3.458367,3.98898,0.530612
g3081,g3081.mp3,8.07175,3,2,5.049864,6.068027,1.018163
g3082,g3082.mp3,7.20975,3,0,0.0,1.042041,1.042041
g3082,g3082.mp3,7.20975,3,1,3.404762,3.89966,0.494898
g3082,g3082.mp3,7.20975,3,2,4.506803,5.548027,1.041224
g3083,g3083.mp3,7.732125,3,0,0.0,1.043197,1.043197
g3083,g3083.mp3,7.732125,3,1,3.579569,4.095646,0.516077
g3083,g3083.mp3,7.732125,3,2,4.797279,5.84059,1.043311
g3084,g3084.mp3,7.52325,3,0,0.0,1.041497,1.041497
g3084,g3084.mp3,7.52325,3,1,3.429388,3.953605,0.524218
g3084,g3084.mp3,7.52325,3,2,4.731429,5.746599,1.01517
g3085,g3085.mp3,7.888875,3,0,0.0,1.032109,1.032109
g3085,g3085.mp3,7.888875,3,1,3.403492,3.921814,0.518322
g3085,g3085.mp3,7.888875,3,2,4.882063,5.89551,1.013447
g3086,g3086.mp3,8.254625,3,0,0.0,1.047279,1.047279
g3086,g3086.mp3,8.254625,3,1,3.539977,4.058322,0.518345
g3086,g3086.mp3,8.254625,3,2,5.129887,6.156599,1.026712
g3087,g3087.mp3,7.68,3,0,0.0,1.051043,1.051043
g3087,g3087.mp3,7.68,3,1,3.422925,3.944444,0.521519
g3087,g3087.mp3,7.68,3,2,4.747642,5.80068,1.053039
g3088,g3088.mp3,7.601625,3,0,0.0,1.066372,1.066372
g3088,g3088.mp3,7.601625,3,1,3.368707,3.873696,0.504989
g3088,g3088.mp3,7.601625,3,2,4.696916,5.730091,1.033175
g3089,g3089.mp3,7.10525,3,0,0.0,1.043129,1.043129
g3089,g3089.mp3,7.10525,3,1,3.576621,4.070794,0.494172
g3089,g3089.mp3,7.10525,3,2,4.576372,5.606508,1.030136
g3090,g3090.mp3,7.68,3,0,0.0,1.049751,1.049751
g3090,g3090.mp3,7.68,3,1,3.51,4.008957,0.498957
g3090,g3090.mp3,7.68,3,2,4.877755,5.887823,1.010068
g3091,g3091.mp3,7.1575,3,0,0.0,1.051383,1.051383
g3091,g3091.mp3,7.1575,3,1,3.519977,4.037007,0.517029
g3091,g3091.mp3,7.1575,3,2,4.575964,5.59941,1.023447
g3092,g3092.mp3,7.3665,3,0,0.0,1.044558,1.044558
g3092,g3092.mp3,7.3665,3,1,3.434195,3.946553,0.512358
g3092,g3092.mp3,7.3665,3,2,4.692925,5.667823,0.974898
g3093,g3093.mp3,15.36,7,0,0.0,1.02712,1.02712
g3093,g3093.mp3,15.36,7,1,3.568118,4.107234,0.539116
g3093,g3093.mp3,15.36,7,2,4.982721,6.110045,1.127324
g3093,g3093.mp3,15.36,7,3,6.996825,8.071066,1.07424
g3093,g3093.mp3,15.36,7,4,9.16551,9.459297,0.293787
g3093,g3093.mp3,15.36,7,5,10.559093,11.635805,1.076712
g3093,g3093.mp3,15.36,7,6,12.459637,13.495964,1.036327
g3094,g3094.mp3,8.38525,3,0,0.0,1.038934,1.038934
g3094,g3094.mp3,8.38525,3,1,3.647846,4.175397,0.527551
g3094,g3094.mp3,8.38525,3,2,5.281474,6.328549,1.047075
g3095,g3095.mp3,14.524,6,0,0.0,1.062925,1.062925
g3095,g3095.mp3,14.524,6,1,3.744422,4.262494,0.518073
g3095,g3095.mp3,14.524,6,2,4.897188,5.925397,1.028209
g3095,g3095.mp3,14.524,6,3,6.568549,7.592109,1.02356
g3095,g3095.mp3,14.524,6,4,10.110884,11.17449,1.063605
g3095,g3095.mp3,14.524,6,5,11.804649,12.824354,1.019705
g3096,g3096.mp3,7.68,3,0,0.0,1.05449,1.05449
g3096,g3096.mp3,7.68,3,1,3.754036,4.273923,0.519887
g3096,g3096.mp3,7.68,3,2,4.925669,5.957438,1.031769
g3097,g3097.mp3,7.96725,3,0,0.0,1.048254,1.048254
g3097,g3097.mp3,7.96725,3,1,3.777256,4.295261,0.518005
g3097,g3097.mp3,7.96725,3,2,5.055306,6.104354,1.049048
g3099,g3099.mp3,8.097875,3,0,0.0,1.056893,1.056893
g3099,g3099.mp3,8.097875,3,1,3.821111,4.338639,0.517528
g3099,g3099.mp3,8.097875,3,2,5.165692,6.211655,1.045964
g3100,g3100.mp3,7.3665,3,0,0.0,1.043991,1.043991
g3100,g3100.mp3,7.3665,3,1,3.119909,3.650975,0.531066
g3100,g3100.mp3,7.3665,3,2,4.476281,5.495964,1.019683
g3101,g3101.mp3,7.8105,3,0,0.0,1.03229,1.03229
g3101,g3101.mp3,7.8105,3,1,3.399048,3.898617,0.499569
g3101,g3101.mp3,7.8105,3,2,4.82,5.880522,1.060522
g3102,g3102.mp3,7.52325,3,0,0.0,1.066621,1.066621
g3102,g3102.mp3,7.52325,3,1,3.212925,3.71644,0.503515
g3102,g3102.mp3,7.52325,3,2,4.568073,5.591315,1.023243
g3103,g3103.mp3,7.549375,3,0,0.0,1.043379,1.043379
g3103,g3103.mp3,7.549375,3,1,3.092245,3.591315,0.49907
g3103,g3103.mp3,7.549375,3,2,4.502676,5.561111,1.058435
g3104,g3104.mp3,6.922375,3,0,0.0,1.056871,1.056871
g3104,g3104.mp3,6.922375,3,1,3.137438,3.664966,0.527528
g3104,g3104.mp3,6.922375,3,2,4.274649,5.299206,1.024558
g3105,g3105.mp3,7.235875,3,0,0.0,1.045964,1.045964
g3105,g3105.mp3,7.235875,3,1,3.180023,3.707234,0.527211
g3105,g3105.mp3,7.235875,3,2,4.438526,5.456009,1.017483
g3106,g3106.mp3,7.497125,3,0,0.0,1.040045,1.040045
g3106,g3106.mp3,7.497125,3,1,3.150771,3.686259,0.535488
g3106,g3106.mp3,7.497125,3,2,4.549637,5.587438,1.0378
g3107,g3107.mp3,7.471,3,0,0.0,1.037914,1.037914
g3107,g3107.mp3,7.471,3,1,3.080635,3.584467,0.503832
g3107,g3107.mp3,7.471,3,2,4.504875,5.540907,1.036032
g3108,g3108.mp3,7.836625,3,0,0.0,1.045261,1.045261
g3108,g3108.mp3,7.836625,3,1,2.970431,3.524467,0.554036
g3108,g3108.mp3,7.836625,3,2,4.647528,5.711134,1.063605
g3109,g3109.mp3,7.601625,3,0,0.0,1.046644,1.046644
g3109,g3109.mp3,7.601625,3,1,3.300975,3.814127,0.513152
g3109,g3109.mp3,7.601625,3,2,4.683923,5.7161,1.032177
g3110,g3110.mp3,7.3665,3,0,0.0,1.048549,1.048549
g3110,g3110.mp3,7.3665,3,1,3.001882,3.519161,0.517279
g3110,g3110.mp3,7.3665,3,2,4.395215,5.427415,1.0322
g3111,g3111.mp3,7.026875,3,0,0.0,1.033016,1.033016
g3111,g3111.mp3,7.026875,3,1,2.950862,3.466576,0.515714
g3111,g3111.mp3,7.026875,3,2,4.194308,5.219909,1.025601
g3112,g3112.mp3,7.340375,3,0,0.0,1.035533,1.035533
g3112,g3112.mp3,7.340375,3,1,3.126531,3.639456,0.512925
g3112,g3112.mp3,7.340375,3,2,4.441179,5.473333,1.032154
g3113,g3113.mp3,7.5755,3,0,0.0,1.031814,1.031814
g3113,g3113.mp3,7.5755,3,1,3.346689,3.865329,0.518639
g3113,g3113.mp3,7.5755,3,2,4.656893,5.695488,1.038594
g3114,g3114.mp3,8.07175,3,0,0.0,1.031905,1.031905
g3114,g3114.mp3,8.07175,3,1,3.321338,3.829456,0.508118
g3114,g3114.mp3,8.07175,3,2,4.92746,5.952132,1.024671
g3115,g3115.mp3,7.993375,3,0,0.0,1.035873,1.035873
g3115,g3115.mp3,7.993375,3,1,3.217959,3.728095,0.510136
g3115,g3115.mp3,7.993375,3,2,4.806961,5.860454,1.053492
g3116,g3116.mp3,8.124,3,0,0.0,1.034785,1.034785
g3116,g3116.mp3,8.124,3,1,3.286054,3.808345,0.52229
g3116,g3116.mp3,8.124,3,2,4.947029,5.971995,1.024966
g3117,g3117.mp3,7.653875,3,0,0.0,1.045215,1.045215
g3117,g3117.mp3,7.653875,3,1,3.467279,3.996327,0.529048
g3117,g3117.mp3,7.653875,3,2,4.80585,5.842404,1.036553
g3118,g3118.mp3,8.59425,3,0,0.0,1.056984,1.056984
g3118,g3118.mp3,8.59425,3,1,3.333651,3.854036,0.520385
g3118,g3118.mp3,8.59425,3,2,5.183696,6.212789,1.029093
g3119,g3119.mp3,7.62775,3,0,0.0,1.038095,1.038095
g3119,g3119.mp3,7.62775,3,1,3.470136,4.000952,0.530816
g3119,g3119.mp3,7.62775,3,2,4.813197,5.839819,1.026621
g3120,g3120.mp3,7.444875,3,0,0.0,1.032086,1.032086
g3120,g3120.mp3,7.444875,3,1,3.057664,3.583333,0.525669
g3120,g3120.mp3,7.444875,3,2,4.46932,5.526871,1.057551
g3121,g3121.mp3,15.804,6,0,0.0,1.075624,1.075624
g3121,g3121.mp3,15.804,6,1,3.686259,4.268435,0.582177
g3121,g3121.mp3,15.804,6,2,5.322132,6.409433,1.087302
g3121,g3121.mp3,15.804,6,3,7.341134,8.402653,1.061519
g3121,g3121.mp3,15.804,6,4,10.68873,11.743039,1.054308
g3121,g3121.mp3,15.804,6,5,12.712971,13.772086,1.059116
g3122,g3122.mp3,7.41875,3,0,0.0,1.040658,1.040658
g3122,g3122.mp3,7.41875,3,1,3.519637,4.032222,0.512585
g3122,g3122.mp3,7.41875,3,2,4.659297,5.694717,1.03542
g3123,g3123.mp3,10.037,3,0,0.0,1.080544,1.080544
g3123,g3123.mp3,10.037,3,1,5.199184,6.208481,1.009297
g3123,g3123.mp3,10.037,3,2,7.236735,8.244626,1.007891
g3124,g3124.mp3,7.5755,3,0,0.0,1.051587,1.051587
g3124,g3124.mp3,7.5755,3,1,3.379932,3.910454,0.530522
g3124,g3124.mp3,7.5755,3,2,4.717959,5.739909,1.02195
g3125,g3125.mp3,6.817875,3,0,0.0,1.038073,1.038073
g3125,g3125.mp3,6.817875,3,1,3.274739,3.799161,0.524422
g3125,g3125.mp3,6.817875,3,2,4.290249,5.30517,1.014921
g3126,g3126.mp3,7.888875,3,0,0.0,1.050794,1.050794
g3126,g3126.mp3,7.888875,3,1,3.485147,4.028662,0.543515
g3126,g3126.mp3,7.888875,3,2,4.938005,5.954717,1.016712
g3127,g3127.mp3,7.888875,3,0,0.0,1.060204,1.060204
g3127,g3127.mp3,7.888875,3,1,3.345215,3.859161,0.513946
g3127,g3127.mp3,7.888875,3,2,4.843424,5.872676,1.029252
g3128,g3128.mp3,7.471,3,0,0.0,1.041837,1.041837
g3128,g3128.mp3,7.471,3,1,3.027415,3.553764,0.526349
g3128,g3128.mp3,7.471,3,2,4.47458,5.495057,1.020476
g3129,g3129.mp3,7.41875,3,0,0.0,1.030431,1.030431
g3129,g3129.mp3,7.41875,3,1,3.257211,3.777506,0.520295
g3129,g3129.mp3,7.41875,3,2,4.521293,5.561859,1.040567
g3130,g3130.mp3,6.713375,3,0,0.0,1.040862,1.040862
g3130,g3130.mp3,6.713375,3,1,2.929705,3.461905,0.5322
g3130,g3130.mp3,6.713375,3,2,4.04059,5.077506,1.036916
g3131,g3131.mp3,6.661125,3,0,0.0,1.039184,1.039184
g3131,g3131.mp3,6.661125,3,1,3.169342,3.693243,0.5239
g3131,g3131.mp3,6.661125,3,2,4.125828,5.161156,1.035329
g3132,g3132.mp3,7.68,3,0,0.0,1.055918,1.055918
g3132,g3132.mp3,7.68,3,1,3.295215,3.819977,0.524762
g3132,g3132.mp3,7.68,3,2,4.718798,5.746961,1.028163
g3133,g3133.mp3,7.20975,3,0,0.0,1.047664,1.047664
g3133,g3133.mp3,7.20975,3,1,3.258526,3.832698,0.574172
g3133,g3133.mp3,7.20975,3,2,4.49619,5.526939,1.030748
g3134,g3134.mp3,14.733,6,0,0.0,1.07254,1.07254
g3134,g3134.mp3,14.733,6,1,3.615578,4.176077,0.560499
g3134,g3134.mp3,14.733,6,2,5.150522,6.220748,1.070227
g3134,g3134.mp3,14.733,6,3,7.256304,8.313469,1.057166
g3134,g3134.mp3,14.733,6,4,9.637211,10.678957,1.041746
g3134,g3134.mp3,14.733,6,5,11.671633,12.724943,1.053311
g3135,g3135.mp3,8.463625,3,0,0.0,1.132336,1.132336
g3135,g3135.mp3,8.463625,3,1,3.409365,3.936667,0.527302
g3135,g3135.mp3,8.463625,3,2,5.167664,6.214308,1.046644
g3136,g3136.mp3,7.079125,3,0,0.0,1.028707,1.028707
g3136,g3136.mp3,7.079125,3,1,3.210748,3.733152,0.522404
g3136,g3136.mp3,7.079125,3,2,4.35873,5.388821,1.030091
g3137,g3137.mp3,13.270125,6,0,0.0,1.02576,1.02576
g3137,g3137.mp3,13.270125,6,1,3.179048,3.762313,0.583265
g3137,g3137.mp3,13.270125,6,2,4.364785,5.417324,1.05254
g3137,g3137.mp3,13.270125,6,3,6.088753,7.169546,1.080794
g3137,g3137.mp3,13.270125,6,4,8.242653,9.318776,1.076122
g3137,g3137.mp3,13.270125,6,5,10.220136,11.310363,1.090227
g3138,g3138.mp3,7.288125,3,0,0.0,1.055011,1.055011
g3138,g3138.mp3,7.288125,3,1,3.072086,3.593605,0.521519
g3138,g3138.mp3,7.288125,3,2,4.376735,5.397483,1.020748
g3139,g3139.mp3,8.17625,3,0,0.0,1.042426,1.042426
g3139,g3139.mp3,8.17625,3,1,3.317256,3.862562,0.545306
g3139,g3139.mp3,8.17625,3,2,5.009229,6.033175,1.023946
g3140,g3140.mp3,7.75825,3,0,0.0,1.036281,1.036281
g3140,g3140.mp3,7.75825,3,1,2.971519,3.513265,0.541746
g3140,g3140.mp3,7.75825,3,2,4.58356,5.614898,1.031338
g3141,g3141.mp3,8.124,3,0,0.0,1.045261,1.045261
g3141,g3141.mp3,8.124,3,1,3.500045,4.029229,0.529184
g3141,g3141.mp3,8.124,3,2,5.015669,6.032245,1.016576
g3142,g3142.mp3,8.202375,3,0,0.0,1.049796,1.049796
g3142,g3142.mp3,8.202375,3,1,3.361361,3.884694,0.523333
g3142,g3142.mp3,8.202375,3,2,4.960408,5.991655,1.031247
g3143,g3143.mp3,8.150125,3,0,0.0,1.043333,1.043333
g3143,g3143.mp3,8.150125,3,1,3.379025,3.887778,0.508753
g3143,g3143.mp3,8.150125,3,2,4.984535,6.000431,1.015896
g3144,g3144.mp3,7.62775,3,0,0.0,1.041927,1.041927
g3144,g3144.mp3,7.62775,3,1,3.204036,3.707211,0.503175
g3144,g3144.mp3,7.62775,3,2,4.587211,5.627687,1.040476
g3145,g3145.mp3,7.549375,3,0,0.0,1.044127,1.044127
g3145,g3145.mp3,7.549375,3,1,3.343129,3.882494,0.539365
g3145,g3145.mp3,7.549375,3,2,4.67356,5.706712,1.033152
g3146,g3146.mp3,14.706875,6,0,0.0,1.031383,1.031383
g3146,g3146.mp3,14.706875,6,1,3.263424,3.811134,0.54771
g3146,g3146.mp3,14.706875,6,2,4.664376,5.697868,1.033492
g3146,g3146.mp3,14.706875,6,3,6.637687,7.709342,1.071655
g3146,g3146.mp3,14.706875,6,4,9.991451,11.015397,1.023946
g3146,g3146.mp3,14.706875,6,5,11.83805,12.849002,1.010952
g3148,g3148.mp3,7.706,3,0,0.0,1.0461,1.0461
g3148,g3148.mp3,7.706,3,1,3.360249,3.899864,0.539615
g3148,g3148.mp3,7.706,3,2,4.787052,5.808458,1.021406
g3149,g3149.mp3,21.39425,9,0,0.0,1.088776,1.088776
g3149,g3149.mp3,21.39425,9,1,3.417324,3.94483,0.527506
g3149,g3149.mp3,21.39425,9,2,4.721746,5.756667,1.034921
g3149,g3149.mp3,21.39425,9,3,6.578753,7.596984,1.018231
g3149,g3149.mp3,21.39425,9,4,10.03551,11.133311,1.0978
g3149,g3149.mp3,21.39425,9,5,12.008639,13.076032,1.067392
g3149,g3149.mp3,21.39425,9,6,13.883537,14.961315,1.077778
g3149,g3149.mp3,21.39425,9,7,16.35873,17.411633,1.052902
g3149,g3149.mp3,21.39425,9,8,18.398209,19.44805,1.049841
g3150,g3150.mp3,8.07175,3,0,0.0,1.085397,1.085397
g3150,g3150.mp3,8.07175,3,1,3.357098,3.906508,0.54941
g3150,g3150.mp3,8.07175,3,2,4.967188,5.983152,1.015964
g3151,g3151.mp3,8.463625,3,0,0.0,1.031655,1.031655
g3151,g3151.mp3,8.463625,3,1,3.437574,3.973628,0.536054
g3151,g3151.mp3,8.463625,3,2,5.166644,6.210975,1.044331
g3152,g3152.mp3,7.601625,3,0,0.0,1.051179,1.051179
g3152,g3152.mp3,7.601625,3,1,3.312494,3.808866,0.496372
g3152,g3152.mp3,7.601625,3,2,4.660159,5.690975,1.030816
g3153,g3153.mp3,8.2285,3,0,0.0,1.0439,1.0439
g3153,g3153.mp3,8.2285,3,1,3.463424,3.966032,0.502608
g3153,g3153.mp3,8.2285,3,2,5.085918,6.105125,1.019206
g3154,g3154.mp3,7.471,3,0,0.0,1.043401,1.043401
g3154,g3154.mp3,7.471,3,1,3.295102,3.827392,0.53229
g3154,g3154.mp3,7.471,3,2,4.602993,5.629728,1.026735
g3155,g3155.mp3,7.20975,3,0,0.0,1.045374,1.045374
g3155,g3155.mp3,7.20975,3,1,3.299297,3.804694,0.505397
g3155,g3155.mp3,7.20975,3,2,4.518413,5.541156,1.022744
g3156,g3156.mp3,7.653875,3,0,0.0,1.037891,1.037891
g3156,g3156.mp3,7.653875,3,1,3.362358,3.873719,0.511361
g3156,g3156.mp3,7.653875,3,2,4.736259,5.761814,1.025556
g3158,g3158.mp3,13.244,6,0,0.0,1.050159,1.050159
g3158,g3158.mp3,13.244,6,1,3.277029,3.80805,0.53102
g3158,g3158.mp3,13.244,6,2,4.468322,5.498549,1.030227
g3158,g3158.mp3,13.244,6,3,6.217007,7.247256,1.030249
g3158,g3158.mp3,13.244,6,4,8.307823,9.346417,1.038594
g3158,g3158.mp3,13.244,6,5,10.282971,11.30415,1.021179
g3159,g3159.mp3,13.9755,6,0,0.0,1.028798,1.028798
g3159,g3159.mp3,13.9755,6,1,3.2022,3.730385,0.528186
g3159,g3159.mp3,13.9755,6,2,4.687098,5.715465,1.028367
g3159,g3159.mp3,13.9755,6,3,6.599546,7.615782,1.016236
g3159,g3159.mp3,13.9755,6,4,8.704943,9.732925,1.027982
g3159,g3159.mp3,13.9755,6,5,10.810499,11.841837,1.031338
g3160,g3160.mp3,7.52325,3,0,0.0,1.050227,1.050227
g3160,g3160.mp3,7.52325,3,1,3.280068,3.815624,0.535556
g3160,g3160.mp3,7.52325,3,2,4.634218,5.675601,1.041383
g3161,g3161.mp3,15.85625,6,0,0.0,1.057642,1.057642
g3161,g3161.mp3,15.85625,6,1,3.507732,4.002585,0.494853
g3161,g3161.mp3,15.85625,6,2,5.150317,6.171202,1.020884
g3161,g3161.mp3,15.85625,6,3,7.209252,8.250363,1.041111
g3161,g3161.mp3,15.85625,6,4,10.480839,11.522358,1.041519
g3161,g3161.mp3,15.85625,6,5,12.699887,13.715556,1.015669
g3162,g3162.mp3,7.706,3,0,0.0,1.039637,1.039637
g3162,g3162.mp3,7.706,3,1,3.485261,3.992086,0.506825
g3162,g3162.mp3,7.706,3,2,4.794082,5.817029,1.022948
g3163,g3163.mp3,7.262,3,0,0.0,1.051655,1.051655
g3163,g3163.mp3,7.262,3,1,3.517664,4.033129,0.515465
g3163,g3163.mp3,7.262,3,2,4.593855,5.656168,1.062313
g3164,g3164.mp3,7.471,3,0,0.0,1.030431,1.030431
g3164,g3164.mp3,7.471,3,1,3.463401,3.964444,0.501043
g3164,g3164.mp3,7.471,3,2,4.677528,5.716327,1.038798
g3165,g3165.mp3,12.042375,6,0,0.0,1.045828,1.045828
g3165,g3165.mp3,12.042375,6,1,3.424921,3.943878,0.518957
g3165,g3165.mp3,12.042375,6,2,4.340408,5.378549,1.038141
g3165,g3165.mp3,12.042375,6,3,5.803197,6.852245,1.049048
g3165,g3165.mp3,12.042375,6,4,7.97229,9.001905,1.029615
g3165,g3165.mp3,12.042375,6,5,9.496236,10.517914,1.021678
g3166,g3166.mp3,14.184375,6,0,0.0,1.03093,1.03093
g3166,g3166.mp3,14.184375,6,1,3.465238,4.028821,0.563583
g3166,g3166.mp3,14.184375,6,2,4.758141,5.798912,1.040771
g3166,g3166.mp3,14.184375,6,3,6.571587,7.611179,1.039592
g3166,g3166.mp3,14.184375,6,4,8.897596,9.954875,1.057279
g3166,g3166.mp3,14.184375,6,5,11.023673,12.062268,1.038594
g3167,g3167.mp3,8.124,3,0,0.0,1.031066,1.031066
g3167,g3167.mp3,8.124,3,1,3.509751,4.02254,0.512789
g3167,g3167.mp3,8.124,3,2,5.02424,6.070385,1.046145
g3168,g3168.mp3,8.17625,3,0,0.0,1.03415,1.03415
g3168,g3168.mp3,8.17625,3,1,3.250023,3.784444,0.534422
g3168,g3168.mp3,8.17625,3,2,4.951383,5.978367,1.026984
g3169,g3169.mp3,8.724875,3,0,0.0,1.043764,1.043764
g3169,g3169.mp3,8.724875,3,1,3.571565,4.147778,0.576213
g3169,g3169.mp3,8.724875,3,2,5.41932,6.464127,1.044807
g3170,g3170.mp3,7.392625,3,0,0.0,1.06,1.06
g3170,g3170.mp3,7.392625,3,1,3.139796,3.658413,0.518617
g3170,g3170.mp3,7.392625,3,2,4.485261,5.54644,1.061179
g3171,g3171.mp3,7.915,3,0,0.0,1.044218,1.044218
g3171,g3171.mp3,7.915,3,1,3.500612,4.042404,0.541791
g3171,g3171.mp3,7.915,3,2,4.916304,5.951088,1.034785
g3172,g3172.mp3,8.254625,3,0,0.0,1.056236,1.056236
g3172,g3172.mp3,8.254625,3,1,3.607687,4.11771,0.510023
g3172,g3172.mp3,8.254625,3,2,5.143832,6.180023,1.03619
g3173,g3173.mp3,7.3665,3,0,0.0,1.036349,1.036349
g3173,g3173.mp3,7.3665,3,1,3.373855,3.902902,0.529048
g3173,g3173.mp3,7.3665,3,2,4.597778,5.619342,1.021565
g3174,g3174.mp3,7.444875,3,0,0.0,1.034558,1.034558
g3174,g3174.mp3,7.444875,3,1,3.267188,3.791791,0.524603
g3174,g3174.mp3,7.444875,3,2,4.584853,5.609637,1.024785
g3175,g3175.mp3,7.75825,3,0,0.0,1.03873,1.03873
g3175,g3175.mp3,7.75825,3,1,3.327755,3.836485,0.50873
g3175,g3175.mp3,7.75825,3,2,4.751633,5.808594,1.056961
g3176,g3176.mp3,14.393375,6,0,0.0,1.070522,1.070522
g3176,g3176.mp3,14.393375,6,1,3.508957,4.025351,0.516395
g3176,g3176.mp3,14.393375,6,2,4.817188,5.838345,1.021156
g3176,g3176.mp3,14.393375,6,3,6.687551,7.72966,1.042109
g3176,g3176.mp3,14.393375,6,4,9.977256,11.011587,1.034331
g3176,g3176.mp3,14.393375,6,5,11.706168,12.730635,1.024467
g3177,g3177.mp3,8.515875,3,0,0.0,1.038662,1.038662
g3177,g3177.mp3,8.515875,3,1,3.699433,4.230839,0.531406
g3177,g3177.mp3,8.515875,3,2,5.336327,6.420794,1.084467
g3178,g3178.mp3,6.556625,3,0,0.0,1.032086,1.032086
g3178,g3178.mp3,6.556625,3,1,3.083651,3.590907,0.507256
g3178,g3178.mp3,6.556625,3,2,4.039909,5.044036,1.004127
g3179,g3179.mp3,7.5755,3,0,0.0,1.049274,1.049274
g3179,g3179.mp3,7.5755,3,1,3.473878,3.975782,0.501905
g3179,g3179.mp3,7.5755,3,2,4.74263,5.784626,1.041995
g3180,g3180.mp3,6.9485,3,0,0.0,1.039501,1.039501
g3180,g3180.mp3,6.9485,3,1,2.866304,3.385374,0.51907
g3180,g3180.mp3,6.9485,3,2,4.166984,5.191156,1.024172
g3181,g3181.mp3,7.20975,3,0,0.0,1.060091,1.060091
g3181,g3181.mp3,7.20975,3,1,3.133764,3.652766,0.519002
g3181,g3181.mp3,7.20975,3,2,4.411723,5.432902,1.021179
g3182,g3182.mp3,7.3665,3,0,0.0,1.035828,1.035828
g3182,g3182.mp3,7.3665,3,1,3.380612,3.907483,0.526871
g3182,g3182.mp3,7.3665,3,2,4.603878,5.632744,1.028866
g3183,g3183.mp3,7.62775,3,0,0.0,1.035397,1.035397
g3183,g3183.mp3,7.62775,3,1,3.257211,3.781111,0.5239
g3183,g3183.mp3,7.62775,3,2,4.705034,5.739864,1.03483
g3184,g3184.mp3,7.20975,3,0,0.0,1.039751,1.039751
g3184,g3184.mp3,7.20975,3,1,3.211293,3.732336,0.521043
g3184,g3184.mp3,7.20975,3,2,4.428617,5.460544,1.031927
g3185,g3185.mp3,13.035,6,0,0.0,1.079184,1.079184
g3185,g3185.mp3,13.035,6,1,3.377438,3.91093,0.533492
g3185,g3185.mp3,13.035,6,2,4.559977,5.635918,1.075941
g3185,g3185.mp3,13.035,6,3,6.264989,7.339728,1.074739
g3185,g3185.mp3,13.035,6,4,8.463333,9.56424,1.100907
g3185,g3185.mp3,13.035,6,5,10.23195,11.307642,1.075692
g3186,g3186.mp3,15.20325,6,0,0.0,1.060454,1.060454
g3186,g3186.mp3,15.20325,6,1,3.667302,4.260907,0.593605
g3186,g3186.mp3,15.20325,6,2,5.337211,6.426757,1.089546
g3186,g3186.mp3,15.20325,6,3,7.482063,8.561905,1.079841
g3186,g3186.mp3,15.20325,6,4,10.678821,11.734739,1.055918
g3186,g3186.mp3,15.20325,6,5,12.402358,13.495986,1.093628
g3187,g3187.mp3,13.844875,6,0,0.0,1.082245,1.082245
g3187,g3187.mp3,13.844875,6,1,3.576281,4.084671,0.50839
g3187,g3187.mp3,13.844875,6,2,4.665465,5.696848,1.031383
g3187,g3187.mp3,13.844875,6,3,6.284059,7.353175,1.069116
g3187,g3187.mp3,13.844875,6,4,9.47941,10.513515,1.034104
g3187,g3187.mp3,13.844875,6,5,11.165329,12.205805,1.040476
g3188,g3188.mp3,13.897125,6,0,0.0,1.057528,1.057528
g3188,g3188.mp3,13.897125,6,1,3.340499,3.901746,0.561247
g3188,g3188.mp3,13.897125,6,2,4.462834,5.519615,1.05678
g3188,g3188.mp3,13.897125,6,3,6.102517,7.133605,1.031088
g3188,g3188.mp3,13.897125,6,4,9.370839,10.405238,1.034399
g3188,g3188.mp3,13.897125,6,5,11.126395,12.188594,1.0622
g3189,g3189.mp3,7.732125,3,0,0.0,1.048073,1.048073
g3189,g3189.mp3,7.732125,3,1,3.70415,4.200431,0.496281
g3189,g3189.mp3,7.732125,3,2,4.939615,5.958435,1.018821
g3190,g3190.mp3,13.71425,6,0,0.0,1.062109,1.062109
g3190,g3190.mp3,13.71425,6,1,3.378821,3.959524,0.580703
g3190,g3190.mp3,13.71425,6,2,4.701587,5.768413,1.066825
g3190,g3190.mp3,13.71425,6,3,6.526145,7.541882,1.015737
g3190,g3190.mp3,13.71425,6,4,8.736349,9.80229,1.065941
g3190,g3190.mp3,13.71425,6,5,10.731224,11.839728,1.108503
g3191,g3191.mp3,7.653875,3,0,0.0,1.035533,1.035533
g3191,g3191.mp3,7.653875,3,1,3.294059,3.822449,0.52839
g3191,g3191.mp3,7.653875,3,2,4.711882,5.743537,1.031655
g3192,g3192.mp3,7.00075,3,0,0.0,1.028435,1.028435
g3192,g3192.mp3,7.00075,3,1,3.43941,3.968549,0.529138
g3192,g3192.mp3,7.00075,3,2,4.453605,5.496372,1.042766
g3193,g3193.mp3,7.888875,3,0,0.0,1.045918,1.045918
g3193,g3193.mp3,7.888875,3,1,3.428571,3.924807,0.496236
g3193,g3193.mp3,7.888875,3,2,4.868345,5.880317,1.011973
g3195,g3195.mp3,6.922375,3,0,0.0,1.045215,1.045215
g3195,g3195.mp3,6.922375,3,1,3.425533,3.95322,0.527687
g3195,g3195.mp3,6.922375,3,2,4.408163,5.460907,1.052744
g3196,g3196.mp3,7.52325,3,0,0.0,1.048277,1.048277
g3196,g3196.mp3,7.52325,3,1,3.523651,4.061814,0.538163
g3196,g3196.mp3,7.52325,3,2,4.748912,5.785782,1.036871
g3197,g3197.mp3,7.5755,3,0,0.0,1.056281,1.056281
g3197,g3197.mp3,7.5755,3,1,3.574354,4.118934,0.54458
g3197,g3197.mp3,7.5755,3,2,4.841519,5.875079,1.03356
g3198,g3198.mp3,7.86275,3,0,0.0,1.060703,1.060703
g3198,g3198.mp3,7.86275,3,1,3.243379,3.798005,0.554626
g3198,g3198.mp3,7.86275,3,2,4.86288,5.819206,0.956327
g3199,g3199.mp3,6.89625,3,0,0.0,1.035079,1.035079
g3199,g3199.mp3,6.89625,3,1,3.295193,3.825692,0.530499
g3199,g3199.mp3,6.89625,3,2,4.312698,5.339501,1.026803
g3200,g3200.mp3,7.183625,3,0,0.0,1.026916,1.026916
g3200,g3200.mp3,7.183625,3,1,3.08059,3.601474,0.520884
g3200,g3200.mp3,7.183625,3,2,4.323447,5.355057,1.03161
g3201,g3201.mp3,7.3665,3,0,0.0,1.025351,1.025351
g3201,g3201.mp3,7.3665,3,1,3.298095,3.803039,0.504943
g3201,g3201.mp3,7.3665,3,2,4.538231,5.567143,1.028912
g3202,g3202.mp3,8.306875,3,0,0.0,1.026644,1.026644
g3202,g3202.mp3,8.306875,3,1,3.364331,3.876735,0.512404
g3202,g3202.mp3,8.306875,3,2,5.055669,6.092472,1.036803
g3303,g3303.mp3,7.31425,3,0,0.0,1.057551,1.057551
g3303,g3303.mp3,7.31425,3,1,3.684807,4.205329,0.520522
g3303,g3303.mp3,7.31425,3,2,4.727642,5.76068,1.033039
g3304,g3304.mp3,13.50525,6,0,0.0,1.048776,1.048776
g3304,g3304.mp3,13.50525,6,1,3.506485,4.057846,0.551361
g3304,g3304.mp3,13.50525,6,2,4.830658,5.874921,1.044263
g3304,g3304.mp3,13.50525,6,3,6.667506,7.720045,1.05254
g3304,g3304.mp3,13.50525,6,4,8.803379,9.846893,1.043515
g3304,g3304.mp3,13.50525,6,5,10.649841,11.73424,1.084399
g3305,g3305.mp3,7.497125,3,0,0.0,1.030567,1.030567
g3305,g3305.mp3,7.497125,3,1,3.555986,4.062426,0.50644
g3305,g3305.mp3,7.497125,3,2,4.728685,5.770045,1.041361
g3306,g3306.mp3,7.026875,3,0,0.0,1.037596,1.037596
g3306,g3306.mp3,7.026875,3,1,3.484694,4.006009,0.521315
g3306,g3306.mp3,7.026875,3,2,4.473583,5.501429,1.027846
g3307,g3307.mp3,7.3665,3,0,0.0,1.047256,1.047256
g3307,g3307.mp3,7.3665,3,1,3.416984,3.918571,0.501587
g3307,g3307.mp3,7.3665,3,2,4.632154,5.650726,1.018571
g3308,g3308.mp3,7.183625,3,0,0.0,1.040454,1.040454
g3308,g3308.mp3,7.183625,3,1,3.286621,3.810544,0.523923
g3308,g3308.mp3,7.183625,3,2,4.463265,5.483515,1.020249
g3309,g3309.mp3,7.836625,3,0,0.0,1.052902,1.052902
g3309,g3309.mp3,7.836625,3,1,3.50712,4.038594,0.531474
g3309,g3309.mp3,7.836625,3,2,4.901315,5.938934,1.037619
g3310,g3310.mp3,7.235875,3,0,0.0,1.040998,1.040998
g3310,g3310.mp3,7.235875,3,1,3.158141,3.665488,0.507347
g3310,g3310.mp3,7.235875,3,2,4.456213,5.474739,1.018526
g3311,g3311.mp3,7.8105,3,0,0.0,1.027211,1.027211
g3311,g3311.mp3,7.8105,3,1,3.220476,3.762222,0.541746
g3311,g3311.mp3,7.8105,3,2,4.781859,5.820317,1.038458
g3312,g3312.mp3,7.75825,3,0,0.0,1.044218,1.044218
g3312,g3312.mp3,7.75825,3,1,3.263469,3.781769,0.518299
g3312,g3312.mp3,7.75825,3,2,4.761111,5.778662,1.017551
g3313,g3313.mp3,7.41875,3,0,0.0,1.038118,1.038118
g3313,g3313.mp3,7.41875,3,1,3.427438,3.933379,0.505941
g3313,g3313.mp3,7.41875,3,2,4.628889,5.686077,1.057188
g3314,g3314.mp3,8.045625,3,0,0.0,1.041497,1.041497
g3314,g3314.mp3,8.045625,3,1,3.624512,4.170544,0.546032
g3314,g3314.mp3,8.045625,3,2,5.106871,6.122494,1.015624
g3315,g3315.mp3,7.5755,3,0,0.0,1.042358,1.042358
g3315,g3315.mp3,7.5755,3,1,3.346009,3.888118,0.542109
g3315,g3315.mp3,7.5755,3,2,4.73059,5.753265,1.022676
g3316,g3316.mp3,7.706,3,0,0.0,1.025646,1.025646
g3316,g3316.mp3,7.706,3,1,3.345397,3.877868,0.532472
g3316,g3316.mp3,7.706,3,2,4.763537,5.778277,1.014739
g3317,g3317.mp3,7.993375,3,0,0.0,1.034308,1.034308
g3317,g3317.mp3,7.993375,3,1,3.445283,3.995488,0.550204
g3317,g3317.mp3,7.993375,3,2,4.968277,6.015079,1.046803
g3318,g3318.mp3,8.59425,3,0,0.0,1.042812,1.042812
g3318,g3318.mp3,8.59425,3,1,3.520794,4.062177,0.541383
g3318,g3318.mp3,8.59425,3,2,5.286803,6.30941,1.022608
g3319,g3319.mp3,7.3665,3,0,0.0,1.033424,1.033424
g3319,g3319.mp3,7.3665,3,1,3.388027,3.915329,0.527302
g3319,g3319.mp3,7.3665,3,2,4.586893,5.612336,1.025442
g3320,g3320.mp3,7.732125,3,0,0.0,1.048503,1.048503
g3320,g3320.mp3,7.732125,3,1,3.168503,3.703379,0.534875
g3320,g3320.mp3,7.732125,3,2,4.6778,5.703469,1.025669
g3321,g3321.mp3,7.993375,3,0,0.0,1.058934,1.058934
g3321,g3321.mp3,7.993375,3,1,3.438299,3.957098,0.518798
g3321,g3321.mp3,7.993375,3,2,4.89898,5.938413,1.039433
g3322,g3322.mp3,7.235875,3,0,0.0,1.036122,1.036122
g3322,g3322.mp3,7.235875,3,1,3.351633,3.869252,0.517619
g3322,g3322.mp3,7.235875,3,2,4.501293,5.525102,1.02381
g3323,g3323.mp3,7.706,3,0,0.0,1.038322,1.038322
g3323,g3323.mp3,7.706,3,1,3.532653,4.048798,0.516145
g3323,g3323.mp3,7.706,3,2,4.8461,5.876984,1.030884
g3324,g3324.mp3,7.52325,3,0,0.0,1.04,1.04
g3324,g3324.mp3,7.52325,3,1,3.404354,3.920068,0.515714
g3324,g3324.mp3,7.52325,3,2,4.704558,5.735283,1.030726
g3325,g3325.mp3,7.5755,3,0,0.0,1.032063,1.032063
g3325,g3325.mp3,7.5755,3,1,3.614286,4.134059,0.519773
g3325,g3325.mp3,7.5755,3,2,4.833673,5.85,1.016327
g3326,g3326.mp3,7.183625,3,0,0.0,1.030567,1.030567
g3326,g3326.mp3,7.183625,3,1,3.475533,3.989388,0.513855
g3326,g3326.mp3,7.183625,3,2,4.533469,5.570499,1.037029
g3327,g3327.mp3,7.601625,3,0,0.0,1.040045,1.040045
g3327,g3327.mp3,7.601625,3,1,3.421338,3.936712,0.515374
g3327,g3327.mp3,7.601625,3,2,4.738957,5.767415,1.028458
g3328,g3328.mp3,7.340375,3,0,0.0,1.039365,1.039365
g3328,g3328.mp3,7.340375,3,1,3.243946,3.775034,0.531088
g3328,g3328.mp3,7.340375,3,2,4.509932,5.5322,1.022268
g3329,g3329.mp3,7.392625,3,0,0.0,1.03746,1.03746
g3329,g3329.mp3,7.392625,3,1,3.518367,4.045215,0.526848
g3329,g3329.mp3,7.392625,3,2,4.681088,5.712313,1.031224
g3330,g3330.mp3,7.41875,3,0,0.0,1.038866,1.038866
g3330,g3330.mp3,7.41875,3,1,3.238005,3.75619,0.518186
g3330,g3330.mp3,7.41875,3,2,4.539796,5.598639,1.058844
g3331,g3331.mp3,7.784375,3,0,0.0,1.028707,1.028707
g3331,g3331.mp3,7.784375,3,1,3.448209,3.962744,0.514535
g3331,g3331.mp3,7.784375,3,2,4.83907,5.859138,1.020068
g3332,g3332.mp3,7.183625,3,0,0.0,1.038345,1.038345
g3332,g3332.mp3,7.183625,3,1,3.335465,3.879569,0.544104
g3332,g3332.mp3,7.183625,3,2,4.503787,5.528027,1.02424
g3333,g3333.mp3,7.784375,3,0,0.0,1.030907,1.030907
g3333,g3333.mp3,7.784375,3,1,3.356327,3.884399,0.528073
g3333,g3333.mp3,7.784375,3,2,4.787846,5.823288,1.035442
g3334,g3334.mp3,7.784375,3,0,0.0,1.03356,1.03356
g3334,g3334.mp3,7.784375,3,1,3.341701,3.86585,0.52415
g3334,g3334.mp3,7.784375,3,2,4.77678,5.803628,1.026848
g3335,g3335.mp3,8.0195,3,0,0.0,1.054127,1.054127
g3335,g3335.mp3,8.0195,3,1,3.482086,4.005737,0.523651
g3335,g3335.mp3,8.0195,3,2,4.934717,5.995714,1.060998
g3336,g3336.mp3,7.941125,3,0,0.0,1.0278,1.0278
g3336,g3336.mp3,7.941125,3,1,3.379274,3.895193,0.515918
g3336,g3336.mp3,7.941125,3,2,4.859342,5.897324,1.037982
g3337,g3337.mp3,7.68,3,0,0.0,1.038435,1.038435
g3337,g3337.mp3,7.68,3,1,3.428435,3.948662,0.520227
g3337,g3337.mp3,7.68,3,2,4.71263,5.751542,1.038912
g3338,g3338.mp3,7.549375,3,0,0.0,1.058617,1.058617
g3338,g3338.mp3,7.549375,3,1,3.145329,3.660862,0.515533
g3338,g3338.mp3,7.549375,3,2,4.545737,5.596984,1.051247
g3339,g3339.mp3,7.941125,3,0,0.0,1.033016,1.033016
g3339,g3339.mp3,7.941125,3,1,3.384943,3.903379,0.518435
g3339,g3339.mp3,7.941125,3,2,4.885533,5.947415,1.061882
g3340,g3340.mp3,7.497125,3,0,0.0,1.035986,1.035986
g3340,g3340.mp3,7.497125,3,1,3.092154,3.651837,0.559683
g3340,g3340.mp3,7.497125,3,2,4.544853,5.590794,1.045941
g3341,g3341.mp3,7.41875,3,0,0.0,1.052018,1.052018
g3341,g3341.mp3,7.41875,3,1,3.308277,3.831905,0.523628
g3341,g3341.mp3,7.41875,3,2,4.586893,5.620998,1.034104
g3342,g3342.mp3,7.41875,3,0,0.0,1.026599,1.026599
g3342,g3342.mp3,7.41875,3,1,3.315805,3.843288,0.527483
g3342,g3342.mp3,7.41875,3,2,4.57898,5.601179,1.0222
g3343,g3343.mp3,7.86275,3,0,0.0,1.047778,1.047778
g3343,g3343.mp3,7.86275,3,1,3.723764,4.234717,0.510952
g3343,g3343.mp3,7.86275,3,2,5.037664,6.070567,1.032902
g3344,g3344.mp3,14.88975,6,0,0.0,1.06,1.06
g3344,g3344.mp3,14.88975,6,1,3.609887,4.123719,0.513832
g3344,g3344.mp3,14.88975,6,2,5.008345,6.012449,1.004104
g3344,g3344.mp3,14.88975,6,3,6.921587,7.959592,1.038005
g3344,g3344.mp3,14.88975,6,4,10.146916,11.16229,1.015374
g3344,g3344.mp3,14.88975,6,5,11.99381,13.03381,1.04
g3345,g3345.mp3,8.933875,3,0,0.0,1.031111,1.031111
g3345,g3345.mp3,8.933875,3,1,3.664422,4.192018,0.527596
g3345,g3345.mp3,8.933875,3,2,5.563946,6.587506,1.02356
g3346,g3346.mp3,8.045625,3,0,0.0,1.064921,1.064921
g3346,g3346.mp3,8.045625,3,1,3.674104,4.226327,0.552222
g3346,g3346.mp3,8.045625,3,2,5.111814,6.14195,1.030136
g3347,g3347.mp3,7.41875,3,0,0.0,1.038299,1.038299
g3347,g3347.mp3,7.41875,3,1,3.313424,3.847846,0.534422
g3347,g3347.mp3,7.41875,3,2,4.585669,5.61102,1.025351
g3348,g3348.mp3,7.079125,3,0,0.0,1.031542,1.031542
g3348,g3348.mp3,7.079125,3,1,3.224989,3.786395,0.561406
g3348,g3348.mp3,7.079125,3,2,4.37229,5.410794,1.038503
g3349,g3349.mp3,8.333,3,0,0.0,1.040408,1.040408
g3349,g3349.mp3,8.333,3,1,3.476871,3.997029,0.520159
g3349,g3349.mp3,8.333,3,2,5.105102,6.15644,1.051338
g3350,g3350.mp3,7.62775,3,0,0.0,1.035079,1.035079
g3350,g3350.mp3,7.62775,3,1,3.097823,3.634603,0.53678
g3350,g3350.mp3,7.62775,3,2,4.614036,5.647007,1.032971
g3351,g3351.mp3,7.62775,3,0,0.0,1.048617,1.048617
g3351,g3351.mp3,7.62775,3,1,3.197302,3.722993,0.525692
g3351,g3351.mp3,7.62775,3,2,4.634036,5.66381,1.029773
g3352,g3352.mp3,7.392625,3,0,0.0,1.044014,1.044014
g3352,g3352.mp3,7.392625,3,1,3.383469,3.920839,0.53737
g3352,g3352.mp3,7.392625,3,2,4.619138,5.658118,1.03898
g3353,g3353.mp3,7.732125,3,0,0.0,1.035624,1.035624
g3353,g3353.mp3,7.732125,3,1,3.347029,3.860159,0.513129
g3353,g3353.mp3,7.732125,3,2,4.797438,5.817778,1.02034
g3354,g3354.mp3,7.288125,3,0,0.0,1.040862,1.040862
g3354,g3354.mp3,7.288125,3,1,3.383061,3.906485,0.523424
g3354,g3354.mp3,7.288125,3,2,4.562222,5.610295,1.048073
g3355,g3355.mp3,8.07175,3,0,0.0,1.045351,1.045351
g3355,g3355.mp3,8.07175,3,1,3.505261,4.01449,0.509229
g3355,g3355.mp3,8.07175,3,2,5.01619,6.057188,1.040998
g3356,g3356.mp3,8.568125,3,0,0.0,1.046054,1.046054
g3356,g3356.mp3,8.568125,3,1,3.327642,3.856848,0.529206
g3356,g3356.mp3,8.568125,3,2,5.202245,6.224807,1.022562
g3357,g3357.mp3,7.75825,3,0,0.0,1.058367,1.058367
g3357,g3357.mp3,7.75825,3,1,3.42551,3.971791,0.546281
g3357,g3357.mp3,7.75825,3,2,4.843107,5.872404,1.029297
g3358,g3358.mp3,7.026875,3,0,0.0,1.044649,1.044649
g3358,g3358.mp3,7.026875,3,1,3.080159,3.631655,0.551497
g3358,g3358.mp3,7.026875,3,2,4.281156,5.33746,1.056304
g3359,g3359.mp3,7.31425,3,0,0.0,1.036984,1.036984
g3359,g3359.mp3,7.31425,3,1,3.402812,3.905488,0.502676
g3359,g3359.mp3,7.31425,3,2,4.599932,5.614807,1.014875
g3360,g3360.mp3,6.844,3,0,0.0,1.039524,1.039524
g3360,g3360.mp3,6.844,3,1,3.158957,3.674671,0.515714
g3360,g3360.mp3,6.844,3,2,4.24907,5.241927,0.992857
g3361,g3361.mp3,6.608875,3,0,0.0,1.032268,1.032268
g3361,g3361.mp3,6.608875,3,1,3.306304,3.807596,0.501293
g3361,g3361.mp3,6.608875,3,2,4.174082,5.198753,1.024671
g3362,g3362.mp3,7.471,3,0,0.0,1.041633,1.041633
g3362,g3362.mp3,7.471,3,1,3.377166,3.900748,0.523583
g3362,g3362.mp3,7.471,3,2,4.649433,5.672721,1.023288
g3363,g3363.mp3,7.41875,3,0,0.0,1.036508,1.036508
g3363,g3363.mp3,7.41875,3,1,3.465193,3.969546,0.504354
g3363,g3363.mp3,7.41875,3,2,4.640771,5.693968,1.053197
g3364,g3364.mp3,6.974625,3,0,0.0,1.043447,1.043447
g3364,g3364.mp3,6.974625,3,1,3.331542,3.866531,0.534989
g3364,g3364.mp3,6.974625,3,2,4.368753,5.371859,1.003107
g3365,g3365.mp3,7.941125,3,0,0.0,1.047846,1.047846
g3365,g3365.mp3,7.941125,3,1,3.487143,4.010023,0.52288
g3365,g3365.mp3,7.941125,3,2,4.992902,6.011134,1.018231
g3366,g3366.mp3,7.131375,3,0,0.0,1.046304,1.046304
g3366,g3366.mp3,7.131375,3,1,3.436984,3.9578,0.520816
g3366,g3366.mp3,7.131375,3,2,4.528209,5.540068,1.011859
g3367,g3367.mp3,7.601625,3,0,0.0,1.036757,1.036757
g3367,g3367.mp3,7.601625,3,1,3.416213,3.938662,0.522449
g3367,g3367.mp3,7.601625,3,2,4.745941,5.793129,1.047188
g3368,g3368.mp3,7.392625,3,0,0.0,1.03127,1.03127
g3368,g3368.mp3,7.392625,3,1,3.383515,3.914308,0.530794
g3368,g3368.mp3,7.392625,3,2,4.657188,5.669048,1.011859
g3369,g3369.mp3,7.20975,3,0,0.0,1.029592,1.029592
g3369,g3369.mp3,7.20975,3,1,3.459365,3.975941,0.516576
g3369,g3369.mp3,7.20975,3,2,4.548866,5.584898,1.036032
g3370,g3370.mp3,7.1575,3,0,0.0,1.047279,1.047279
g3370,g3370.mp3,7.1575,3,1,3.17034,3.684898,0.514558
g3370,g3370.mp3,7.1575,3,2,4.385714,5.415669,1.029955
g3371,g3371.mp3,7.41875,3,0,0.0,1.041315,1.041315
g3371,g3371.mp3,7.41875,3,1,3.578231,4.099751,0.521519
g3371,g3371.mp3,7.41875,3,2,4.725737,5.751224,1.025488
g3372,g3372.mp3,7.601625,3,0,0.0,1.048277,1.048277
g3372,g3372.mp3,7.601625,3,1,3.506621,4.035397,0.528776
g3372,g3372.mp3,7.601625,3,2,4.788345,5.815941,1.027596
g3373,g3373.mp3,7.392625,3,0,0.0,1.043968,1.043968
g3373,g3373.mp3,7.392625,3,1,3.504354,4.018866,0.514512
g3373,g3373.mp3,7.392625,3,2,4.695873,5.699751,1.003878
g3374,g3374.mp3,7.601625,3,0,0.0,1.039093,1.039093
g3374,g3374.mp3,7.601625,3,1,3.409365,3.941995,0.53263
g3374,g3374.mp3,7.601625,3,2,4.698186,5.761474,1.063288
g3375,g3375.mp3,7.1575,3,0,0.0,1.050181,1.050181
g3375,g3375.mp3,7.1575,3,1,3.471066,4.002018,0.530952
g3375,g3375.mp3,7.1575,3,2,4.534172,5.587075,1.052902
g3376,g3376.mp3,7.31425,3,0,0.0,1.025556,1.025556
g3376,g3376.mp3,7.31425,3,1,3.53424,4.076621,0.542381
g3376,g3376.mp3,7.31425,3,2,4.602766,5.646961,1.044195
g3377,g3377.mp3,7.471,3,0,0.0,1.048571,1.048571
g3377,g3377.mp3,7.471,3,1,3.602222,4.114603,0.512381
g3377,g3377.mp3,7.471,3,2,4.737823,5.770113,1.03229
g3378,g3378.mp3,12.826,6,0,0.0,1.057619,1.057619
g3378,g3378.mp3,12.826,6,1,3.351995,3.898798,0.546803
g3378,g3378.mp3,12.826,6,2,4.318503,5.41229,1.0937869999999998
g3378,g3378.mp3,12.826,6,3,6.040884,6.937551,0.896667
g3378,g3378.mp3,12.826,6,4,8.990884,10.024263,1.033379
g3378,g3378.mp3,12.826,6,5,10.346145,11.386281,1.040136
g3379,g3379.mp3,7.20975,3,0,0.0,1.039048,1.039048
g3379,g3379.mp3,7.20975,3,1,3.375283,3.876304,0.50102
g3379,g3379.mp3,7.20975,3,2,4.532902,5.549161,1.016259
g3380,g3380.mp3,12.382,6,0,0.0,1.045896,1.045896
g3380,g3380.mp3,12.382,6,1,2.976327,3.487891,0.511565
g3380,g3380.mp3,12.382,6,2,3.987211,5.011633,1.024422
g3380,g3380.mp3,12.382,6,3,5.486259,6.502925,1.016667
g3380,g3380.mp3,12.382,6,4,8.691406,9.715624,1.024218
g3380,g3380.mp3,12.382,6,5,9.997551,11.041927,1.044376
g3381,g3381.mp3,7.549375,3,0,0.0,1.05229,1.05229
g3381,g3381.mp3,7.549375,3,1,3.512812,4.049478,0.536667
g3381,g3381.mp3,7.549375,3,2,4.779637,5.833628,1.053991
g3382,g3382.mp3,7.444875,3,0,0.0,1.042086,1.042086
g3382,g3382.mp3,7.444875,3,1,3.334172,3.857823,0.523651
g3382,g3382.mp3,7.444875,3,2,4.659637,5.681111,1.021474
g3383,g3383.mp3,7.053,3,0,0.0,1.044717,1.044717
g3383,g3383.mp3,7.053,3,1,3.517914,4.040726,0.522812
g3383,g3383.mp3,7.053,3,2,4.53771,5.563356,1.025646
g3384,g3384.mp3,7.10525,3,0,0.0,1.045465,1.045465
g3384,g3384.mp3,7.10525,3,1,3.401995,3.920317,0.518322
g3384,g3384.mp3,7.10525,3,2,4.47034,5.49458,1.02424
g3385,g3385.mp3,7.00075,3,0,0.0,1.047279,1.047279
g3385,g3385.mp3,7.00075,3,1,3.470635,3.985329,0.514694
g3385,g3385.mp3,7.00075,3,2,4.456281,5.483515,1.027234
g3386,g3386.mp3,7.3665,3,0,0.0,1.053492,1.053492
g3386,g3386.mp3,7.3665,3,1,3.393946,3.908571,0.514626
g3386,g3386.mp3,7.3665,3,2,4.611066,5.629864,1.018798
g3387,g3387.mp3,7.392625,3,0,0.0,1.042789,1.042789
g3387,g3387.mp3,7.392625,3,1,3.333311,3.851043,0.517732
g3387,g3387.mp3,7.392625,3,2,4.612449,5.638367,1.025918
g3388,g3388.mp3,6.817875,3,0,0.0,1.032517,1.032517
g3388,g3388.mp3,6.817875,3,1,3.049297,3.57576,0.526463
g3388,g3388.mp3,6.817875,3,2,4.161361,5.189252,1.027891
g3389,g3389.mp3,8.254625,3,0,0.0,1.042449,1.042449
g3389,g3389.mp3,8.254625,3,1,3.353832,3.896372,0.54254
g3389,g3389.mp3,8.254625,3,2,5.020862,6.083175,1.062313
g3390,g3390.mp3,7.784375,3,0,0.0,1.058299,1.058299
g3390,g3390.mp3,7.784375,3,1,3.141383,3.663379,0.521995
g3390,g3390.mp3,7.784375,3,2,4.664649,5.709773,1.045125
g3391,g3391.mp3,13.322375,6,0,0.0,1.0422,1.0422
g3391,g3391.mp3,13.322375,6,1,3.436122,3.952358,0.516236
g3391,g3391.mp3,13.322375,6,2,4.398163,5.434331,1.036168
g3391,g3391.mp3,13.322375,6,3,5.875601,6.894104,1.018503
g3391,g3391.mp3,13.322375,6,4,9.042472,10.060612,1.018141
g3391,g3391.mp3,13.322375,6,5,10.648821,11.718594,1.069773
g3392,g3392.mp3,7.31425,3,0,0.0,1.047619,1.047619
g3392,g3392.mp3,7.31425,3,1,3.576984,4.085578,0.508594
g3392,g3392.mp3,7.31425,3,2,4.665986,5.695034,1.029048
g3393,g3393.mp3,7.20975,3,0,0.0,1.041678,1.041678
g3393,g3393.mp3,7.20975,3,1,3.463764,3.992018,0.528254
g3393,g3393.mp3,7.20975,3,2,4.60034,5.630884,1.030544
g3394,g3394.mp3,7.653875,3,0,0.0,1.033696,1.033696
g3394,g3394.mp3,7.653875,3,1,3.288912,3.783946,0.495034
g3394,g3394.mp3,7.653875,3,2,4.694308,5.722245,1.027937
g3395,g3395.mp3,13.3485,6,0,0.0,1.052426,1.052426
g3395,g3395.mp3,13.3485,6,1,3.639751,4.15771,0.517959
g3395,g3395.mp3,13.3485,6,2,4.577642,5.603243,1.025601
g3395,g3395.mp3,13.3485,6,3,5.982562,7.006871,1.024308
g3395,g3395.mp3,13.3485,6,4,9.259252,10.284898,1.025646
g3395,g3395.mp3,13.3485,6,5,10.781156,11.798027,1.016871
g3396,g3396.mp3,7.31425,3,0,0.0,1.046621,1.046621
g3396,g3396.mp3,7.31425,3,1,3.632517,4.160431,0.527914
g3396,g3396.mp3,7.31425,3,2,4.723878,5.744444,1.020567
g3397,g3397.mp3,13.19175,6,0,0.0,1.046054,1.046054
g3397,g3397.mp3,13.19175,6,1,3.653175,4.199025,0.54585
g3397,g3397.mp3,13.19175,6,2,4.828277,5.874512,1.046236
g3397,g3397.mp3,13.19175,6,3,6.504127,7.530249,1.026122
g3397,g3397.mp3,13.19175,6,4,8.538617,9.572245,1.033628
g3397,g3397.mp3,13.19175,6,5,10.393741,11.418776,1.025034
g3398,g3398.mp3,7.471,3,0,0.0,1.044717,1.044717
g3398,g3398.mp3,7.471,3,1,3.335215,3.864535,0.52932
g3398,g3398.mp3,7.471,3,2,4.654399,5.692948,1.038549
g3399,g3399.mp3,7.86275,3,0,0.0,1.041406,1.041406
g3399,g3399.mp3,7.86275,3,1,3.727302,4.227052,0.499751
g3399,g3399.mp3,7.86275,3,2,5.040816,6.070635,1.029819
g3400,g3400.mp3,6.79175,3,0,0.0,1.037551,1.037551
g3400,g3400.mp3,6.79175,3,1,3.192358,3.693855,0.501497
g3400,g3400.mp3,6.79175,3,2,4.226576,5.252018,1.025442
g3401,g3401.mp3,7.52325,3,0,0.0,1.036168,1.036168
g3401,g3401.mp3,7.52325,3,1,3.456236,3.992381,0.536145
g3401,g3401.mp3,7.52325,3,2,4.68805,5.738481,1.050431
g3402,g3402.mp3,7.706,3,0,0.0,1.03195,1.03195
g3402,g3402.mp3,7.706,3,1,3.266054,3.77517,0.509116
g3402,g3402.mp3,7.706,3,2,4.722426,5.754195,1.031769
g3403,g3403.mp3,13.270125,6,0,0.0,1.055329,1.055329
g3403,g3403.mp3,13.270125,6,1,3.33839,3.838209,0.499819
g3403,g3403.mp3,13.270125,6,2,4.703923,5.707778,1.003855
g3403,g3403.mp3,13.270125,6,3,6.592313,7.605329,1.013016
g3403,g3403.mp3,13.270125,6,4,8.632857,9.656712,1.023855
g3403,g3403.mp3,13.270125,6,5,10.371542,11.399116,1.027574
g3404,g3404.mp3,7.053,3,0,0.0,1.044127,1.044127
g3404,g3404.mp3,7.053,3,1,3.304218,3.827914,0.523696
g3404,g3404.mp3,7.053,3,2,4.416508,5.450363,1.033855
g3405,g3405.mp3,8.150125,3,0,0.0,1.046871,1.046871
g3405,g3405.mp3,8.150125,3,1,3.40746,3.924762,0.517302
g3405,g3405.mp3,8.150125,3,2,4.993923,6.019615,1.025692
g3406,g3406.mp3,8.2285,3,0,0.0,1.037415,1.037415
g3406,g3406.mp3,8.2285,3,1,3.28288,3.827438,0.544558
g3406,g3406.mp3,8.2285,3,2,5.012925,6.03093,1.018005
g3407,g3407.mp3,7.5755,3,0,0.0,1.048435,1.048435
g3407,g3407.mp3,7.5755,3,1,3.279683,3.809252,0.529569
g3407,g3407.mp3,7.5755,3,2,4.639796,5.685624,1.045828
g3408,g3408.mp3,7.131375,3,0,0.0,1.046304,1.046304
g3408,g3408.mp3,7.131375,3,1,3.001497,3.528707,0.527211
g3408,g3408.mp3,7.131375,3,2,4.289977,5.332653,1.042676
g3409,g3409.mp3,7.1575,3,0,0.0,1.030544,1.030544
g3409,g3409.mp3,7.1575,3,1,3.236984,3.755397,0.518413
g3409,g3409.mp3,7.1575,3,2,4.400658,5.425465,1.024807
g3410,g3410.mp3,7.1575,3,0,0.0,1.04712,1.04712
g3410,g3410.mp3,7.1575,3,1,3.264853,3.770249,0.505397
g3410,g3410.mp3,7.1575,3,2,4.440045,5.465147,1.025102
g3411,g3411.mp3,7.732125,3,0,0.0,1.033605,1.033605
g3411,g3411.mp3,7.732125,3,1,3.145374,3.690113,0.544739
g3411,g3411.mp3,7.732125,3,2,4.679728,5.719932,1.040204
g3412,g3412.mp3,7.31425,3,0,0.0,1.038934,1.038934
g3412,g3412.mp3,7.31425,3,1,3.055306,3.5722,0.516893
g3412,g3412.mp3,7.31425,3,2,4.413696,5.42381,1.010113
g3413,g3413.mp3,7.836625,3,0,0.0,1.039864,1.039864
g3413,g3413.mp3,7.836625,3,1,3.433696,3.96093,0.527234
g3413,g3413.mp3,7.836625,3,2,4.794512,5.898753,1.10424
g3414,g3414.mp3,6.9485,3,0,0.0,1.044014,1.044014
g3414,g3414.mp3,6.9485,3,1,3.449365,3.962494,0.513129
g3414,g3414.mp3,6.9485,3,2,4.4039,5.418005,1.014104
g3415,g3415.mp3,8.8615,3,0,0.0,1.055873,1.055873
g3415,g3415.mp3,8.8615,3,1,4.567664,5.57415,1.006485
g3415,g3415.mp3,8.8615,3,2,6.576327,7.590748,1.014422
g3416,g3416.mp3,7.288125,3,0,0.0,1.042086,1.042086
g3416,g3416.mp3,7.288125,3,1,3.407324,3.924354,0.517029
g3416,g3416.mp3,7.288125,3,2,4.588413,5.612789,1.024376
g3417,g3417.mp3,7.10525,3,0,0.0,1.044014,1.044014
g3417,g3417.mp3,7.10525,3,1,3.498231,4.014717,0.516485
g3417,g3417.mp3,7.10525,3,2,4.517732,5.532472,1.014739
g3418,g3418.mp3,6.922375,3,0,0.0,1.042812,1.042812
g3418,g3418.mp3,6.922375,3,1,3.404603,3.926689,0.522086
g3418,g3418.mp3,6.922375,3,2,4.38678,5.402472,1.015692
g3419,g3419.mp3,7.62775,3,0,0.0,1.052721,1.052721
g3419,g3419.mp3,7.62775,3,1,3.450227,3.968526,0.518299
g3419,g3419.mp3,7.62775,3,2,4.780385,5.807483,1.027098
g3420,g3420.mp3,6.765625,3,0,0.0,1.034853,1.034853
g3420,g3420.mp3,6.765625,3,1,3.133832,3.652313,0.518481
g3420,g3420.mp3,6.765625,3,2,4.169773,5.199456,1.029683
g3421,g3421.mp3,7.706,3,0,0.0,1.034898,1.034898
g3421,g3421.mp3,7.706,3,1,3.383039,3.932132,0.549093
g3421,g3421.mp3,7.706,3,2,4.790794,5.812381,1.021587
g3422,g3422.mp3,7.8105,3,0,0.0,1.02932,1.02932
g3422,g3422.mp3,7.8105,3,1,3.340045,3.847392,0.507347
g3422,g3422.mp3,7.8105,3,2,4.77068,5.80161,1.03093
g3423,g3423.mp3,7.75825,3,0,0.0,1.045964,1.045964
g3423,g3423.mp3,7.75825,3,1,3.566735,4.076893,0.510159
g3423,g3423.mp3,7.75825,3,2,4.953946,5.963243,1.009297
g3424,g3424.mp3,16.27425,6,0,0.0,1.087211,1.087211
g3424,g3424.mp3,16.27425,6,1,3.620363,4.161066,0.540703
g3424,g3424.mp3,16.27425,6,2,5.241293,6.183651,0.942358
g3424,g3424.mp3,16.27425,6,3,7.242676,8.311315,1.068639
g3424,g3424.mp3,16.27425,6,4,10.52619,11.595556,1.069365
g3424,g3424.mp3,16.27425,6,5,12.873651,13.924082,1.050431
g3425,g3425.mp3,7.497125,3,0,0.0,1.036077,1.036077
g3425,g3425.mp3,7.497125,3,1,3.537823,4.061565,0.523741
g3425,g3425.mp3,7.497125,3,2,4.736032,5.767914,1.031882
g3426,g3426.mp3,7.601625,3,0,0.0,1.041293,1.041293
g3426,g3426.mp3,7.601625,3,1,3.404172,3.932086,0.527914
g3426,g3426.mp3,7.601625,3,2,4.772676,5.790363,1.017687
g3427,g3427.mp3,12.199125,6,0,0.0,1.03771,1.03771
g3427,g3427.mp3,12.199125,6,1,3.443583,3.958776,0.515193
g3427,g3427.mp3,12.199125,6,2,4.376259,5.423288,1.047029
g3427,g3427.mp3,12.199125,6,3,5.82059,6.847551,1.026961
g3427,g3427.mp3,12.199125,6,4,7.784354,8.809048,1.024694
g3427,g3427.mp3,12.199125,6,5,9.487392,10.514671,1.027279
g3428,g3428.mp3,8.0195,3,0,0.0,1.060794,1.060794
g3428,g3428.mp3,8.0195,3,1,3.327324,3.849864,0.52254
g3428,g3428.mp3,8.0195,3,2,4.899683,5.938503,1.038821
g3429,g3429.mp3,7.62775,3,0,0.0,1.050113,1.050113
g3429,g3429.mp3,7.62775,3,1,3.420816,3.952676,0.531859
g3429,g3429.mp3,7.62775,3,2,4.753968,5.793107,1.039138
g3430,g3430.mp3,7.288125,3,0,0.0,1.026054,1.026054
g3430,g3430.mp3,7.288125,3,1,3.177551,3.697959,0.520408
g3430,g3430.mp3,7.288125,3,2,4.451542,5.487211,1.035669
g3431,g3431.mp3,7.62775,3,0,0.0,1.036327,1.036327
g3431,g3431.mp3,7.62775,3,1,3.485351,4.004535,0.519184
g3431,g3431.mp3,7.62775,3,2,4.782086,5.814331,1.032245
g3432,g3432.mp3,7.706,3,0,0.0,1.039955,1.039955
g3432,g3432.mp3,7.706,3,1,3.380703,3.909002,0.528299
g3432,g3432.mp3,7.706,3,2,4.757551,5.795283,1.037732
g3433,g3433.mp3,7.601625,3,0,0.0,1.044263,1.044263
g3433,g3433.mp3,7.601625,3,1,3.501882,4.021474,0.519592
g3433,g3433.mp3,7.601625,3,2,4.806054,5.845941,1.039887
g3434,g3434.mp3,7.3665,3,0,0.0,1.032494,1.032494
g3434,g3434.mp3,7.3665,3,1,3.500023,4.051383,0.551361
g3434,g3434.mp3,7.3665,3,2,4.668345,5.711088,1.042744
g3435,g3435.mp3,7.340375,3,0,0.0,1.054059,1.054059
g3435,g3435.mp3,7.340375,3,1,3.461587,3.97805,0.516463
g3435,g3435.mp3,7.340375,3,2,4.606689,5.6278,1.021111
g3436,g3436.mp3,8.07175,3,0,0.0,1.046304,1.046304
g3436,g3436.mp3,8.07175,3,1,3.458118,3.973401,0.515283
g3436,g3436.mp3,8.07175,3,2,5.032608,6.073605,1.040998
g3437,g3437.mp3,7.444875,3,0,0.0,1.043379,1.043379
g3437,g3437.mp3,7.444875,3,1,3.442562,3.955125,0.512562
g3437,g3437.mp3,7.444875,3,2,4.638458,5.677075,1.038617
g3438,g3438.mp3,6.9485,3,0,0.0,1.040862,1.040862
g3438,g3438.mp3,6.9485,3,1,3.222925,3.76263,0.539705
g3438,g3438.mp3,6.9485,3,2,4.313152,5.352472,1.03932
g3439,g3439.mp3,8.17625,3,0,0.0,1.051678,1.051678
g3439,g3439.mp3,8.17625,3,1,3.511406,4.043946,0.53254
g3439,g3439.mp3,8.17625,3,2,5.104082,6.154036,1.049955
g3440,g3440.mp3,12.53875,6,0,0.0,1.044422,1.044422
g3440,g3440.mp3,12.53875,6,1,3.117982,3.640204,0.522222
g3440,g3440.mp3,12.53875,6,2,4.209705,5.268889,1.059184
g3440,g3440.mp3,12.53875,6,3,5.883537,6.943764,1.060227
g3440,g3440.mp3,12.53875,6,4,8.007211,9.035488,1.028277
g3440,g3440.mp3,12.53875,6,5,9.740454,10.767528,1.027075
g3441,g3441.mp3,7.75825,3,0,0.0,1.055034,1.055034
g3441,g3441.mp3,7.75825,3,1,3.604331,4.138254,0.533923
g3441,g3441.mp3,7.75825,3,2,4.918866,5.956327,1.03746
g3442,g3442.mp3,8.333,3,0,0.0,1.035737,1.035737
g3442,g3442.mp3,8.333,3,1,3.554649,4.069819,0.51517
g3442,g3442.mp3,8.333,3,2,5.155896,6.178141,1.022245
g3443,g3443.mp3,7.3665,3,0,0.0,1.037483,1.037483
g3443,g3443.mp3,7.3665,3,1,3.483878,4.014853,0.530975
g3443,g3443.mp3,7.3665,3,2,4.675397,5.729206,1.05381
g3444,g3444.mp3,7.31425,3,0,0.0,1.046054,1.046054
g3444,g3444.mp3,7.31425,3,1,3.479955,3.984717,0.504762
g3444,g3444.mp3,7.31425,3,2,4.616417,5.669138,1.052721
g3445,g3445.mp3,7.52325,3,0,0.0,1.041156,1.041156
g3445,g3445.mp3,7.52325,3,1,3.509184,4.022041,0.512857
g3445,g3445.mp3,7.52325,3,2,4.742812,5.766259,1.023447
g3446,g3446.mp3,7.915,3,0,0.0,1.046848,1.046848
g3446,g3446.mp3,7.915,3,1,3.356531,3.87127,0.514739
g3446,g3446.mp3,7.915,3,2,4.896553,5.868141,0.971587
g3447,g3447.mp3,8.4375,3,0,0.0,1.08254,1.08254
g3447,g3447.mp3,8.4375,3,1,3.626259,4.177891,0.551633
g3447,g3447.mp3,8.4375,3,2,5.288073,6.324263,1.03619
g3448,g3448.mp3,7.68,3,0,0.0,1.03585,1.03585
g3448,g3448.mp3,7.68,3,1,3.519229,4.032608,0.513379
g3448,g3448.mp3,7.68,3,2,4.850726,5.805261,0.954535
g3449,g3449.mp3,7.732125,3,0,0.0,1.052063,1.052063
g3449,g3449.mp3,7.732125,3,1,3.483401,3.983764,0.500363
g3449,g3449.mp3,7.732125,3,2,4.835556,5.863356,1.0278
g3450,g3450.mp3,11.59825,6,0,0.0,1.025465,1.025465
g3450,g3450.mp3,11.59825,6,1,3.289274,3.801474,0.5122
g3450,g3450.mp3,11.59825,6,2,4.194308,5.216576,1.022268
g3450,g3450.mp3,11.59825,6,3,5.537914,6.579342,1.041429
g3450,g3450.mp3,11.59825,6,4,7.670385,8.68737,1.016984
g3450,g3450.mp3,11.59825,6,5,9.133923,10.160998,1.027075
g3451,g3451.mp3,8.07175,3,0,0.0,1.038912,1.038912
g3451,g3451.mp3,8.07175,3,1,3.649524,4.171338,0.521814
g3451,g3451.mp3,8.07175,3,2,5.111247,6.147415,1.036168
g3452,g3452.mp3,7.8105,3,0,0.0,1.038435,1.038435
g3452,g3452.mp3,7.8105,3,1,3.412653,3.949751,0.537098
g3452,g3452.mp3,7.8105,3,2,4.859161,5.890023,1.030862
g3453,g3453.mp3,7.340375,3,0,0.0,1.044127,1.044127
g3453,g3453.mp3,7.340375,3,1,3.426689,3.948866,0.522177
g3453,g3453.mp3,7.340375,3,2,4.615488,5.646825,1.031338
g3454,g3454.mp3,7.68,3,0,0.0,1.055896,1.055896
g3454,g3454.mp3,7.68,3,1,3.543333,4.054467,0.511134
g3454,g3454.mp3,7.68,3,2,4.870522,5.894671,1.02415
g3455,g3455.mp3,7.75825,3,0,0.0,1.045533,1.045533
g3455,g3455.mp3,7.75825,3,1,3.600975,4.145147,0.544172
g3455,g3455.mp3,7.75825,3,2,4.935193,5.967052,1.031859
g3456,g3456.mp3,7.915,3,0,0.0,1.041791,1.041791
g3456,g3456.mp3,7.915,3,1,3.463333,3.97551,0.512177
g3456,g3456.mp3,7.915,3,2,4.903447,5.930204,1.026757
g3457,g3457.mp3,15.151,6,0,0.0,1.055079,1.055079
g3457,g3457.mp3,15.151,6,1,3.712041,4.223855,0.511814
g3457,g3457.mp3,15.151,6,2,5.110136,6.137868,1.027732
g3457,g3457.mp3,15.151,6,3,7.047687,8.069342,1.021655
g3457,g3457.mp3,15.151,6,4,10.309206,11.338889,1.029683
g3457,g3457.mp3,15.151,6,5,12.192154,13.249388,1.057234
g3458,g3458.mp3,15.124875,6,0,0.0,1.054082,1.054082
g3458,g3458.mp3,15.124875,6,1,3.614966,4.150839,0.535873
g3458,g3458.mp3,15.124875,6,2,4.85907,5.927098,1.068027
g3458,g3458.mp3,15.124875,6,3,6.723968,7.773333,1.049365
g3458,g3458.mp3,15.124875,6,4,10.159342,11.200363,1.04102
g3458,g3458.mp3,15.124875,6,5,12.095351,13.193583,1.098231
g3459,g3459.mp3,13.453,6,0,0.0,1.035805,1.035805
g3459,g3459.mp3,13.453,6,1,3.811224,4.401882,0.590658
g3459,g3459.mp3,13.453,6,2,4.962971,6.011587,1.048617
g3459,g3459.mp3,13.453,6,3,6.624603,7.68254,1.057937
g3459,g3459.mp3,13.453,6,4,8.695601,9.736077,1.040476
g3459,g3459.mp3,13.453,6,5,10.521905,11.624898,1.102993
g3460,g3460.mp3,7.497125,3,0,0.0,1.029909,1.029909
g3460,g3460.mp3,7.497125,3,1,3.618073,4.178662,0.56059
g3460,g3460.mp3,7.497125,3,2,4.800794,5.827959,1.027166
g3461,g3461.mp3,16.58775,6,0,0.0,1.130726,1.130726
g3461,g3461.mp3,16.58775,6,1,4.110408,4.638526,0.528118
g3461,g3461.mp3,16.58775,6,2,5.574512,6.648413,1.0739
g3461,g3461.mp3,16.58775,6,3,7.602834,8.66839,1.065556
g3461,g3461.mp3,16.58775,6,4,11.124444,12.174376,1.049932
g3461,g3461.mp3,16.58775,6,5,13.32102,14.394807,1.073787
g3462,g3462.mp3,7.784375,3,0,0.0,1.045238,1.045238
g3462,g3462.mp3,7.784375,3,1,3.73068,4.240703,0.510023
g3462,g3462.mp3,7.784375,3,2,4.98483,6.009002,1.024172
g3463,g3463.mp3,8.2285,3,0,0.0,1.056621,1.056621
g3463,g3463.mp3,8.2285,3,1,3.809751,4.344036,0.534286
g3463,g3463.mp3,8.2285,3,2,5.239932,6.278707,1.038776
g3464,g3464.mp3,7.497125,3,0,0.0,1.047075,1.047075
g3464,g3464.mp3,7.497125,3,1,3.739751,4.251973,0.512222
g3464,g3464.mp3,7.497125,3,2,4.882449,5.925034,1.042585
g3465,g3465.mp3,7.601625,3,0,0.0,1.050907,1.050907
g3465,g3465.mp3,7.601625,3,1,3.705397,4.23068,0.525283
g3465,g3465.mp3,7.601625,3,2,4.862426,5.902766,1.04034
g3466,g3466.mp3,8.17625,3,0,0.0,1.060408,1.060408
g3466,g3466.mp3,8.17625,3,1,3.876372,4.415533,0.539161
g3466,g3466.mp3,8.17625,3,2,5.273469,6.293673,1.020204
g3467,g3467.mp3,8.202375,3,0,0.0,1.044444,1.044444
g3467,g3467.mp3,8.202375,3,1,3.779116,4.290771,0.511655
g3467,g3467.mp3,8.202375,3,2,5.178118,6.198594,1.020476
g3468,g3468.mp3,7.653875,3,0,0.0,1.058435,1.058435
g3468,g3468.mp3,7.653875,3,1,3.619909,4.154989,0.535079
g3468,g3468.mp3,7.653875,3,2,4.901882,5.930272,1.02839
g3469,g3469.mp3,7.706,3,0,0.0,1.027211,1.027211
g3469,g3469.mp3,7.706,3,1,3.688934,4.206054,0.51712
g3469,g3469.mp3,7.706,3,2,4.949637,5.968594,1.018957
g3470,g3470.mp3,7.471,3,0,0.0,1.035918,1.035918
g3470,g3470.mp3,7.471,3,1,3.405193,3.920068,0.514875
g3470,g3470.mp3,7.471,3,2,4.661474,5.675986,1.014512
g3471,g3471.mp3,7.601625,3,0,0.0,1.042698,1.042698
g3471,g3471.mp3,7.601625,3,1,3.624807,4.129637,0.50483
g3471,g3471.mp3,7.601625,3,2,4.833401,5.849433,1.016032
g3472,g3472.mp3,7.601625,3,0,0.0,1.048866,1.048866
g3472,g3472.mp3,7.601625,3,1,3.672744,4.191973,0.519229
g3472,g3472.mp3,7.601625,3,2,4.843039,5.88644,1.043401
g3473,g3473.mp3,8.333,3,0,0.0,1.046009,1.046009
g3473,g3473.mp3,8.333,3,1,3.725465,4.255896,0.530431
g3473,g3473.mp3,8.333,3,2,5.208163,6.262154,1.053991
g3474,g3474.mp3,7.706,3,0,0.0,1.033855,1.033855
g3474,g3474.mp3,7.706,3,1,3.578163,4.08873,0.510567
g3474,g3474.mp3,7.706,3,2,4.883265,5.905283,1.022018
g3475,g3475.mp3,14.132125,6,0,0.0,1.055669,1.055669
g3475,g3475.mp3,14.132125,6,1,3.643333,4.206236,0.562902
g3475,g3475.mp3,14.132125,6,2,5.185215,6.308685,1.123469
g3475,g3475.mp3,14.132125,6,3,7.228231,8.342426,1.114195
g3475,g3475.mp3,14.132125,6,4,9.37322,10.465964,1.092744
g3475,g3475.mp3,14.132125,6,5,11.241678,12.31068,1.069002
g3476,g3476.mp3,8.515875,3,0,0.0,1.08263,1.08263
g3476,g3476.mp3,8.515875,3,1,3.763424,4.290159,0.526735
g3476,g3476.mp3,8.515875,3,2,5.415261,6.431474,1.016213
g3477,g3477.mp3,7.784375,3,0,0.0,1.025692,1.025692
g3477,g3477.mp3,7.784375,3,1,3.61941,4.14839,0.52898
g3477,g3477.mp3,7.784375,3,2,4.945193,5.965828,1.020635
g3478,g3478.mp3,13.426875,6,0,0.0,1.055102,1.055102
g3478,g3478.mp3,13.426875,6,1,3.169206,3.705714,0.536508
g3478,g3478.mp3,13.426875,6,2,4.538844,5.600794,1.06195
g3478,g3478.mp3,13.426875,6,3,6.428481,7.446961,1.018481
g3478,g3478.mp3,13.426875,6,4,8.574989,9.597256,1.022268
g3478,g3478.mp3,13.426875,6,5,10.487687,11.544195,1.056508
g3479,g3479.mp3,8.69875,3,0,0.0,1.032086,1.032086
g3479,g3479.mp3,8.69875,3,1,3.808798,4.310091,0.501293
g3479,g3479.mp3,8.69875,3,2,5.44678,6.464649,1.017868
g3480,g3480.mp3,7.732125,3,0,0.0,1.027075,1.027075
g3480,g3480.mp3,7.732125,3,1,3.070748,3.595125,0.524376
g3480,g3480.mp3,7.732125,3,2,4.608027,5.639229,1.031202
g3481,g3481.mp3,13.662,6,0,0.0,1.025714,1.025714
g3481,g3481.mp3,13.662,6,1,3.362517,3.928707,0.56619
g3481,g3481.mp3,13.662,6,2,4.698934,5.772857,1.073923
g3481,g3481.mp3,13.662,6,3,6.602812,7.639751,1.036939
g3481,g3481.mp3,13.662,6,4,8.61195,9.660907,1.048957
g3481,g3481.mp3,13.662,6,5,10.621361,11.688934,1.067574
g3482,g3482.mp3,8.4375,3,0,0.0,1.071383,1.071383
g3482,g3482.mp3,8.4375,3,1,3.8661,4.386009,0.519909
g3482,g3482.mp3,8.4375,3,2,5.38873,6.419977,1.031247
g3483,g3483.mp3,7.41875,3,0,0.0,1.049297,1.049297
g3483,g3483.mp3,7.41875,3,1,3.633515,4.155601,0.522086
g3483,g3483.mp3,7.41875,3,2,4.739116,5.762766,1.023651
g3484,g3484.mp3,7.86275,3,0,0.0,1.033356,1.033356
g3484,g3484.mp3,7.86275,3,1,3.798141,4.316485,0.518345
g3484,g3484.mp3,7.86275,3,2,5.00941,6.033379,1.023968
g3485,g3485.mp3,7.86275,3,0,0.0,1.033878,1.033878
g3485,g3485.mp3,7.86275,3,1,3.634059,4.151156,0.517098
g3485,g3485.mp3,7.86275,3,2,4.989705,6.023424,1.033719
g3486,g3486.mp3,7.62775,3,0,0.0,1.050522,1.050522
g3486,g3486.mp3,7.62775,3,1,3.482063,4.007029,0.524966
g3486,g3486.mp3,7.62775,3,2,4.769433,5.80424,1.034807
g3487,g3487.mp3,8.150125,3,0,0.0,1.054626,1.054626
g3487,g3487.mp3,8.150125,3,1,3.58551,4.120408,0.534898
g3487,g3487.mp3,8.150125,3,2,5.082472,6.144785,1.062313
g3488,g3488.mp3,7.96725,3,0,0.0,1.032109,1.032109
g3488,g3488.mp3,7.96725,3,1,3.343946,3.854444,0.510499
g3488,g3488.mp3,7.96725,3,2,4.89381,5.914966,1.021156
g3489,g3489.mp3,8.2285,3,0,0.0,1.058957,1.058957
g3489,g3489.mp3,8.2285,3,1,3.486712,4.024014,0.537302
g3489,g3489.mp3,8.2285,3,2,5.119615,6.131633,1.012018
g3490,g3490.mp3,8.202375,3,0,0.0,1.040091,1.040091
g3490,g3490.mp3,8.202375,3,1,3.324921,3.86678,0.541859
g3490,g3490.mp3,8.202375,3,2,4.950272,6.038322,1.08805
g3491,g3491.mp3,7.471,3,0,0.0,1.057687,1.057687
g3491,g3491.mp3,7.471,3,1,3.515102,4.025714,0.510612
g3491,g3491.mp3,7.471,3,2,4.71424,5.732358,1.018118
g3492,g3492.mp3,7.784375,3,0,0.0,1.051542,1.051542
g3492,g3492.mp3,7.784375,3,1,3.519116,4.039342,0.520227
g3492,g3492.mp3,7.784375,3,2,4.864263,5.893175,1.028912
g3493,g3493.mp3,7.601625,3,0,0.0,1.031429,1.031429
g3493,g3493.mp3,7.601625,3,1,3.610295,4.120091,0.509796
g3493,g3493.mp3,7.601625,3,2,4.827664,5.873356,1.045692
g3494,g3494.mp3,8.097875,3,0,0.0,1.039501,1.039501
g3494,g3494.mp3,8.097875,3,1,3.474875,3.976009,0.501134
g3494,g3494.mp3,8.097875,3,2,5.020499,6.054286,1.033787
g3495,g3495.mp3,8.124,3,0,0.0,1.029342,1.029342
g3495,g3495.mp3,8.124,3,1,3.502313,4.012857,0.510544
g3495,g3495.mp3,8.124,3,2,5.022426,6.091111,1.068685
g3496,g3496.mp3,13.949375,6,0,0.0,1.047687,1.047687
g3496,g3496.mp3,13.949375,6,1,3.544785,4.065578,0.520794
g3496,g3496.mp3,13.949375,6,2,5.059002,5.961066,0.902063
g3496,g3496.mp3,13.949375,6,3,7.088617,8.132766,1.04415
g3496,g3496.mp3,13.949375,6,4,9.093991,10.156281,1.06229
g3496,g3496.mp3,13.949375,6,5,10.960249,12.019569,1.05932
g3497,g3497.mp3,13.635875,6,0,0.0,1.070159,1.070159
g3497,g3497.mp3,13.635875,6,1,3.531791,4.061111,0.52932
g3497,g3497.mp3,13.635875,6,2,4.889116,5.947143,1.058027
g3497,g3497.mp3,13.635875,6,3,6.757098,7.775306,1.018209
g3497,g3497.mp3,13.635875,6,4,8.948073,9.964739,1.016667
g3497,g3497.mp3,13.635875,6,5,10.793719,11.827075,1.033356
g3498,g3498.mp3,7.41875,3,0,0.0,1.048866,1.048866
g3498,g3498.mp3,7.41875,3,1,3.196757,3.694354,0.497596
g3498,g3498.mp3,7.41875,3,2,4.532834,5.553628,1.020794
g3499,g3499.mp3,7.52325,3,0,0.0,1.092313,1.092313
g3499,g3499.mp3,7.52325,3,1,3.58415,4.125079,0.54093
g3499,g3499.mp3,7.52325,3,2,4.780317,5.828413,1.048095
g3500,g3500.mp3,7.75825,3,0,0.0,1.051111,1.051111
g3500,g3500.mp3,7.75825,3,1,3.273515,3.798866,0.525351
g3500,g3500.mp3,7.75825,3,2,4.72356,5.765556,1.041995
g3501,g3501.mp3,7.497125,3,0,0.0,1.043084,1.043084
g3501,g3501.mp3,7.497125,3,1,3.599297,4.097619,0.498322
g3501,g3501.mp3,7.497125,3,2,4.805964,5.816871,1.010907
g3502,g3502.mp3,13.662,6,0,0.0,1.026735,1.026735
g3502,g3502.mp3,13.662,6,1,3.190363,3.695964,0.505601
g3502,g3502.mp3,13.662,6,2,4.451678,5.490181,1.038503
g3502,g3502.mp3,13.662,6,3,6.280068,7.312517,1.032449
g3502,g3502.mp3,13.662,6,4,8.608163,9.671179,1.063016
g3502,g3502.mp3,13.662,6,5,10.715397,11.73127,1.015873
g3503,g3503.mp3,7.471,3,0,0.0,1.039456,1.039456
g3503,g3503.mp3,7.471,3,1,3.232902,3.751111,0.518209
g3503,g3503.mp3,7.471,3,2,4.642585,5.648594,1.006009
g3504,g3504.mp3,7.732125,3,0,0.0,1.041814,1.041814
g3504,g3504.mp3,7.732125,3,1,3.201315,3.694104,0.492789
g3504,g3504.mp3,7.732125,3,2,4.691927,5.709116,1.017188
g3505,g3505.mp3,7.288125,3,0,0.0,1.034059,1.034059
g3505,g3505.mp3,7.288125,3,1,3.231565,3.727868,0.496304
g3505,g3505.mp3,7.288125,3,2,4.481134,5.493764,1.01263
g3506,g3506.mp3,7.235875,3,0,0.0,1.030612,1.030612
g3506,g3506.mp3,7.235875,3,1,3.485805,3.970567,0.484762
g3506,g3506.mp3,7.235875,3,2,4.574354,5.585488,1.011134
g3507,g3507.mp3,6.974625,3,0,0.0,1.042472,1.042472
g3507,g3507.mp3,6.974625,3,1,3.173515,3.689751,0.516236
g3507,g3507.mp3,6.974625,3,2,4.317619,5.355918,1.038299
g3508,g3508.mp3,13.244,6,0,0.0,1.02932,1.02932
g3508,g3508.mp3,13.244,6,1,3.135057,3.645578,0.510522
g3508,g3508.mp3,13.244,6,2,4.415147,5.432404,1.017256
g3508,g3508.mp3,13.244,6,3,6.219433,7.245147,1.025714
g3508,g3508.mp3,13.244,6,4,8.284649,9.303651,1.019002
g3508,g3508.mp3,13.244,6,5,10.24059,11.274785,1.034195
g3509,g3509.mp3,7.183625,3,0,0.0,1.036077,1.036077
g3509,g3509.mp3,7.183625,3,1,3.220454,3.73415,0.513696
g3509,g3509.mp3,7.183625,3,2,4.386304,5.444308,1.058005
g3510,g3510.mp3,7.235875,3,0,0.0,1.02932,1.02932
g3510,g3510.mp3,7.235875,3,1,3.131678,3.635465,0.503787
g3510,g3510.mp3,7.235875,3,2,4.400567,5.408957,1.00839
g3511,g3511.mp3,7.5755,3,0,0.0,1.037687,1.037687
g3511,g3511.mp3,7.5755,3,1,3.082517,3.605374,0.522857
g3511,g3511.mp3,7.5755,3,2,4.534603,5.551633,1.017029
g3512,g3512.mp3,7.915,3,0,0.0,1.034467,1.034467
g3512,g3512.mp3,7.915,3,1,3.012698,3.530023,0.517324
g3512,g3512.mp3,7.915,3,2,4.694694,5.718118,1.023424
g3513,g3513.mp3,6.817875,3,0,0.0,1.052381,1.052381
g3513,g3513.mp3,6.817875,3,1,3.497256,4.014376,0.51712
g3513,g3513.mp3,6.817875,3,2,4.397551,5.434603,1.037052
g3514,g3514.mp3,6.635,3,0,0.0,1.032744,1.032744
g3514,g3514.mp3,6.635,3,1,3.162993,3.68746,0.524467
g3514,g3514.mp3,6.635,3,2,4.149252,5.192336,1.0430840000000003
g3515,g3515.mp3,7.5755,3,0,0.0,1.048639,1.048639
g3515,g3515.mp3,7.5755,3,1,3.302676,3.835034,0.532358
g3515,g3515.mp3,7.5755,3,2,4.640045,5.664014,1.023968
g3516,g3516.mp3,7.52325,3,0,0.0,1.04712,1.04712
g3516,g3516.mp3,7.52325,3,1,3.278027,3.778005,0.499977
g3516,g3516.mp3,7.52325,3,2,4.609161,5.628685,1.019524
g3517,g3517.mp3,7.653875,3,0,0.0,1.037823,1.037823
g3517,g3517.mp3,7.653875,3,1,3.341315,3.837324,0.496009
g3517,g3517.mp3,7.653875,3,2,4.775011,5.662721,0.88771
g3518,g3518.mp3,7.131375,3,0,0.0,1.039456,1.039456
g3518,g3518.mp3,7.131375,3,1,3.347687,3.855941,0.508254
g3518,g3518.mp3,7.131375,3,2,4.45941,5.47839,1.01898
g3519,g3519.mp3,7.601625,3,0,0.0,1.042517,1.042517
g3519,g3519.mp3,7.601625,3,1,3.34034,3.855873,0.515533
g3519,g3519.mp3,7.601625,3,2,4.762789,5.785465,1.022676
g3520,g3520.mp3,7.1575,3,0,0.0,1.039615,1.039615
g3520,g3520.mp3,7.1575,3,1,3.004671,3.521791,0.51712
g3520,g3520.mp3,7.1575,3,2,4.304082,5.347937,1.043855
g3521,g3521.mp3,7.549375,3,0,0.0,1.029025,1.029025
g3521,g3521.mp3,7.549375,3,1,3.584036,4.08839,0.504354
g3521,g3521.mp3,7.549375,3,2,4.812698,5.818798,1.0061
g3522,g3522.mp3,7.653875,3,0,0.0,1.044785,1.044785
g3522,g3522.mp3,7.653875,3,1,3.550544,4.052585,0.502041
g3522,g3522.mp3,7.653875,3,2,4.824308,5.837506,1.013197
g3523,g3523.mp3,7.52325,3,0,0.0,1.054875,1.054875
g3523,g3523.mp3,7.52325,3,1,3.456689,3.957778,0.501088
g3523,g3523.mp3,7.52325,3,2,4.698322,5.736372,1.03805
g3524,g3524.mp3,7.8105,3,0,0.0,1.059138,1.059138
g3524,g3524.mp3,7.8105,3,1,3.2122,3.736871,0.524671
g3524,g3524.mp3,7.8105,3,2,4.723855,5.760794,1.036939
g3525,g3525.mp3,6.870125,3,0,0.0,1.040658,1.040658
g3525,g3525.mp3,6.870125,3,1,3.340952,3.840499,0.499546
g3525,g3525.mp3,6.870125,3,2,4.346667,5.355147,1.008481
g3526,g3526.mp3,7.235875,3,0,0.0,1.039796,1.039796
g3526,g3526.mp3,7.235875,3,1,3.60254,4.10644,0.5039
g3526,g3526.mp3,7.235875,3,2,4.663356,5.700952,1.037596
g3527,g3527.mp3,7.444875,3,0,0.0,1.041542,1.041542
g3527,g3527.mp3,7.444875,3,1,3.394127,3.895964,0.501837
g3527,g3527.mp3,7.444875,3,2,4.655964,5.689093,1.033129
g3528,g3528.mp3,6.9485,3,0,0.0,1.035374,1.035374
g3528,g3528.mp3,6.9485,3,1,3.17932,3.6822,0.50288
g3528,g3528.mp3,6.9485,3,2,4.283265,5.307392,1.024127
g3529,g3529.mp3,6.817875,3,0,0.0,1.046077,1.046077
g3529,g3529.mp3,6.817875,3,1,3.270794,3.802834,0.532041
g3529,g3529.mp3,6.817875,3,2,4.281973,5.320522,1.038549
g3530,g3530.mp3,7.471,3,0,0.0,1.047483,1.047483
g3530,g3530.mp3,7.471,3,1,2.994331,3.523447,0.529116
g3530,g3530.mp3,7.471,3,2,4.464649,5.500567,1.035918
g3531,g3531.mp3,8.17625,3,0,0.0,1.05551,1.05551
g3531,g3531.mp3,8.17625,3,1,3.548639,4.063356,0.514717
g3531,g3531.mp3,8.17625,3,2,5.090181,6.127823,1.037642
g3532,g3532.mp3,8.17625,3,0,0.0,1.044308,1.044308
g3532,g3532.mp3,8.17625,3,1,3.675964,4.18898,0.513016
g3532,g3532.mp3,8.17625,3,2,5.187029,6.212472,1.025442
g3533,g3533.mp3,7.888875,3,0,0.0,1.031882,1.031882
g3533,g3533.mp3,7.888875,3,1,3.476236,3.989932,0.513696
g3533,g3533.mp3,7.888875,3,2,4.878639,5.905986,1.027347
g3534,g3534.mp3,7.68,3,0,0.0,1.053696,1.053696
g3534,g3534.mp3,7.68,3,1,3.614694,4.131995,0.517302
g3534,g3534.mp3,7.68,3,2,4.890363,5.910544,1.020181
g3535,g3535.mp3,7.732125,3,0,0.0,1.030748,1.030748
g3535,g3535.mp3,7.732125,3,1,3.579524,4.102381,0.522857
g3535,g3535.mp3,7.732125,3,2,4.886259,5.91678,1.030522
g3536,g3536.mp3,8.2285,3,0,0.0,1.043492,1.043492
g3536,g3536.mp3,8.2285,3,1,3.441293,3.963061,0.521769
g3536,g3536.mp3,8.2285,3,2,5.102948,6.123129,1.020181
g3537,g3537.mp3,7.62775,3,0,0.0,1.052404,1.052404
g3537,g3537.mp3,7.62775,3,1,3.521837,4.351973,0.830136
g3537,g3537.mp3,7.62775,3,2,4.83907,5.865896,1.026825
g3538,g3538.mp3,6.58275,3,0,0.0,1.029615,1.029615
g3538,g3538.mp3,6.58275,3,1,3.094512,3.604966,0.510454
g3538,g3538.mp3,6.58275,3,2,4.075465,5.079887,1.004422
g3539,g3539.mp3,7.1575,3,0,0.0,1.055556,1.055556
g3539,g3539.mp3,7.1575,3,1,3.401882,3.909501,0.507619
g3539,g3539.mp3,7.1575,3,2,4.479002,5.501383,1.022381
g3540,g3540.mp3,6.844,3,0,0.0,1.042132,1.042132
g3540,g3540.mp3,6.844,3,1,3.138707,3.661587,0.52288
g3540,g3540.mp3,6.844,3,2,4.230748,5.274943,1.044195
g3541,g3541.mp3,7.471,3,0,0.0,1.037846,1.037846
g3541,g3541.mp3,7.471,3,1,3.399932,3.912902,0.512971
g3541,g3541.mp3,7.471,3,2,4.657937,5.686871,1.028934
g3542,g3542.mp3,7.131375,3,0,0.0,1.052608,1.052608
g3542,g3542.mp3,7.131375,3,1,3.492698,4.018481,0.525782
g3542,g3542.mp3,7.131375,3,2,4.526644,5.579955,1.053311
g3543,g3543.mp3,7.288125,3,0,0.0,1.052948,1.052948
g3543,g3543.mp3,7.288125,3,1,3.416644,3.931791,0.515147
g3543,g3543.mp3,7.288125,3,2,4.573039,5.582925,1.009887
g3544,g3544.mp3,7.96725,3,0,0.0,1.04449,1.04449
g3544,g3544.mp3,7.96725,3,1,3.587438,4.088005,0.500567
g3544,g3544.mp3,7.96725,3,2,5.004671,6.040975,1.036304
g3545,g3545.mp3,7.52325,3,0,0.0,1.035669,1.035669
g3545,g3545.mp3,7.52325,3,1,3.335556,3.848254,0.512698
g3545,g3545.mp3,7.52325,3,2,4.644036,5.665556,1.021519
g3546,g3546.mp3,7.20975,3,0,0.0,1.032063,1.032063
g3546,g3546.mp3,7.20975,3,1,3.410522,3.914921,0.504399
g3546,g3546.mp3,7.20975,3,2,4.542494,5.5639,1.021406
g3547,g3547.mp3,8.829375,3,0,0.0,1.044989,1.044989
g3547,g3547.mp3,8.829375,3,1,3.51288,4.062245,0.549365
g3547,g3547.mp3,8.829375,3,2,5.390363,6.448934,1.058571
g3548,g3548.mp3,7.8105,3,0,0.0,1.065964,1.065964
g3548,g3548.mp3,7.8105,3,1,3.390998,3.908435,0.517438
g3548,g3548.mp3,7.8105,3,2,4.856871,5.870884,1.014014
g3549,g3549.mp3,7.8105,3,0,0.0,1.041429,1.041429
g3549,g3549.mp3,7.8105,3,1,3.381565,3.900431,0.518866
g3549,g3549.mp3,7.8105,3,2,4.825669,5.843379,1.01771
g3550,g3550.mp3,7.706,3,0,0.0,1.034127,1.034127
g3550,g3550.mp3,7.706,3,1,3.108254,3.628503,0.520249
g3550,g3550.mp3,7.706,3,2,4.626939,5.652562,1.025624
g3551,g3551.mp3,7.20975,3,0,0.0,1.030091,1.030091
g3551,g3551.mp3,7.20975,3,1,3.327256,3.824671,0.497415
g3551,g3551.mp3,7.20975,3,2,4.467302,5.472948,1.005646
g3552,g3552.mp3,7.392625,3,0,0.0,1.047823,1.047823
g3552,g3552.mp3,7.392625,3,1,3.445238,3.959615,0.514376
g3552,g3552.mp3,7.392625,3,2,4.625034,5.667483,1.042449
g3553,g3553.mp3,7.262,3,0,0.0,1.031202,1.031202
g3553,g3553.mp3,7.262,3,1,3.41288,3.913946,0.501066
g3553,g3553.mp3,7.262,3,2,4.566667,5.575918,1.009252
g3554,g3554.mp3,7.340375,3,0,0.0,1.026621,1.026621
g3554,g3554.mp3,7.340375,3,1,3.313968,3.813719,0.499751
g3554,g3554.mp3,7.340375,3,2,4.585918,5.595442,1.009524
g3555,g3555.mp3,7.471,3,0,0.0,1.032857,1.032857
g3555,g3555.mp3,7.471,3,1,3.463197,3.965986,0.502789
g3555,g3555.mp3,7.471,3,2,4.678481,5.718821,1.04034
g3556,g3556.mp3,7.31425,3,0,0.0,1.031723,1.031723
g3556,g3556.mp3,7.31425,3,1,3.367052,3.876871,0.509819
g3556,g3556.mp3,7.31425,3,2,4.54059,5.568005,1.027415
g3557,g3557.mp3,7.444875,3,0,0.0,1.04229,1.04229
g3557,g3557.mp3,7.444875,3,1,3.323379,3.824014,0.500635
g3557,g3557.mp3,7.444875,3,2,4.603741,5.612857,1.009116
g3558,g3558.mp3,7.1575,3,0,0.0,1.027029,1.027029
g3558,g3558.mp3,7.1575,3,1,3.20254,3.701655,0.499116
g3558,g3558.mp3,7.1575,3,2,4.412154,5.42034,1.008186
g3559,g3559.mp3,7.601625,3,0,0.0,1.028798,1.028798
g3559,g3559.mp3,7.601625,3,1,3.403741,3.904422,0.50068
g3559,g3559.mp3,7.601625,3,2,4.713197,5.722222,1.009025
g3560,g3560.mp3,7.497125,3,0,0.0,1.037619,1.037619
g3560,g3560.mp3,7.497125,3,1,3.20542,3.729161,0.523741
g3560,g3560.mp3,7.497125,3,2,4.591474,5.618662,1.027188
g3561,g3561.mp3,14.184375,6,0,0.0,1.049274,1.049274
g3561,g3561.mp3,14.184375,6,1,3.502426,4.017846,0.51542
g3561,g3561.mp3,14.184375,6,2,4.910839,5.957415,1.046576
g3561,g3561.mp3,14.184375,6,3,6.8578,7.879841,1.022041
g3561,g3561.mp3,14.184375,6,4,9.084694,10.13229,1.047596
g3561,g3561.mp3,14.184375,6,5,11.122358,12.154172,1.031814
g3562,g3562.mp3,7.836625,3,0,0.0,1.035646,1.035646
g3562,g3562.mp3,7.836625,3,1,3.379841,3.886871,0.507029
g3562,g3562.mp3,7.836625,3,2,4.831224,5.841927,1.010703
g3563,g3563.mp3,7.079125,3,0,0.0,1.032608,1.032608
g3563,g3563.mp3,7.079125,3,1,3.38619,3.890998,0.504807
g3563,g3563.mp3,7.079125,3,2,4.4622,5.47898,1.01678
g3564,g3564.mp3,12.956625,6,0,0.0,1.045941,1.045941
g3564,g3564.mp3,12.956625,6,1,3.40771,3.919365,0.511655
g3564,g3564.mp3,12.956625,6,2,4.474717,5.484785,1.010068
g3564,g3564.mp3,12.956625,6,3,6.044444,7.080408,1.035964
g3564,g3564.mp3,12.956625,6,4,8.125238,9.15102,1.025782
g3564,g3564.mp3,12.956625,6,5,10.008889,11.055964,1.047075
g3565,g3565.mp3,7.3665,3,0,0.0,1.035986,1.035986
g3565,g3565.mp3,7.3665,3,1,3.662313,4.193061,0.530748
g3565,g3565.mp3,7.3665,3,2,4.736145,5.764082,1.027937
g3566,g3566.mp3,7.915,3,0,0.0,1.048526,1.048526
g3566,g3566.mp3,7.915,3,1,3.508821,4.048844,0.540023
g3566,g3566.mp3,7.915,3,2,4.959433,5.971678,1.012245
g3567,g3567.mp3,7.706,3,0,0.0,1.045442,1.045442
g3567,g3567.mp3,7.706,3,1,3.426939,3.935057,0.508118
g3567,g3567.mp3,7.706,3,2,4.799388,5.811859,1.012472
g3568,g3568.mp3,7.026875,3,0,0.0,1.040045,1.040045
g3568,g3568.mp3,7.026875,3,1,3.302222,3.803832,0.50161
g3568,g3568.mp3,7.026875,3,2,4.367007,5.38356,1.016553
g3570,g3570.mp3,6.870125,3,0,0.0,1.036735,1.036735
g3570,g3570.mp3,6.870125,3,1,3.183583,3.701293,0.51771
g3570,g3570.mp3,6.870125,3,2,4.27678,5.301995,1.025215
g3571,g3571.mp3,7.20975,3,0,0.0,1.030839,1.030839
g3571,g3571.mp3,7.20975,3,1,3.585351,4.089637,0.504286
g3571,g3571.mp3,7.20975,3,2,4.631542,5.638662,1.00712
g3572,g3572.mp3,7.20975,3,0,0.0,1.04161,1.04161
g3572,g3572.mp3,7.20975,3,1,3.521474,4.021338,0.499864
g3572,g3572.mp3,7.20975,3,2,4.597007,5.613288,1.016281
g3573,g3573.mp3,7.8105,3,0,0.0,1.042766,1.042766
g3573,g3573.mp3,7.8105,3,1,3.650748,4.157619,0.506871
g3573,g3573.mp3,7.8105,3,2,4.956871,5.979184,1.022313
g3574,g3574.mp3,7.993375,3,0,0.0,1.042358,1.042358
g3574,g3574.mp3,7.993375,3,1,3.602721,4.114082,0.511361
g3574,g3574.mp3,7.993375,3,2,5.00737,6.02873,1.021361
g3575,g3575.mp3,7.1575,3,0,0.0,1.04517,1.04517
g3575,g3575.mp3,7.1575,3,1,3.660998,4.171746,0.510748
g3575,g3575.mp3,7.1575,3,2,4.619093,5.635011,1.015918
g3576,g3576.mp3,7.653875,3,0,0.0,1.032268,1.032268
g3576,g3576.mp3,7.653875,3,1,3.439501,3.92966,0.490159
g3576,g3576.mp3,7.653875,3,2,4.764376,5.782608,1.018231
g3577,g3577.mp3,7.601625,3,0,0.0,1.030408,1.030408
g3577,g3577.mp3,7.601625,3,1,3.584671,4.099524,0.514853
g3577,g3577.mp3,7.601625,3,2,4.864172,5.864535,1.000363
g3578,g3578.mp3,7.444875,3,0,0.0,1.047029,1.047029
g3578,g3578.mp3,7.444875,3,1,3.449773,3.955261,0.505488
g3578,g3578.mp3,7.444875,3,2,4.670839,5.691633,1.020794
g3579,g3579.mp3,7.784375,3,0,0.0,1.030862,1.030862
g3579,g3579.mp3,7.784375,3,1,3.527596,4.049274,0.521678
g3579,g3579.mp3,7.784375,3,2,4.871587,5.91585,1.044263
g3580,g3580.mp3,7.784375,3,0,0.0,1.032766,1.032766
g3580,g3580.mp3,7.784375,3,1,3.053311,3.59229,0.53898
g3580,g3580.mp3,7.784375,3,2,4.609887,5.654104,1.044218
g3581,g3581.mp3,7.471,3,0,0.0,1.033469,1.033469
g3581,g3581.mp3,7.471,3,1,3.275057,3.780794,0.505737
g3581,g3581.mp3,7.471,3,2,4.596372,5.610794,1.014422
g3582,g3582.mp3,7.68,3,0,0.0,1.036463,1.036463
g3582,g3582.mp3,7.68,3,1,3.389841,3.937234,0.547392
g3582,g3582.mp3,7.68,3,2,4.786485,5.812812,1.026327
g3583,g3583.mp3,7.52325,3,0,0.0,1.040998,1.040998
g3583,g3583.mp3,7.52325,3,1,3.411179,3.915034,0.503855
g3583,g3583.mp3,7.52325,3,2,4.668798,5.683673,1.014875
g3584,g3584.mp3,7.836625,3,0,0.0,1.036621,1.036621
g3584,g3584.mp3,7.836625,3,1,3.507574,4.035011,0.527438
g3584,g3584.mp3,7.836625,3,2,4.894898,5.927506,1.032608
g3585,g3585.mp3,8.202375,3,0,0.0,1.045805,1.045805
g3585,g3585.mp3,8.202375,3,1,3.755397,4.304082,0.548685
g3585,g3585.mp3,8.202375,3,2,5.194649,6.236961,1.042313
g3586,g3586.mp3,7.340375,3,0,0.0,1.043583,1.043583
g3586,g3586.mp3,7.340375,3,1,3.540385,4.072698,0.532313
g3586,g3586.mp3,7.340375,3,2,4.635442,5.677642,1.0422
g3587,g3587.mp3,7.75825,3,0,0.0,1.028503,1.028503
g3587,g3587.mp3,7.75825,3,1,3.446667,3.972812,0.526145
g3587,g3587.mp3,7.75825,3,2,4.799524,5.817914,1.01839
g3588,g3588.mp3,6.7395,3,0,0.0,1.033492,1.033492
g3588,g3588.mp3,6.7395,3,1,3.426032,3.944921,0.518889
g3588,g3588.mp3,6.7395,3,2,4.300816,5.315397,1.01458
g3589,g3589.mp3,8.333,3,0,0.0,1.038957,1.038957
g3589,g3589.mp3,8.333,3,1,3.677415,4.219977,0.542562
g3589,g3589.mp3,8.333,3,2,5.248413,6.292971,1.044558
g3590,g3590.mp3,7.549375,3,0,0.0,1.033084,1.033084
g3590,g3590.mp3,7.549375,3,1,3.264286,3.790748,0.526463
g3590,g3590.mp3,7.549375,3,2,4.63873,5.67805,1.03932
g3591,g3591.mp3,7.888875,3,0,0.0,1.039819,1.039819
g3591,g3591.mp3,7.888875,3,1,3.461315,3.993628,0.532313
g3591,g3591.mp3,7.888875,3,2,4.912132,5.932494,1.020363
g3592,g3592.mp3,6.89625,3,0,0.0,1.055034,1.055034
g3592,g3592.mp3,6.89625,3,1,3.426395,3.94263,0.516236
g3592,g3592.mp3,6.89625,3,2,4.372562,5.399728,1.027166
g3593,g3593.mp3,7.471,3,0,0.0,1.050317,1.050317
g3593,g3593.mp3,7.471,3,1,3.660703,4.178231,0.517528
g3593,g3593.mp3,7.471,3,2,4.79034,5.830952,1.040612
g3594,g3594.mp3,7.68,3,0,0.0,1.032426,1.032426
g3594,g3594.mp3,7.68,3,1,3.461791,3.98483,0.523039
g3594,g3594.mp3,7.68,3,2,4.771837,5.799048,1.027211
g3595,g3595.mp3,7.941125,3,0,0.0,1.036032,1.036032
g3595,g3595.mp3,7.941125,3,1,3.566984,4.0739,0.506916
g3595,g3595.mp3,7.941125,3,2,5.006281,6.013741,1.00746
g3596,g3596.mp3,8.150125,3,0,0.0,1.037256,1.037256
g3596,g3596.mp3,8.150125,3,1,3.463061,3.967211,0.50415
g3596,g3596.mp3,8.150125,3,2,5.026304,6.048027,1.021723
g3597,g3597.mp3,7.96725,3,0,0.0,1.036054,1.036054
g3597,g3597.mp3,7.96725,3,1,3.438549,3.940136,0.501587
g3597,g3597.mp3,7.96725,3,2,4.900317,5.906168,1.00585
g3598,g3598.mp3,7.131375,3,0,0.0,1.047778,1.047778
g3598,g3598.mp3,7.131375,3,1,3.154853,3.663651,0.508798
g3598,g3598.mp3,7.131375,3,2,4.366168,5.391361,1.025193
g3599,g3599.mp3,7.41875,3,0,0.0,1.025465,1.025465
g3599,g3599.mp3,7.41875,3,1,3.439116,3.946984,0.507868
g3599,g3599.mp3,7.41875,3,2,4.659887,5.694717,1.03483
g3600,g3600.mp3,7.444875,3,0,0.0,1.039728,1.039728
g3600,g3600.mp3,7.444875,3,1,3.300045,3.818163,0.518118
g3600,g3600.mp3,7.444875,3,2,4.588571,5.632653,1.044082
g3601,g3601.mp3,6.9485,3,0,0.0,1.036463,1.036463
g3601,g3601.mp3,6.9485,3,1,3.237574,3.735034,0.49746
g3601,g3601.mp3,6.9485,3,2,4.340794,5.355374,1.01458
g3602,g3602.mp3,7.888875,3,0,0.0,1.029297,1.029297
g3602,g3602.mp3,7.888875,3,1,3.333583,3.851927,0.518345
g3602,g3602.mp3,7.888875,3,2,4.854898,5.876848,1.02195
g3603,g3603.mp3,12.2775,6,0,0.0,1.04093,1.04093
g3603,g3603.mp3,12.2775,6,1,3.44449,3.953447,0.508957
g3603,g3603.mp3,12.2775,6,2,4.5678,5.597166,1.029365
g3603,g3603.mp3,12.2775,6,3,6.178209,7.220045,1.041837
g3603,g3603.mp3,12.2775,6,4,8.182698,9.210998,1.028299
g3603,g3603.mp3,12.2775,6,5,9.706009,10.751973,1.045964
g3604,g3604.mp3,7.1575,3,0,0.0,1.069252,1.069252
g3604,g3604.mp3,7.1575,3,1,3.095646,3.613628,0.517982
g3604,g3604.mp3,7.1575,3,2,4.36127,5.396009,1.034739
g3605,g3605.mp3,6.661125,3,0,0.0,1.041383,1.041383
g3605,g3605.mp3,6.661125,3,1,3.188503,3.706599,0.518095
g3605,g3605.mp3,6.661125,3,2,4.159206,5.168753,1.009546
g3606,g3606.mp3,6.68725,3,0,0.0,1.038685,1.038685
g3606,g3606.mp3,6.68725,3,1,3.259751,3.753401,0.493651
g3606,g3606.mp3,6.68725,3,2,4.201179,5.212041,1.010862
g3607,g3607.mp3,6.89625,3,0,0.0,1.031497,1.031497
g3607,g3607.mp3,6.89625,3,1,3.199773,3.702154,0.502381
g3607,g3607.mp3,6.89625,3,2,4.268209,5.286281,1.018073
g3608,g3608.mp3,6.7395,3,0,0.0,1.03449,1.03449
g3608,g3608.mp3,6.7395,3,1,2.926916,3.434603,0.507687
g3608,g3608.mp3,6.7395,3,2,4.041905,5.051542,1.009637
g3609,g3609.mp3,7.392625,3,0,0.0,1.0261,1.0261
g3609,g3609.mp3,7.392625,3,1,3.219433,3.727891,0.508458
g3609,g3609.mp3,7.392625,3,2,4.520658,5.540091,1.019433
g3610,g3610.mp3,7.392625,3,0,0.0,1.045578,1.045578
g3610,g3610.mp3,7.392625,3,1,3.044921,3.537574,0.492653
g3610,g3610.mp3,7.392625,3,2,4.456735,5.48483,1.028095
g3611,g3611.mp3,6.89625,3,0,0.0,1.028322,1.028322
g3611,g3611.mp3,6.89625,3,1,3.031111,3.550113,0.519002
g3611,g3611.mp3,6.89625,3,2,4.192698,5.235896,1.043197
g3612,g3612.mp3,6.713375,3,0,0.0,1.030658,1.030658
g3612,g3612.mp3,6.713375,3,1,3.213492,3.720975,0.507483
g3612,g3612.mp3,6.713375,3,2,4.199388,5.209456,1.010068
g3613,g3613.mp3,7.86275,3,0,0.0,1.049546,1.049546
g3613,g3613.mp3,7.86275,3,1,3.367347,3.893492,0.526145
g3613,g3613.mp3,7.86275,3,2,4.872041,5.892993,1.020952
g3614,g3614.mp3,7.262,3,0,0.0,1.040408,1.040408
g3614,g3614.mp3,7.262,3,1,3.428413,3.933515,0.505102
g3614,g3614.mp3,7.262,3,2,4.547302,5.591134,1.043832
g3615,g3615.mp3,16.16975,6,0,0.0,1.090975,1.090975
g3615,g3615.mp3,16.16975,6,1,3.483265,4.01517,0.531905
g3615,g3615.mp3,16.16975,6,2,5.186667,6.224036,1.03737
g3615,g3615.mp3,16.16975,6,3,7.38771,8.467392,1.079683
g3615,g3615.mp3,16.16975,6,4,10.680227,11.751746,1.071519
g3615,g3615.mp3,16.16975,6,5,12.903991,13.940907,1.036916
g3616,g3616.mp3,8.568125,3,0,0.0,1.055125,1.055125
g3616,g3616.mp3,8.568125,3,1,3.558685,4.09483,0.536145
g3616,g3616.mp3,8.568125,3,2,5.268526,6.311224,1.042698
g3617,g3617.mp3,8.48975,3,0,0.0,1.111474,1.111474
g3617,g3617.mp3,8.48975,3,1,3.462313,4.011043,0.54873
g3617,g3617.mp3,8.48975,3,2,5.219955,6.271519,1.051565
g3618,g3618.mp3,7.68,3,0,0.0,1.030771,1.030771
g3618,g3618.mp3,7.68,3,1,3.330408,3.862721,0.532313
g3618,g3618.mp3,7.68,3,2,4.739705,5.796961,1.057256
g3619,g3619.mp3,7.549375,3,0,0.0,1.043605,1.043605
g3619,g3619.mp3,7.549375,3,1,3.274966,3.80873,0.533764
g3619,g3619.mp3,7.549375,3,2,4.660544,5.677528,1.016984
g3620,g3620.mp3,7.183625,3,0,0.0,1.033379,1.033379
g3620,g3620.mp3,7.183625,3,1,2.998844,3.511315,0.512472
g3620,g3620.mp3,7.183625,3,2,4.347166,5.364172,1.017007
g3621,g3621.mp3,7.784375,3,0,0.0,1.025351,1.025351
g3621,g3621.mp3,7.784375,3,1,3.33254,3.862925,0.530385
g3621,g3621.mp3,7.784375,3,2,4.776735,5.808571,1.031837
g3622,g3622.mp3,7.706,3,0,0.0,1.057256,1.057256
g3622,g3622.mp3,7.706,3,1,3.388571,3.909252,0.52068
g3622,g3622.mp3,7.706,3,2,4.775397,5.794127,1.01873
g3623,g3623.mp3,7.836625,3,0,0.0,1.038118,1.038118
g3623,g3623.mp3,7.836625,3,1,3.285079,3.79517,0.510091
g3623,g3623.mp3,7.836625,3,2,4.773696,5.791338,1.017642
g3624,g3624.mp3,7.340375,3,0,0.0,1.037234,1.037234
g3624,g3624.mp3,7.340375,3,1,3.344853,3.890907,0.546054
g3624,g3624.mp3,7.340375,3,2,4.578345,5.61941,1.041066
g3625,g3625.mp3,7.75825,3,0,0.0,1.04966,1.04966
g3625,g3625.mp3,7.75825,3,1,3.467392,3.990794,0.523401
g3625,g3625.mp3,7.75825,3,2,4.850159,5.876621,1.026463
g3626,g3626.mp3,8.045625,3,0,0.0,1.048889,1.048889
g3626,g3626.mp3,8.045625,3,1,3.553991,4.068685,0.514694
g3626,g3626.mp3,8.045625,3,2,5.030499,6.046009,1.01551
g3627,g3627.mp3,13.035,6,0,0.0,1.037007,1.037007
g3627,g3627.mp3,13.035,6,1,3.462449,3.99966,0.537211
g3627,g3627.mp3,13.035,6,2,4.686168,6.024512,1.338343999999999
g3627,g3627.mp3,13.035,6,3,6.459773,7.502562,1.042789
g3627,g3627.mp3,13.035,6,4,8.395669,9.702698,1.307029
g3627,g3627.mp3,13.035,6,5,10.181066,11.230975,1.049909
g3628,g3628.mp3,7.784375,3,0,0.0,1.046168,1.046168
g3628,g3628.mp3,7.784375,3,1,3.182902,3.699524,0.516621
g3628,g3628.mp3,7.784375,3,2,4.696712,5.745873,1.049161
g3629,g3629.mp3,7.5755,3,0,0.0,1.042902,1.042902
g3629,g3629.mp3,7.5755,3,1,3.359116,3.902109,0.542993
g3629,g3629.mp3,7.5755,3,2,4.728503,6.045397,1.3168940000000005
g3630,g3630.mp3,7.62775,3,0,0.0,1.042041,1.042041
g3630,g3630.mp3,7.62775,3,1,2.998821,3.50449,0.505669
g3630,g3630.mp3,7.62775,3,2,4.512812,5.534603,1.021791
g3631,g3631.mp3,7.340375,3,0,0.0,1.025238,1.025238
g3631,g3631.mp3,7.340375,3,1,3.373243,3.882834,0.509592
g3631,g3631.mp3,7.340375,3,2,4.579683,5.613537,1.033855
g3632,g3632.mp3,8.17625,3,0,0.0,1.038254,1.038254
g3632,g3632.mp3,8.17625,3,1,3.555805,4.055351,0.499546
g3632,g3632.mp3,8.17625,3,2,5.096054,6.11263,1.016576
g3633,g3633.mp3,13.5575,6,0,0.0,1.061542,1.061542
g3633,g3633.mp3,13.5575,6,1,3.514218,4.043311,0.529093
g3633,g3633.mp3,13.5575,6,2,4.601769,5.65932,1.057551
g3633,g3633.mp3,13.5575,6,3,6.234739,7.255601,1.020862
g3633,g3633.mp3,13.5575,6,4,9.549161,10.578912,1.029751
g3633,g3633.mp3,13.5575,6,5,11.039773,12.084989,1.045215
g3634,g3634.mp3,7.52325,3,0,0.0,1.039546,1.039546
g3634,g3634.mp3,7.52325,3,1,3.670317,4.205079,0.534762
g3634,g3634.mp3,7.52325,3,2,4.844444,5.884943,1.040499
g3635,g3635.mp3,7.732125,3,0,0.0,1.039887,1.039887
g3635,g3635.mp3,7.732125,3,1,3.704921,4.222676,0.517755
g3635,g3635.mp3,7.732125,3,2,4.939252,5.974626,1.035374
g3636,g3636.mp3,8.463625,3,0,0.0,1.051837,1.051837
g3636,g3636.mp3,8.463625,3,1,3.637596,4.165147,0.527551
g3636,g3636.mp3,8.463625,3,2,5.285601,6.338866,1.053265
g3637,g3637.mp3,8.568125,3,0,0.0,1.031043,1.031043
g3637,g3637.mp3,8.568125,3,1,3.515329,4.030272,0.514943
g3637,g3637.mp3,8.568125,3,2,5.261293,6.304444,1.043152
g3638,g3638.mp3,7.053,3,0,0.0,1.043447,1.043447
g3638,g3638.mp3,7.053,3,1,3.321927,3.836576,0.514649
g3638,g3638.mp3,7.053,3,2,4.378866,5.413855,1.034989
g3639,g3639.mp3,7.86275,3,0,0.0,1.038254,1.038254
g3639,g3639.mp3,7.86275,3,1,3.496372,4.024422,0.52805
g3639,g3639.mp3,7.86275,3,2,4.886825,5.931474,1.044649
g3640,g3640.mp3,16.06525,6,0,0.0,1.046349,1.046349
g3640,g3640.mp3,16.06525,6,1,3.525646,4.054943,0.529297
g3640,g3640.mp3,16.06525,6,2,5.210272,6.249002,1.03873
g3640,g3640.mp3,16.06525,6,3,7.434921,8.539819,1.104898
g3640,g3640.mp3,16.06525,6,4,10.787211,11.854512,1.067302
g3640,g3640.mp3,16.06525,6,5,12.896145,13.992562,1.096417
g3641,g3641.mp3,7.732125,3,0,0.0,1.043288,1.043288
g3641,g3641.mp3,7.732125,3,1,3.667868,4.184717,0.516848
g3641,g3641.mp3,7.732125,3,2,4.923333,5.953152,1.029819
g3642,g3642.mp3,8.306875,3,0,0.0,1.030907,1.030907
g3642,g3642.mp3,8.306875,3,1,3.475737,3.992698,0.516961
g3642,g3642.mp3,8.306875,3,2,5.101043,6.14127,1.040227
g3643,g3643.mp3,8.0195,3,0,0.0,1.052154,1.052154
g3643,g3643.mp3,8.0195,3,1,3.631451,4.186485,0.555034
g3643,g3643.mp3,8.0195,3,2,5.013016,6.078345,1.065329
g3644,g3644.mp3,8.306875,3,0,0.0,1.044512,1.044512
g3644,g3644.mp3,8.306875,3,1,3.563946,4.108118,0.544172
g3644,g3644.mp3,8.306875,3,2,5.191542,6.224104,1.032562
g3645,g3645.mp3,14.68075,6,0,0.0,1.07483,1.07483
g3645,g3645.mp3,14.68075,6,1,3.733288,4.26771,0.534422
g3645,g3645.mp3,14.68075,6,2,5.039184,6.076712,1.037528
g3645,g3645.mp3,14.68075,6,3,6.837256,7.884943,1.047687
g3645,g3645.mp3,14.68075,6,4,9.92356,10.957234,1.033673
g3645,g3645.mp3,14.68075,6,5,11.776757,12.804286,1.027528
g3646,g3646.mp3,7.993375,3,0,0.0,1.046327,1.046327
g3646,g3646.mp3,7.993375,3,1,3.628753,4.164535,0.535782
g3646,g3646.mp3,7.993375,3,2,5.040726,6.059274,1.018549
g3647,g3647.mp3,8.17625,3,0,0.0,1.063084,1.063084
g3647,g3647.mp3,8.17625,3,1,3.711224,4.222517,0.511293
g3647,g3647.mp3,8.17625,3,2,5.16932,6.201156,1.031837
g3648,g3648.mp3,8.202375,3,0,0.0,1.031542,1.031542
g3648,g3648.mp3,8.202375,3,1,3.391837,3.920522,0.528685
g3648,g3648.mp3,8.202375,3,2,5.027188,6.056984,1.029796
g3649,g3649.mp3,7.836625,3,0,0.0,1.05093,1.05093
g3649,g3649.mp3,7.836625,3,1,3.636916,4.183673,0.546757
g3649,g3649.mp3,7.836625,3,2,4.97161,6.025125,1.053515
g3650,g3650.mp3,7.131375,3,0,0.0,1.037619,1.037619
g3650,g3650.mp3,7.131375,3,1,3.247914,3.790363,0.542449
g3650,g3650.mp3,7.131375,3,2,4.424694,5.478594,1.0539
g3651,g3651.mp3,13.635875,6,0,0.0,1.062268,1.062268
g3651,g3651.mp3,13.635875,6,1,3.46034,3.977755,0.517415
g3651,g3651.mp3,13.635875,6,2,5.027778,6.063787,1.036009
g3651,g3651.mp3,13.635875,6,3,7.099342,8.203832,1.10449
g3651,g3651.mp3,13.635875,6,4,9.191973,10.220249,1.028277
g3651,g3651.mp3,13.635875,6,5,10.899705,11.966553,1.066848
g3652,g3652.mp3,7.941125,3,0,0.0,1.030567,1.030567
g3652,g3652.mp3,7.941125,3,1,3.575873,4.097528,0.521655
g3652,g3652.mp3,7.941125,3,2,4.977052,5.989977,1.012925
g3653,g3653.mp3,7.993375,3,0,0.0,1.039796,1.039796
g3653,g3653.mp3,7.993375,3,1,3.566667,4.09746,0.530794
g3653,g3653.mp3,7.993375,3,2,4.999274,6.041678,1.042404
g3654,g3654.mp3,7.52325,3,0,0.0,1.044354,1.044354
g3654,g3654.mp3,7.52325,3,1,3.576417,4.096236,0.519819
g3654,g3654.mp3,7.52325,3,2,4.799909,5.834195,1.034286
g3655,g3655.mp3,7.915,3,0,0.0,1.058322,1.058322
g3655,g3655.mp3,7.915,3,1,3.693333,4.197075,0.503741
g3655,g3655.mp3,7.915,3,2,5.016304,6.045601,1.029297
g3656,g3656.mp3,7.62775,3,0,0.0,1.031905,1.031905
g3656,g3656.mp3,7.62775,3,1,3.474966,4.014671,0.539705
g3656,g3656.mp3,7.62775,3,2,4.755283,5.793084,1.0378
g3657,g3657.mp3,7.549375,3,0,0.0,1.038503,1.038503
g3657,g3657.mp3,7.549375,3,1,3.509864,4.048594,0.53873
g3657,g3657.mp3,7.549375,3,2,4.762472,5.77254,1.010068
g3658,g3658.mp3,7.549375,3,0,0.0,1.0261,1.0261
g3658,g3658.mp3,7.549375,3,1,3.346349,3.857551,0.511202
g3658,g3658.mp3,7.549375,3,2,4.668957,5.699433,1.030476
g3659,g3659.mp3,6.89625,3,0,0.0,1.066327,1.066327
g3659,g3659.mp3,6.89625,3,1,3.586916,4.096871,0.509955
g3659,g3659.mp3,6.89625,3,2,4.468866,5.500136,1.03127
g3660,g3660.mp3,7.00075,3,0,0.0,1.039252,1.039252
g3660,g3660.mp3,7.00075,3,1,3.173832,3.685918,0.512086
g3660,g3660.mp3,7.00075,3,2,4.301519,5.319161,1.017642
g3661,g3661.mp3,8.28075,3,0,0.0,1.031293,1.031293
g3661,g3661.mp3,8.28075,3,1,3.535692,4.0661,0.530408
g3661,g3661.mp3,8.28075,3,2,5.098594,6.120998,1.022404
g3662,g3662.mp3,7.86275,3,0,0.0,1.025261,1.025261
g3662,g3662.mp3,7.86275,3,1,3.668934,4.181905,0.512971
g3662,g3662.mp3,7.86275,3,2,4.962562,5.982018,1.019456
g3663,g3663.mp3,8.542,3,0,0.0,1.036961,1.036961
g3663,g3663.mp3,8.542,3,1,3.473333,4.000045,0.526712
g3663,g3663.mp3,8.542,3,2,5.227846,6.282472,1.054626
g3664,g3664.mp3,7.653875,3,0,0.0,1.039819,1.039819
g3664,g3664.mp3,7.653875,3,1,3.531633,4.027642,0.496009
g3664,g3664.mp3,7.653875,3,2,4.790862,5.804376,1.013515
g3665,g3665.mp3,8.2285,3,0,0.0,1.038503,1.038503
g3665,g3665.mp3,8.2285,3,1,3.517302,4.050113,0.532812
g3665,g3665.mp3,8.2285,3,2,5.078662,6.112925,1.034263
g3666,g3666.mp3,7.549375,3,0,0.0,1.060952,1.060952
g3666,g3666.mp3,7.549375,3,1,3.50034,4.033492,0.533152
g3666,g3666.mp3,7.549375,3,2,4.746508,5.783447,1.036939
g3667,g3667.mp3,7.62775,3,0,0.0,1.037052,1.037052
g3667,g3667.mp3,7.62775,3,1,3.566531,4.089569,0.523039
g3667,g3667.mp3,7.62775,3,2,4.825397,5.853107,1.02771
g3668,g3668.mp3,7.62775,3,0,0.0,1.043673,1.043673
g3668,g3668.mp3,7.62775,3,1,3.284444,3.781542,0.497098
g3668,g3668.mp3,7.62775,3,2,4.664127,5.722132,1.058005
g3669,g3669.mp3,8.28075,3,0,0.0,1.0439,1.0439
g3669,g3669.mp3,8.28075,3,1,3.663515,4.176531,0.513016
g3669,g3669.mp3,8.28075,3,2,5.156916,6.182404,1.025488
g3670,g3670.mp3,7.549375,3,0,0.0,1.031814,1.031814
g3670,g3670.mp3,7.549375,3,1,3.248776,3.74966,0.500884
g3670,g3670.mp3,7.549375,3,2,4.634694,5.641383,1.006689
g3671,g3671.mp3,7.601625,3,0,0.0,1.029274,1.029274
g3671,g3671.mp3,7.601625,3,1,3.293605,3.804082,0.510476
g3671,g3671.mp3,7.601625,3,2,4.658413,5.678889,1.020476
g3672,g3672.mp3,8.829375,3,0,0.0,1.0478,1.0478
g3672,g3672.mp3,8.829375,3,1,3.806689,4.290635,0.483946
g3672,g3672.mp3,8.829375,3,2,5.506599,6.51712,1.010522
g3673,g3673.mp3,8.48975,3,0,0.0,1.051678,1.051678
g3673,g3673.mp3,8.48975,3,1,3.6722,4.202789,0.53059
g3673,g3673.mp3,8.48975,3,2,5.325329,6.362063,1.036735
g3674,g3674.mp3,7.026875,3,0,0.0,1.03449,1.03449
g3674,g3674.mp3,7.026875,3,1,3.389887,3.896259,0.506372
g3674,g3674.mp3,7.026875,3,2,4.443628,5.46068,1.017052
g3675,g3675.mp3,7.62775,3,0,0.0,1.042018,1.042018
g3675,g3675.mp3,7.62775,3,1,3.404603,3.904512,0.499909
g3675,g3675.mp3,7.62775,3,2,4.691859,5.716848,1.024989
g3676,g3676.mp3,7.41875,3,0,0.0,1.040317,1.040317
g3676,g3676.mp3,7.41875,3,1,3.460907,3.96542,0.504512
g3676,g3676.mp3,7.41875,3,2,4.602063,5.628526,1.026463
g3677,g3677.mp3,7.31425,3,0,0.0,1.048141,1.048141
g3677,g3677.mp3,7.31425,3,1,3.52093,4.042336,0.521406
g3677,g3677.mp3,7.31425,3,2,4.673265,5.700408,1.027143
g3678,g3678.mp3,7.235875,3,0,0.0,1.037596,1.037596
g3678,g3678.mp3,7.235875,3,1,3.212857,3.736236,0.523379
g3678,g3678.mp3,7.235875,3,2,4.448934,5.487166,1.038231
g3679,g3679.mp3,7.784375,3,0,0.0,1.038299,1.038299
g3679,g3679.mp3,7.784375,3,1,3.554376,4.075488,0.521111
g3679,g3679.mp3,7.784375,3,2,4.886757,5.921882,1.035125
g3680,g3680.mp3,7.941125,3,0,0.0,1.051678,1.051678
g3680,g3680.mp3,7.941125,3,1,3.082494,3.600454,0.517959
g3680,g3680.mp3,7.941125,3,2,4.746259,5.78415,1.037891
g3681,g3681.mp3,7.601625,3,0,0.0,1.061066,1.061066
g3681,g3681.mp3,7.601625,3,1,3.49229,4.007279,0.514989
g3681,g3681.mp3,7.601625,3,2,4.788889,5.813084,1.024195
g3682,g3682.mp3,8.045625,3,0,0.0,1.055351,1.055351
g3682,g3682.mp3,8.045625,3,1,3.543401,4.084444,0.541043
g3682,g3682.mp3,8.045625,3,2,5.012404,6.045374,1.032971
g3683,g3683.mp3,8.359125,3,0,0.0,1.041043,1.041043
g3683,g3683.mp3,8.359125,3,1,3.440454,3.995941,0.555488
g3683,g3683.mp3,8.359125,3,2,5.160952,6.184921,1.023968
g3684,g3684.mp3,7.8105,3,0,0.0,1.040408,1.040408
g3684,g3684.mp3,7.8105,3,1,3.50059,4.027143,0.526553
g3684,g3684.mp3,7.8105,3,2,4.902336,5.930363,1.028027
g3685,g3685.mp3,7.444875,3,0,0.0,1.031043,1.031043
g3685,g3685.mp3,7.444875,3,1,3.485034,3.992721,0.507687
g3685,g3685.mp3,7.444875,3,2,4.683175,5.695057,1.011882
g3686,g3686.mp3,7.10525,3,0,0.0,1.035782,1.035782
g3686,g3686.mp3,7.10525,3,1,3.558934,4.09356,0.534626
g3686,g3686.mp3,7.10525,3,2,4.552562,5.584286,1.031723
g3687,g3687.mp3,7.471,3,0,0.0,1.038957,1.038957
g3687,g3687.mp3,7.471,3,1,3.404172,3.943492,0.53932
g3687,g3687.mp3,7.471,3,2,4.698571,5.715873,1.017302
g3688,g3688.mp3,7.00075,3,0,0.0,1.046984,1.046984
g3688,g3688.mp3,7.00075,3,1,3.229796,3.741406,0.51161
g3688,g3688.mp3,7.00075,3,2,4.327075,5.345488,1.018413
g3689,g3689.mp3,7.471,3,0,0.0,1.030635,1.030635
g3689,g3689.mp3,7.471,3,1,3.40746,3.910544,0.503084
g3689,g3689.mp3,7.471,3,2,4.661429,5.694921,1.033492
g3690,g3690.mp3,7.079125,3,0,0.0,1.030862,1.030862
g3690,g3690.mp3,7.079125,3,1,3.057755,3.601859,0.544104
g3690,g3690.mp3,7.079125,3,2,4.300816,5.31483,1.014014
g3691,g3691.mp3,7.549375,3,0,0.0,1.050363,1.050363
g3691,g3691.mp3,7.549375,3,1,3.410998,3.944127,0.533129
g3691,g3691.mp3,7.549375,3,2,4.715125,5.758662,1.043537
g3692,g3692.mp3,7.340375,3,0,0.0,1.040136,1.040136
g3692,g3692.mp3,7.340375,3,1,3.58941,4.113878,0.524467
g3692,g3692.mp3,7.340375,3,2,4.664875,5.700794,1.035918
g3693,g3693.mp3,7.52325,3,0,0.0,1.063832,1.063832
g3693,g3693.mp3,7.52325,3,1,3.72542,4.236735,0.511315
g3693,g3693.mp3,7.52325,3,2,4.847619,5.898571,1.050952
g3694,g3694.mp3,7.288125,3,0,0.0,1.039592,1.039592
g3694,g3694.mp3,7.288125,3,1,3.447778,3.974354,0.526576
g3694,g3694.mp3,7.288125,3,2,4.584785,5.608231,1.023447
g3695,g3695.mp3,7.52325,3,0,0.0,1.051406,1.051406
g3695,g3695.mp3,7.52325,3,1,3.449025,3.958345,0.50932
g3695,g3695.mp3,7.52325,3,2,4.73034,5.731927,1.001587
g3696,g3696.mp3,7.235875,3,0,0.0,1.033197,1.033197
g3696,g3696.mp3,7.235875,3,1,3.529433,4.059206,0.529773
g3696,g3696.mp3,7.235875,3,2,4.620544,5.650476,1.029932
g3697,g3697.mp3,7.8105,3,0,0.0,1.037234,1.037234
g3697,g3697.mp3,7.8105,3,1,3.445102,3.985533,0.540431
g3697,g3697.mp3,7.8105,3,2,4.865828,5.908662,1.042834
g3698,g3698.mp3,7.10525,3,0,0.0,1.057664,1.057664
g3698,g3698.mp3,7.10525,3,1,3.2522,3.780454,0.528254
g3698,g3698.mp3,7.10525,3,2,4.375533,5.411678,1.036145
g3699,g3699.mp3,7.00075,3,0,0.0,1.039138,1.039138
g3699,g3699.mp3,7.00075,3,1,3.456122,3.952789,0.496667
g3699,g3699.mp3,7.00075,3,2,4.434875,5.448231,1.013356
g3700,g3700.mp3,12.904375,6,0,0.0,1.080476,1.080476
g3700,g3700.mp3,12.904375,6,1,3.172698,3.716508,0.54381
g3700,g3700.mp3,12.904375,6,2,4.503946,5.540363,1.036417
g3700,g3700.mp3,12.904375,6,3,6.327166,7.351746,1.02458
g3700,g3700.mp3,12.904375,6,4,8.466259,9.501383,1.035125
g3700,g3700.mp3,12.904375,6,5,10.158163,11.203265,1.045102
g3701,g3701.mp3,7.62775,3,0,0.0,1.050385,1.050385
g3701,g3701.mp3,7.62775,3,1,3.444671,3.964059,0.519388
g3701,g3701.mp3,7.62775,3,2,4.75771,5.781088,1.023379
g3702,g3702.mp3,7.31425,3,0,0.0,1.047075,1.047075
g3702,g3702.mp3,7.31425,3,1,3.22254,3.754399,0.531859
g3702,g3702.mp3,7.31425,3,2,4.481134,5.523878,1.042744
g3703,g3703.mp3,7.183625,3,0,0.0,1.049025,1.049025
g3703,g3703.mp3,7.183625,3,1,3.410385,3.935397,0.525011
g3703,g3703.mp3,7.183625,3,2,4.502971,5.555238,1.052268
g3704,g3704.mp3,7.471,3,0,0.0,1.044535,1.044535
g3704,g3704.mp3,7.471,3,1,3.365125,3.922018,0.556893
g3704,g3704.mp3,7.471,3,2,4.67161,5.698073,1.026463
g3705,g3705.mp3,7.079125,3,0,0.0,1.048163,1.048163
g3705,g3705.mp3,7.079125,3,1,3.370204,3.884331,0.514127
g3705,g3705.mp3,7.079125,3,2,4.437846,5.461247,1.023401
g3706,g3706.mp3,7.706,3,0,0.0,1.05483,1.05483
g3706,g3706.mp3,7.706,3,1,3.490544,3.98966,0.499116
g3706,g3706.mp3,7.706,3,2,4.808345,5.846848,1.038503
g3707,g3707.mp3,6.635,3,0,0.0,1.399252,1.399252
g3707,g3707.mp3,6.635,3,1,2.627823,2.765986,0.138163
g3707,g3707.mp3,6.635,3,2,3.881814,4.892585,1.010771
g3708,g3708.mp3,7.10525,3,0,0.0,1.046168,1.046168
g3708,g3708.mp3,7.10525,3,1,3.256735,3.784898,0.528163
g3708,g3708.mp3,7.10525,3,2,4.441134,5.457982,1.016848
g3709,g3709.mp3,7.00075,3,0,0.0,1.038685,1.038685
g3709,g3709.mp3,7.00075,3,1,3.249093,3.787007,0.537914
g3709,g3709.mp3,7.00075,3,2,4.372585,5.417506,1.044921
g3710,g3710.mp3,7.235875,3,0,0.0,1.027755,1.027755
g3710,g3710.mp3,7.235875,3,1,3.200431,3.72102,0.52059
g3710,g3710.mp3,7.235875,3,2,4.442993,5.474467,1.031474
g3711,g3711.mp3,7.5755,3,0,0.0,1.02517,1.02517
g3711,g3711.mp3,7.5755,3,1,3.265193,3.800363,0.53517
g3711,g3711.mp3,7.5755,3,2,4.664467,5.68839,1.023923
g3712,g3712.mp3,7.392625,3,0,0.0,1.054014,1.054014
g3712,g3712.mp3,7.392625,3,1,3.198141,3.762063,0.563923
g3712,g3712.mp3,7.392625,3,2,4.529705,5.556259,1.026553
g3713,g3713.mp3,7.131375,3,0,0.0,1.051156,1.051156
g3713,g3713.mp3,7.131375,3,1,3.386485,3.900952,0.514467
g3713,g3713.mp3,7.131375,3,2,4.498141,5.521882,1.023741
g3714,g3714.mp3,15.072625,6,0,0.0,1.058277,1.058277
g3714,g3714.mp3,15.072625,6,1,3.343968,3.839841,0.495873
g3714,g3714.mp3,15.072625,6,2,4.876667,5.94322,1.066553
g3714,g3714.mp3,15.072625,6,3,6.895374,7.945215,1.049841
g3714,g3714.mp3,15.072625,6,4,9.984558,11.010113,1.025556
g3714,g3714.mp3,15.072625,6,5,12.010023,13.06381,1.053787
g3715,g3715.mp3,7.732125,3,0,0.0,1.029229,1.029229
g3715,g3715.mp3,7.732125,3,1,3.430431,3.969955,0.539524
g3715,g3715.mp3,7.732125,3,2,4.804512,5.834467,1.029955
g3716,g3716.mp3,8.333,3,0,0.0,1.028141,1.028141
g3716,g3716.mp3,8.333,3,1,3.593991,4.095329,0.501338
g3716,g3716.mp3,8.333,3,2,5.204989,6.234376,1.029388
g3717,g3717.mp3,7.96725,3,0,0.0,1.039841,1.039841
g3717,g3717.mp3,7.96725,3,1,3.597982,4.112404,0.514422
g3717,g3717.mp3,7.96725,3,2,4.990431,6.037166,1.046735
g3718,g3718.mp3,7.96725,3,0,0.0,1.025261,1.025261
g3718,g3718.mp3,7.96725,3,1,3.363311,3.888844,0.525533
g3718,g3718.mp3,7.96725,3,2,4.910363,5.924444,1.014082
g3719,g3719.mp3,8.124,4,0,0.0,1.07898,1.07898
g3719,g3719.mp3,8.124,4,1,3.49644,4.039592,0.543152
g3719,g3719.mp3,8.124,4,2,5.006984,6.040023,1.033039
g3719,g3719.mp3,8.124,4,3,6.37093,6.513084,0.142154
g3720,g3720.mp3,8.07175,3,0,0.0,1.034943,1.034943
g3720,g3720.mp3,8.07175,3,1,3.252517,3.798186,0.545669
g3720,g3720.mp3,8.07175,3,2,4.872018,5.913152,1.041134
g3721,g3721.mp3,8.0195,3,0,0.0,1.039751,1.039751
g3721,g3721.mp3,8.0195,3,1,3.494717,4.017551,0.522834
g3721,g3721.mp3,8.0195,3,2,4.957234,5.992222,1.034989
g3722,g3722.mp3,7.68,3,0,0.0,1.036485,1.036485
g3722,g3722.mp3,7.68,3,1,3.346281,3.850113,0.503832
g3722,g3722.mp3,7.68,3,2,4.735374,5.778254,1.04288
g3723,g3723.mp3,7.8105,3,0,0.0,1.054059,1.054059
g3723,g3723.mp3,7.8105,3,1,3.477075,4.050816,0.573741
g3723,g3723.mp3,7.8105,3,2,4.905465,5.944512,1.039048
g3724,g3724.mp3,7.471,3,0,0.0,1.035102,1.035102
g3724,g3724.mp3,7.471,3,1,3.495442,3.999274,0.503832
g3724,g3724.mp3,7.471,3,2,4.698186,5.74,1.041814
g3725,g3725.mp3,7.340375,3,0,0.0,1.033515,1.033515
g3725,g3725.mp3,7.340375,3,1,3.52678,4.033016,0.506236
g3725,g3725.mp3,7.340375,3,2,4.659955,5.68898,1.029025
g3726,g3726.mp3,7.653875,3,0,0.0,1.04839,1.04839
g3726,g3726.mp3,7.653875,3,1,3.492766,4.005488,0.512721
g3726,g3726.mp3,7.653875,3,2,4.805782,5.816848,1.011066
g3727,g3727.mp3,7.52325,3,0,0.0,1.045057,1.045057
g3727,g3727.mp3,7.52325,3,1,3.43068,3.942653,0.511973
g3727,g3727.mp3,7.52325,3,2,4.681837,5.722789,1.040952
g3728,g3728.mp3,7.941125,3,0,0.0,1.045964,1.045964
g3728,g3728.mp3,7.941125,3,1,3.24619,3.786372,0.540181
g3728,g3728.mp3,7.941125,3,2,4.843583,5.868639,1.025057
g3729,g3729.mp3,7.62775,3,0,0.0,1.03127,1.03127
g3729,g3729.mp3,7.62775,3,1,3.633447,4.162472,0.529025
g3729,g3729.mp3,7.62775,3,2,4.844104,5.859751,1.015646
g3730,g3730.mp3,7.026875,3,0,0.0,1.044807,1.044807
g3730,g3730.mp3,7.026875,3,1,3.280862,3.793787,0.512925
g3730,g3730.mp3,7.026875,3,2,4.413333,5.445556,1.032222
g3731,g3731.mp3,7.41875,3,0,0.0,1.071701,1.071701
g3731,g3731.mp3,7.41875,3,1,3.440317,3.954762,0.514444
g3731,g3731.mp3,7.41875,3,2,4.655692,5.691202,1.03551
g3732,g3732.mp3,7.340375,3,0,0.0,1.040363,1.040363
g3732,g3732.mp3,7.340375,3,1,3.414172,3.925261,0.511088
g3732,g3732.mp3,7.340375,3,2,4.590476,5.605193,1.014717
g3733,g3733.mp3,14.26275,6,0,0.0,1.04619,1.04619
g3733,g3733.mp3,14.26275,6,1,3.460408,3.963061,0.502653
g3733,g3733.mp3,14.26275,6,2,4.690635,5.728299,1.037664
g3733,g3733.mp3,14.26275,6,3,6.437075,7.461293,1.024218
g3733,g3733.mp3,14.26275,6,4,9.613288,10.633469,1.020181
g3733,g3733.mp3,14.26275,6,5,11.407891,12.438299,1.030408
g3734,g3734.mp3,8.17625,3,0,0.0,1.030476,1.030476
g3734,g3734.mp3,8.17625,3,1,3.517029,4.031882,0.514853
g3734,g3734.mp3,8.17625,3,2,5.065261,6.075306,1.010045
g3735,g3735.mp3,7.41875,3,0,0.0,1.057234,1.057234
g3735,g3735.mp3,7.41875,3,1,3.524853,4.050771,0.525918
g3735,g3735.mp3,7.41875,3,2,4.711134,5.734785,1.023651
g3736,g3736.mp3,7.52325,3,0,0.0,1.036735,1.036735
g3736,g3736.mp3,7.52325,3,1,3.614921,4.13576,0.520839
g3736,g3736.mp3,7.52325,3,2,4.78542,5.792585,1.007166
g3737,g3737.mp3,8.045625,3,0,0.0,1.040272,1.040272
g3737,g3737.mp3,8.045625,3,1,3.494172,4.020612,0.52644
g3737,g3737.mp3,8.045625,3,2,5.007075,6.029433,1.022358
g3738,g3738.mp3,7.732125,3,0,0.0,1.039955,1.039955
g3738,g3738.mp3,7.732125,3,1,3.278481,3.823288,0.544807
g3738,g3738.mp3,7.732125,3,2,4.724966,5.761111,1.036145
g3739,g3739.mp3,7.62775,3,0,0.0,1.033152,1.033152
g3739,g3739.mp3,7.62775,3,1,3.787392,4.332971,0.545578
g3739,g3739.mp3,7.62775,3,2,4.935306,5.945102,1.009796
g3740,g3740.mp3,7.732125,3,0,0.0,1.044921,1.044921
g3740,g3740.mp3,7.732125,3,1,3.411542,3.946122,0.53458
g3740,g3740.mp3,7.732125,3,2,4.810771,5.815873,1.005102
g3741,g3741.mp3,7.888875,3,0,0.0,1.031474,1.031474
g3741,g3741.mp3,7.888875,3,1,3.645374,4.174694,0.52932
g3741,g3741.mp3,7.888875,3,2,4.984082,6.022109,1.038027
g3742,g3742.mp3,8.254625,3,0,0.0,1.050771,1.050771
g3742,g3742.mp3,8.254625,3,1,3.611633,4.133719,0.522086
g3742,g3742.mp3,8.254625,3,2,5.15254,6.182132,1.029592
g3743,g3743.mp3,7.941125,3,0,0.0,1.043673,1.043673
g3743,g3743.mp3,7.941125,3,1,3.64839,4.159433,0.511043
g3743,g3743.mp3,7.941125,3,2,5.013152,6.062132,1.04898
g3744,g3744.mp3,7.732125,3,0,0.0,1.043084,1.043084
g3744,g3744.mp3,7.732125,3,1,3.753016,4.294671,0.541655
g3744,g3744.mp3,7.732125,3,2,4.961088,6.006553,1.045465
g3745,g3745.mp3,7.836625,3,0,0.0,1.050703,1.050703
g3745,g3745.mp3,7.836625,3,1,3.789977,4.330839,0.540862
g3745,g3745.mp3,7.836625,3,2,5.021111,6.084785,1.063673
g3746,g3746.mp3,14.053875,6,0,0.0,1.055306,1.055306
g3746,g3746.mp3,14.053875,6,1,3.790839,4.322245,0.531406
g3746,g3746.mp3,14.053875,6,2,4.974558,5.993832,1.019274
g3746,g3746.mp3,14.053875,6,3,6.705011,7.752268,1.047256
g3746,g3746.mp3,14.053875,6,4,9.830907,10.882698,1.051791
g3746,g3746.mp3,14.053875,6,5,11.457392,12.462676,1.005283
g3747,g3747.mp3,7.8105,3,0,0.0,1.035011,1.035011
g3747,g3747.mp3,7.8105,3,1,3.739841,4.258481,0.518639
g3747,g3747.mp3,7.8105,3,2,4.972245,5.996032,1.023787
g3748,g3748.mp3,7.497125,3,0,0.0,1.043741,1.043741
g3748,g3748.mp3,7.497125,3,1,3.556349,4.100748,0.544399
g3748,g3748.mp3,7.497125,3,2,4.780816,5.842789,1.061973
g3749,g3749.mp3,8.829375,3,0,0.0,1.027664,1.027664
g3749,g3749.mp3,8.829375,3,1,3.809138,4.344671,0.535533
g3749,g3749.mp3,8.829375,3,2,5.520091,6.559751,1.03966
g3750,g3750.mp3,8.28075,3,0,0.0,1.037098,1.037098
g3750,g3750.mp3,8.28075,3,1,3.479955,4.025782,0.545828
g3750,g3750.mp3,8.28075,3,2,5.097166,6.121361,1.024195
g3751,g3751.mp3,7.549375,3,0,0.0,1.037868,1.037868
g3751,g3751.mp3,7.549375,3,1,3.431814,3.968526,0.536712
g3751,g3751.mp3,7.549375,3,2,4.706032,5.765147,1.059116
g3752,g3752.mp3,7.41875,3,0,0.0,1.046939,1.046939
g3752,g3752.mp3,7.41875,3,1,3.70517,4.209592,0.504422
g3752,g3752.mp3,7.41875,3,2,4.754376,5.782721,1.028345
g3753,g3753.mp3,7.131375,3,0,0.0,1.02644,1.02644
g3753,g3753.mp3,7.131375,3,1,3.696531,4.200839,0.504308
g3753,g3753.mp3,7.131375,3,2,4.647642,5.675147,1.027506
g3754,g3754.mp3,6.9485,3,0,0.0,1.02517,1.02517
g3754,g3754.mp3,6.9485,3,1,3.458073,3.966893,0.508821
g3754,g3754.mp3,6.9485,3,2,4.427211,5.457324,1.030113
g3755,g3755.mp3,13.844875,6,0,0.0,1.068934,1.068934
g3755,g3755.mp3,13.844875,6,1,3.690454,4.217732,0.527279
g3755,g3755.mp3,13.844875,6,2,4.684444,5.723447,1.039002
g3755,g3755.mp3,13.844875,6,3,6.199342,7.2361,1.036757
g3755,g3755.mp3,13.844875,6,4,9.486077,10.536349,1.050272
g3755,g3755.mp3,13.844875,6,5,11.177438,12.220703,1.043265
g3756,g3756.mp3,7.00075,3,0,0.0,1.041497,1.041497
g3756,g3756.mp3,7.00075,3,1,3.770952,4.297438,0.526485
g3756,g3756.mp3,7.00075,3,2,4.620862,5.629932,1.00907
g3757,g3757.mp3,14.132125,6,0,0.0,1.065964,1.065964
g3757,g3757.mp3,14.132125,6,1,4.052653,4.611474,0.558821
g3757,g3757.mp3,14.132125,6,2,4.991927,6.093651,1.101723
g3757,g3757.mp3,14.132125,6,3,6.491837,7.597483,1.105646
g3757,g3757.mp3,14.132125,6,4,9.718481,10.765646,1.047166
g3757,g3757.mp3,14.132125,6,5,11.461565,12.510975,1.04941
g3758,g3758.mp3,7.340375,3,0,0.0,1.048073,1.048073
g3758,g3758.mp3,7.340375,3,1,3.670703,4.205828,0.535125
g3758,g3758.mp3,7.340375,3,2,4.682086,5.74941,1.067324
g3759,g3759.mp3,7.52325,3,0,0.0,1.056576,1.056576
g3759,g3759.mp3,7.52325,3,1,3.901315,4.414785,0.513469
g3759,g3759.mp3,7.52325,3,2,4.931701,5.979569,1.047868
g3760,g3760.mp3,7.915,3,0,0.0,1.054172,1.054172
g3760,g3760.mp3,7.915,3,1,3.545125,4.080363,0.535238
g3760,g3760.mp3,7.915,3,2,4.96,6.008141,1.048141
g3761,g3761.mp3,7.497125,3,0,0.0,1.044807,1.044807
g3761,g3761.mp3,7.497125,3,1,3.861678,4.380385,0.518707
g3761,g3761.mp3,7.497125,3,2,4.880431,5.91898,1.038549
g3762,g3762.mp3,7.888875,3,0,0.0,1.038503,1.038503
g3762,g3762.mp3,7.888875,3,1,3.773311,4.290522,0.517211
g3762,g3762.mp3,7.888875,3,2,5.053356,6.08805,1.034694
g3763,g3763.mp3,7.836625,3,0,0.0,1.044603,1.044603
g3763,g3763.mp3,7.836625,3,1,3.635669,4.171293,0.535624
g3763,g3763.mp3,7.836625,3,2,4.895351,5.948435,1.053084
g3764,g3764.mp3,7.62775,3,0,0.0,1.040091,1.040091
g3764,g3764.mp3,7.62775,3,1,3.821111,4.344558,0.523447
g3764,g3764.mp3,7.62775,3,2,4.981088,6.000771,1.019683
g3765,g3765.mp3,7.732125,3,0,0.0,1.040998,1.040998
g3765,g3765.mp3,7.732125,3,1,3.921361,4.450159,0.528798
g3765,g3765.mp3,7.732125,3,2,5.042517,6.080975,1.038458
g3766,g3766.mp3,7.993375,3,0,0.0,1.050567,1.050567
g3766,g3766.mp3,7.993375,3,1,3.880431,4.411814,0.531383
g3766,g3766.mp3,7.993375,3,2,5.130839,6.16424,1.033401
g3767,g3767.mp3,7.444875,3,0,0.0,1.036712,1.036712
g3767,g3767.mp3,7.444875,3,1,3.797483,4.313968,0.516485
g3767,g3767.mp3,7.444875,3,2,4.82678,5.862766,1.035986
g3768,g3768.mp3,6.3115,3,0,0.0,1.112698,1.112698
g3768,g3768.mp3,6.3115,3,1,3.637234,4.136735,0.499501
g3768,g3768.mp3,6.3115,3,2,4.564807,5.564399,0.999592
g3769,g3769.mp3,7.52325,3,0,0.0,1.037914,1.037914
g3769,g3769.mp3,7.52325,3,1,3.823129,4.332608,0.509478
g3769,g3769.mp3,7.52325,3,2,4.876508,5.907596,1.031088
g3770,g3770.mp3,7.8105,3,0,0.0,1.041406,1.041406
g3770,g3770.mp3,7.8105,3,1,3.27932,3.803288,0.523968
g3770,g3770.mp3,7.8105,3,2,4.729932,5.788798,1.058866
g3771,g3771.mp3,8.0195,3,0,0.0,1.043084,1.043084
g3771,g3771.mp3,8.0195,3,1,3.885079,4.418435,0.533356
g3771,g3771.mp3,8.0195,3,2,5.151973,6.197438,1.045465
g3772,g3772.mp3,7.888875,3,0,0.0,1.065397,1.065397
g3772,g3772.mp3,7.888875,3,1,3.575374,4.106213,0.530839
g3772,g3772.mp3,7.888875,3,2,4.951701,5.981519,1.029819
g3773,g3773.mp3,8.202375,3,0,0.0,1.039683,1.039683
g3773,g3773.mp3,8.202375,3,1,3.695488,4.241134,0.545646
g3773,g3773.mp3,8.202375,3,2,5.193084,6.219819,1.026735
g3774,g3774.mp3,7.68,3,0,0.0,1.045238,1.045238
g3774,g3774.mp3,7.68,3,1,3.574943,4.086327,0.511383
g3774,g3774.mp3,7.68,3,2,4.851701,5.889887,1.038186
g3775,g3775.mp3,7.183625,3,0,0.0,1.029229,1.029229
g3775,g3775.mp3,7.183625,3,1,3.569796,4.101678,0.531882
g3775,g3775.mp3,7.183625,3,2,4.598617,5.640658,1.042041
g3776,g3776.mp3,7.41875,3,0,0.0,1.071088,1.071088
g3776,g3776.mp3,7.41875,3,1,3.645215,4.178367,0.533152
g3776,g3776.mp3,7.41875,3,2,4.784717,5.814195,1.029478
g3777,g3777.mp3,6.922375,3,0,0.0,1.026508,1.026508
g3777,g3777.mp3,6.922375,3,1,3.50966,4.015397,0.505737
g3777,g3777.mp3,6.922375,3,2,4.454218,5.467143,1.012925
g3778,g3778.mp3,7.3665,3,0,0.0,1.039955,1.039955
g3778,g3778.mp3,7.3665,3,1,3.410975,3.921474,0.510499
g3778,g3778.mp3,7.3665,3,2,4.639184,5.643447,1.004263
g3779,g3779.mp3,12.74775,6,0,0.0,1.057007,1.057007
g3779,g3779.mp3,12.74775,6,1,3.818957,4.335624,0.516667
g3779,g3779.mp3,12.74775,6,2,4.951769,5.992902,1.041134
g3779,g3779.mp3,12.74775,6,3,6.627823,7.683152,1.055329
g3779,g3779.mp3,12.74775,6,4,8.698844,9.74483,1.045986
g3779,g3779.mp3,12.74775,6,5,10.194512,11.225669,1.031156
g3780,g3780.mp3,7.1575,3,0,0.0,1.051927,1.051927
g3780,g3780.mp3,7.1575,3,1,3.360635,3.896803,0.536168
g3780,g3780.mp3,7.1575,3,2,4.485351,5.528594,1.043243
g3781,g3781.mp3,8.150125,3,0,0.0,1.061406,1.061406
g3781,g3781.mp3,8.150125,3,1,3.548662,4.065193,0.516531
g3781,g3781.mp3,8.150125,3,2,5.065125,6.115147,1.050023
g3782,g3782.mp3,7.444875,3,0,0.0,1.037596,1.037596
g3782,g3782.mp3,7.444875,3,1,3.474444,3.997982,0.523537
g3782,g3782.mp3,7.444875,3,2,4.681565,5.702744,1.021179
g3783,g3783.mp3,7.183625,3,0,0.0,1.036145,1.036145
g3783,g3783.mp3,7.183625,3,1,3.271066,3.811179,0.540113
g3783,g3783.mp3,7.183625,3,2,4.478322,5.493424,1.015102
g3784,g3784.mp3,7.183625,3,0,0.0,1.034558,1.034558
g3784,g3784.mp3,7.183625,3,1,3.451678,3.956984,0.505306
g3784,g3784.mp3,7.183625,3,2,4.549206,5.56542,1.016213
g3785,g3785.mp3,7.10525,3,0,0.0,1.026531,1.026531
g3785,g3785.mp3,7.10525,3,1,3.430295,3.950431,0.520136
g3785,g3785.mp3,7.10525,3,2,4.504558,5.549705,1.045147
g3786,g3786.mp3,7.52325,3,0,0.0,1.031134,1.031134
g3786,g3786.mp3,7.52325,3,1,3.477256,3.986395,0.509138
g3786,g3786.mp3,7.52325,3,2,4.751066,5.763991,1.012925
g3787,g3787.mp3,8.515875,3,0,0.0,1.085102,1.085102
g3787,g3787.mp3,8.515875,3,1,3.626077,4.1439,0.517823
g3787,g3787.mp3,8.515875,3,2,5.290045,6.334286,1.04424
g3788,g3788.mp3,7.888875,3,0,0.0,1.037415,1.037415
g3788,g3788.mp3,7.888875,3,1,3.340794,3.866871,0.526077
g3788,g3788.mp3,7.888875,3,2,4.857483,5.879138,1.021655
g3789,g3789.mp3,7.3665,3,0,0.0,1.044467,1.044467
g3789,g3789.mp3,7.3665,3,1,3.51542,4.016576,0.501156
g3789,g3789.mp3,7.3665,3,2,4.668481,5.690839,1.022358
g3790,g3790.mp3,7.288125,3,0,0.0,1.037687,1.037687
g3790,g3790.mp3,7.288125,3,1,3.213084,3.729887,0.516803
g3790,g3790.mp3,7.288125,3,2,4.484263,5.518299,1.034036
g3791,g3791.mp3,7.41875,3,0,0.0,1.027574,1.027574
g3791,g3791.mp3,7.41875,3,1,3.382086,3.902426,0.52034
g3791,g3791.mp3,7.41875,3,2,4.626916,5.656553,1.029637
g3792,g3792.mp3,8.568125,3,0,0.0,1.098118,1.098118
g3792,g3792.mp3,8.568125,3,1,3.70542,4.246984,0.541565
g3792,g3792.mp3,8.568125,3,2,5.367891,6.403129,1.035238
g3793,g3793.mp3,7.62775,3,0,0.0,1.035283,1.035283
g3793,g3793.mp3,7.62775,3,1,3.516372,4.032789,0.516417
g3793,g3793.mp3,7.62775,3,2,4.799138,5.825329,1.02619
g3794,g3794.mp3,7.68,3,0,0.0,1.05932,1.05932
g3794,g3794.mp3,7.68,3,1,3.609138,4.15263,0.543492
g3794,g3794.mp3,7.68,3,2,4.872517,5.914195,1.041678
g3795,g3795.mp3,7.732125,3,0,0.0,1.027937,1.027937
g3795,g3795.mp3,7.732125,3,1,3.665057,4.173061,0.508005
g3795,g3795.mp3,7.732125,3,2,4.918526,5.933968,1.015442
g3796,g3796.mp3,7.444875,3,0,0.0,1.025941,1.025941
g3796,g3796.mp3,7.444875,3,1,3.645669,4.169977,0.524308
g3796,g3796.mp3,7.444875,3,2,4.778821,5.812653,1.033832
g3797,g3797.mp3,7.836625,3,0,0.0,1.028617,1.028617
g3797,g3797.mp3,7.836625,3,1,3.554331,4.062812,0.508481
g3797,g3797.mp3,7.836625,3,2,4.929388,5.957075,1.027687
g3798,g3798.mp3,7.5755,3,0,0.0,1.035465,1.035465
g3798,g3798.mp3,7.5755,3,1,3.330431,3.860317,0.529887
g3798,g3798.mp3,7.5755,3,2,4.669365,5.71551,1.046145
g3799,g3799.mp3,7.706,3,0,0.0,1.036417,1.036417
g3799,g3799.mp3,7.706,3,1,3.770907,4.267234,0.496327
g3799,g3799.mp3,7.706,3,2,4.972018,5.995896,1.023878
g3800,g3800.mp3,7.471,3,0,0.0,1.037642,1.037642
g3800,g3800.mp3,7.471,3,1,3.296984,3.816236,0.519252
g3800,g3800.mp3,7.471,3,2,4.578753,5.598798,1.020045
g3802,g3802.mp3,7.392625,3,0,0.0,1.035238,1.035238
g3802,g3802.mp3,7.392625,3,1,3.346893,3.876848,0.529955
g3802,g3802.mp3,7.392625,3,2,4.597846,5.633288,1.035442
g3803,g3803.mp3,7.235875,3,0,0.0,1.03254,1.03254
g3803,g3803.mp3,7.235875,3,1,3.234399,3.756485,0.522086
g3803,g3803.mp3,7.235875,3,2,4.44805,5.474921,1.026871
g3804,g3804.mp3,6.844,3,0,0.0,1.035964,1.035964
g3804,g3804.mp3,6.844,3,1,3.268367,3.80093,0.532562
g3804,g3804.mp3,6.844,3,2,4.281088,5.310998,1.029909
g3805,g3805.mp3,7.732125,3,0,0.0,1.038617,1.038617
g3805,g3805.mp3,7.732125,3,1,3.366553,3.892426,0.525873
g3805,g3805.mp3,7.732125,3,2,4.782313,5.805669,1.023356
g3806,g3806.mp3,7.52325,3,0,0.0,1.056077,1.056077
g3806,g3806.mp3,7.52325,3,1,3.499592,4.014195,0.514603
g3806,g3806.mp3,7.52325,3,2,4.680998,5.731587,1.05059
g3807,g3807.mp3,7.96725,3,0,0.0,1.04102,1.04102
g3807,g3807.mp3,7.96725,3,1,3.191519,3.768481,0.576961
g3807,g3807.mp3,7.96725,3,2,4.846848,5.883469,1.036621
g3808,g3808.mp3,7.262,3,0,0.0,1.046599,1.046599
g3808,g3808.mp3,7.262,3,1,3.13483,3.652494,0.517664
g3808,g3808.mp3,7.262,3,2,4.406871,5.454512,1.047642
g3809,g3809.mp3,7.131375,3,0,0.0,1.040136,1.040136
g3809,g3809.mp3,7.131375,3,1,3.248934,3.765057,0.516122
g3809,g3809.mp3,7.131375,3,2,4.388798,5.443923,1.055125
g3810,g3810.mp3,7.497125,3,0,0.0,1.057029,1.057029
g3810,g3810.mp3,7.497125,3,1,3.010454,3.525465,0.515011
g3810,g3810.mp3,7.497125,3,2,4.462268,5.49737,1.035102
g3811,g3811.mp3,7.053,3,0,0.0,1.041882,1.041882
g3811,g3811.mp3,7.053,3,1,3.09449,3.631791,0.537302
g3811,g3811.mp3,7.053,3,2,4.27093,5.303129,1.0322
g3812,g3812.mp3,7.1575,3,0,0.0,1.03458,1.03458
g3812,g3812.mp3,7.1575,3,1,3.05932,3.58254,0.52322
g3812,g3812.mp3,7.1575,3,2,4.320884,5.350794,1.029909
g3813,g3813.mp3,7.288125,3,0,0.0,1.029887,1.029887
g3813,g3813.mp3,7.288125,3,1,3.326508,3.854195,0.527687
g3813,g3813.mp3,7.288125,3,2,4.509683,5.526961,1.017279
g3814,g3814.mp3,7.41875,3,0,0.0,1.036281,1.036281
g3814,g3814.mp3,7.41875,3,1,3.303061,3.828594,0.525533
g3814,g3814.mp3,7.41875,3,2,4.576145,5.613424,1.037279
g3815,g3815.mp3,6.79175,3,0,0.0,1.029297,1.029297
g3815,g3815.mp3,6.79175,3,1,3.172993,3.684422,0.511429
g3815,g3815.mp3,6.79175,3,2,4.217075,5.231519,1.014444
g3816,g3816.mp3,6.765625,3,0,0.0,1.03746,1.03746
g3816,g3816.mp3,6.765625,3,1,3.147642,3.682834,0.535193
g3816,g3816.mp3,6.765625,3,2,4.192268,5.209229,1.016961
g3817,g3817.mp3,6.817875,3,0,0.0,1.036871,1.036871
g3817,g3817.mp3,6.817875,3,1,3.371338,3.923946,0.552608
g3817,g3817.mp3,6.817875,3,2,4.325397,5.363515,1.038118
g3818,g3818.mp3,14.602375,6,0,0.0,1.03127,1.03127
g3818,g3818.mp3,14.602375,6,1,3.41678,3.919342,0.502562
g3818,g3818.mp3,14.602375,6,2,5.110204,6.148027,1.037823
g3818,g3818.mp3,14.602375,6,3,7.318458,8.347052,1.028594
g3818,g3818.mp3,14.602375,6,4,9.477732,10.50288,1.025147
g3818,g3818.mp3,14.602375,6,5,11.492585,12.544671,1.052086
g3819,g3819.mp3,6.89625,3,0,0.0,1.042426,1.042426
g3819,g3819.mp3,6.89625,3,1,3.255079,3.788662,0.533583
g3819,g3819.mp3,6.89625,3,2,4.312517,5.341293,1.028776
g3820,g3820.mp3,7.471,3,0,0.0,1.030839,1.030839
g3820,g3820.mp3,7.471,3,1,3.136803,3.654036,0.517234
g3820,g3820.mp3,7.471,3,2,4.494535,5.544331,1.049796
g3821,g3821.mp3,7.941125,3,0,0.0,1.039025,1.039025
g3821,g3821.mp3,7.941125,3,1,3.335079,3.860998,0.525918
g3821,g3821.mp3,7.941125,3,2,4.842744,5.889864,1.04712
g3822,g3822.mp3,7.52325,3,0,0.0,1.045102,1.045102
g3822,g3822.mp3,7.52325,3,1,3.365397,3.917596,0.5522
g3822,g3822.mp3,7.52325,3,2,4.65839,5.698186,1.039796
g3823,g3823.mp3,6.870125,3,0,0.0,1.043968,1.043968
g3823,g3823.mp3,6.870125,3,1,3.40737,3.963016,0.555646
g3823,g3823.mp3,6.870125,3,2,4.386213,5.425578,1.039365
g3824,g3824.mp3,8.150125,3,0,0.0,1.047528,1.047528
g3824,g3824.mp3,8.150125,3,1,3.355828,3.87576,0.519932
g3824,g3824.mp3,8.150125,3,2,4.936644,5.974127,1.037483
g3825,g3825.mp3,6.922375,3,0,0.0,1.043719,1.043719
g3825,g3825.mp3,6.922375,3,1,3.34712,3.885034,0.537914
g3825,g3825.mp3,6.922375,3,2,4.360794,5.402925,1.042132
g3826,g3826.mp3,15.177125,6,0,0.0,1.045329,1.045329
g3826,g3826.mp3,15.177125,6,1,3.531927,4.106009,0.574082
g3826,g3826.mp3,15.177125,6,2,4.925397,5.959093,1.033696
g3826,g3826.mp3,15.177125,6,3,6.798798,7.829002,1.030204
g3826,g3826.mp3,15.177125,6,4,10.180862,11.215306,1.034444
g3826,g3826.mp3,15.177125,6,5,12.207438,13.22517,1.017732
g3827,g3827.mp3,7.941125,3,0,0.0,1.036009,1.036009
g3827,g3827.mp3,7.941125,3,1,3.589229,4.113469,0.52424
g3827,g3827.mp3,7.941125,3,2,4.976077,6.020907,1.04483
g3828,g3828.mp3,7.549375,3,0,0.0,1.056122,1.056122
g3828,g3828.mp3,7.549375,3,1,3.312404,3.849705,0.537302
g3828,g3828.mp3,7.549375,3,2,4.632744,5.67873,1.045986
g3829,g3829.mp3,7.993375,3,0,0.0,1.030816,1.030816
g3829,g3829.mp3,7.993375,3,1,3.467324,3.987732,0.520408
g3829,g3829.mp3,7.993375,3,2,4.933401,5.966349,1.032948
g3830,g3830.mp3,14.524,6,0,0.0,1.025147,1.025147
g3830,g3830.mp3,14.524,6,1,3.212449,3.709456,0.497007
g3830,g3830.mp3,14.524,6,2,4.636712,5.664263,1.027551
g3830,g3830.mp3,14.524,6,3,6.570136,7.612494,1.042358
g3830,g3830.mp3,14.524,6,4,9.714444,10.729637,1.015193
g3830,g3830.mp3,14.524,6,5,11.580952,12.592902,1.01195
g3831,g3831.mp3,8.045625,3,0,0.0,1.041111,1.041111
g3831,g3831.mp3,8.045625,3,1,3.499751,4.018934,0.519184
g3831,g3831.mp3,8.045625,3,2,4.990998,6.03,1.039002
g3832,g3832.mp3,13.662,6,0,0.0,1.048934,1.048934
g3832,g3832.mp3,13.662,6,1,3.488299,4.038435,0.550136
g3832,g3832.mp3,13.662,6,2,4.880272,5.908753,1.028481
g3832,g3832.mp3,13.662,6,3,6.749637,7.754694,1.005057
g3832,g3832.mp3,13.662,6,4,8.909297,9.963605,1.054308
g3832,g3832.mp3,13.662,6,5,10.721293,11.75229,1.030998
g3833,g3833.mp3,7.8105,3,0,0.0,1.058118,1.058118
g3833,g3833.mp3,7.8105,3,1,3.670476,4.175692,0.505215
g3833,g3833.mp3,7.8105,3,2,4.971519,6.026848,1.055329
g3834,g3834.mp3,7.888875,3,0,0.0,1.032154,1.032154
g3834,g3834.mp3,7.888875,3,1,3.459138,3.987211,0.528073
g3834,g3834.mp3,7.888875,3,2,4.903469,5.939002,1.035533
g3835,g3835.mp3,7.915,3,0,0.0,1.031723,1.031723
g3835,g3835.mp3,7.915,3,1,3.518753,4.026667,0.507914
g3835,g3835.mp3,7.915,3,2,4.942426,5.956372,1.013946
g3836,g3836.mp3,7.5755,3,0,0.0,1.049819,1.049819
g3836,g3836.mp3,7.5755,3,1,3.298639,3.813175,0.514535
g3836,g3836.mp3,7.5755,3,2,4.648594,5.685283,1.036689
g3837,g3837.mp3,7.653875,3,0,0.0,1.056871,1.056871
g3837,g3837.mp3,7.653875,3,1,3.571678,4.096576,0.524898
g3837,g3837.mp3,7.653875,3,2,4.835102,5.872744,1.037642
g3838,g3838.mp3,7.836625,3,0,0.0,1.025986,1.025986
g3838,g3838.mp3,7.836625,3,1,3.295782,3.823719,0.527937
g3838,g3838.mp3,7.836625,3,2,4.795034,5.85551,1.060476
g3839,g3839.mp3,7.20975,3,0,0.0,1.03644,1.03644
g3839,g3839.mp3,7.20975,3,1,3.463469,3.976599,0.513129
g3839,g3839.mp3,7.20975,3,2,4.542472,5.586304,1.043832
g3840,g3840.mp3,7.1575,3,0,0.0,1.037687,1.037687
g3840,g3840.mp3,7.1575,3,1,3.252744,3.780317,0.527574
g3840,g3840.mp3,7.1575,3,2,4.417075,5.445805,1.02873
g3841,g3841.mp3,8.202375,3,0,0.0,1.046508,1.046508
g3841,g3841.mp3,8.202375,3,1,3.530952,4.048277,0.517324
g3841,g3841.mp3,8.202375,3,2,5.101791,6.143787,1.041995
g3842,g3842.mp3,7.31425,3,0,0.0,1.051519,1.051519
g3842,g3842.mp3,7.31425,3,1,3.516417,4.037143,0.520726
g3842,g3842.mp3,7.31425,3,2,4.625533,5.664898,1.039365
g3843,g3843.mp3,7.653875,3,0,0.0,1.053719,1.053719
g3843,g3843.mp3,7.653875,3,1,3.541179,4.062608,0.521429
g3843,g3843.mp3,7.653875,3,2,4.820295,5.83966,1.019365
g3844,g3844.mp3,7.131375,3,0,0.0,1.047982,1.047982
g3844,g3844.mp3,7.131375,3,1,3.48127,4.007415,0.526145
g3844,g3844.mp3,7.131375,3,2,4.520454,5.554762,1.034308
g3845,g3845.mp3,7.732125,3,0,0.0,1.039705,1.039705
g3845,g3845.mp3,7.732125,3,1,3.540136,4.070091,0.529955
g3845,g3845.mp3,7.732125,3,2,4.857891,5.884422,1.026531
g3846,g3846.mp3,7.601625,3,0,0.0,1.066032,1.066032
g3846,g3846.mp3,7.601625,3,1,3.554943,4.087347,0.532404
g3846,g3846.mp3,7.601625,3,2,4.778776,5.814218,1.035442
g3847,g3847.mp3,7.86275,3,0,0.0,1.038571,1.038571
g3847,g3847.mp3,7.86275,3,1,3.393265,3.917075,0.52381
g3847,g3847.mp3,7.86275,3,2,4.846349,5.898186,1.051837
g3848,g3848.mp3,7.993375,3,0,0.0,1.038027,1.038027
g3848,g3848.mp3,7.993375,3,1,3.333991,3.888458,0.554467
g3848,g3848.mp3,7.993375,3,2,4.906712,5.932653,1.025941
g3849,g3849.mp3,16.71825,6,0,0.0,1.074989,1.074989
g3849,g3849.mp3,16.71825,6,1,3.714603,4.232177,0.517574
g3849,g3849.mp3,16.71825,6,2,5.461315,6.554263,1.092948
g3849,g3849.mp3,16.71825,6,3,7.820204,8.859456,1.039252
g3849,g3849.mp3,16.71825,6,4,11.225692,12.281882,1.05619
g3849,g3849.mp3,16.71825,6,5,13.440726,14.49093,1.050204
g3850,g3850.mp3,7.392625,3,0,0.0,1.027891,1.027891
g3850,g3850.mp3,7.392625,3,1,3.159048,3.680227,0.521179
g3850,g3850.mp3,7.392625,3,2,4.485079,5.524059,1.03898
g3851,g3851.mp3,14.68075,6,0,0.0,1.048481,1.048481
g3851,g3851.mp3,14.68075,6,1,3.403175,3.909887,0.506712
g3851,g3851.mp3,14.68075,6,2,4.990612,6.01737,1.026757
g3851,g3851.mp3,14.68075,6,3,7.096349,8.145057,1.048707
g3851,g3851.mp3,14.68075,6,4,9.230998,10.282336,1.051338
g3851,g3851.mp3,14.68075,6,5,11.430476,12.458254,1.027778
g3852,g3852.mp3,7.732125,3,0,0.0,1.036259,1.036259
g3852,g3852.mp3,7.732125,3,1,3.319048,3.842381,0.523333
g3852,g3852.mp3,7.732125,3,2,4.743787,5.782041,1.038254
g3853,g3853.mp3,7.706,3,0,0.0,1.040317,1.040317
g3853,g3853.mp3,7.706,3,1,3.466236,4.006531,0.540295
g3853,g3853.mp3,7.706,3,2,4.793152,5.83254,1.039388
g3854,g3854.mp3,7.68,3,0,0.0,1.049229,1.049229
g3854,g3854.mp3,7.68,3,1,3.354014,3.907982,0.553968
g3854,g3854.mp3,7.68,3,2,4.743243,5.803243,1.06
g3855,g3855.mp3,7.20975,3,0,0.0,1.039025,1.039025
g3855,g3855.mp3,7.20975,3,1,3.496825,4.030567,0.533741
g3855,g3855.mp3,7.20975,3,2,4.596893,5.617166,1.020272
g3856,g3856.mp3,8.59425,3,0,0.0,1.045397,1.045397
g3856,g3856.mp3,8.59425,3,1,3.462789,4.003356,0.540567
g3856,g3856.mp3,8.59425,3,2,5.267347,6.310726,1.043379
g3857,g3857.mp3,8.097875,3,0,0.0,1.028435,1.028435
g3857,g3857.mp3,8.097875,3,1,3.335533,3.832766,0.497234
g3857,g3857.mp3,8.097875,3,2,4.896395,5.945261,1.048866
g3858,g3858.mp3,7.706,3,0,0.0,1.039796,1.039796
g3858,g3858.mp3,7.706,3,1,3.031882,3.618118,0.586236
g3858,g3858.mp3,7.706,3,2,4.620975,5.676667,1.055692
g3859,g3859.mp3,8.515875,3,0,0.0,1.038957,1.038957
g3859,g3859.mp3,8.515875,3,1,3.179433,3.729342,0.549909
g3859,g3859.mp3,8.515875,3,2,5.071814,6.111633,1.039819
g3860,g3860.mp3,7.235875,3,0,0.0,1.029955,1.029955
g3860,g3860.mp3,7.235875,3,1,3.039116,3.568639,0.529524
g3860,g3860.mp3,7.235875,3,2,4.330998,5.350272,1.019274
g3861,g3861.mp3,7.941125,3,0,0.0,1.059388,1.059388
g3861,g3861.mp3,7.941125,3,1,3.184286,3.729864,0.545578
g3861,g3861.mp3,7.941125,3,2,4.805692,5.842948,1.037256
g3862,g3862.mp3,7.471,3,0,0.0,1.036916,1.036916
g3862,g3862.mp3,7.471,3,1,2.989841,3.535964,0.546122
g3862,g3862.mp3,7.471,3,2,4.469569,5.500839,1.03127
g3863,g3863.mp3,7.75825,3,0,0.0,1.031315,1.031315
g3863,g3863.mp3,7.75825,3,1,3.206961,3.754263,0.547302
g3863,g3863.mp3,7.75825,3,2,4.712018,5.764626,1.052608
g3864,g3864.mp3,8.542,3,0,0.0,1.046304,1.046304
g3864,g3864.mp3,8.542,3,1,3.272585,3.788367,0.515782
g3864,g3864.mp3,8.542,3,2,5.102902,6.150091,1.047188
g3865,g3865.mp3,8.254625,3,0,0.0,1.03932,1.03932
g3865,g3865.mp3,8.254625,3,1,3.28907,3.809569,0.520499
g3865,g3865.mp3,8.254625,3,2,4.977551,6.014875,1.037324
g3866,g3866.mp3,7.52325,3,0,0.0,1.047823,1.047823
g3866,g3866.mp3,7.52325,3,1,3.291565,3.816576,0.525011
g3866,g3866.mp3,7.52325,3,2,4.617188,5.647188,1.03
g3867,g3867.mp3,7.497125,3,0,0.0,1.043084,1.043084
g3867,g3867.mp3,7.497125,3,1,3.225692,3.74839,0.522698
g3867,g3867.mp3,7.497125,3,2,4.619728,5.649819,1.030091
g3868,g3868.mp3,7.62775,3,0,0.0,1.053696,1.053696
g3868,g3868.mp3,7.62775,3,1,3.076168,3.627256,0.551088
g3868,g3868.mp3,7.62775,3,2,4.55542,5.612018,1.056599
g3869,g3869.mp3,14.001625,6,0,0.0,1.054014,1.054014
g3869,g3869.mp3,14.001625,6,1,3.159728,3.69898,0.539252
g3869,g3869.mp3,14.001625,6,2,4.766712,5.820476,1.053764
g3869,g3869.mp3,14.001625,6,3,6.922653,7.979569,1.056916
g3869,g3869.mp3,14.001625,6,4,8.898617,9.954059,1.055442
g3869,g3869.mp3,14.001625,6,5,10.917528,11.952562,1.035034
g3870,g3870.mp3,7.52325,3,0,0.0,1.04,1.04
g3870,g3870.mp3,7.52325,3,1,3.187279,3.713787,0.526508
g3870,g3870.mp3,7.52325,3,2,4.607551,5.647256,1.039705
g3871,g3871.mp3,7.52325,3,0,0.0,1.03551,1.03551
g3871,g3871.mp3,7.52325,3,1,3.079751,3.594989,0.515238
g3871,g3871.mp3,7.52325,3,2,4.524308,5.550431,1.026122
g3872,g3872.mp3,8.28075,3,0,0.0,1.048277,1.048277
g3872,g3872.mp3,8.28075,3,1,3.325737,3.850703,0.524966
g3872,g3872.mp3,8.28075,3,2,5.040612,6.086327,1.045714
g3873,g3873.mp3,7.888875,3,0,0.0,1.029048,1.029048
g3873,g3873.mp3,7.888875,3,1,3.500476,4.128322,0.627846
g3873,g3873.mp3,7.888875,3,2,4.92839,6.007619,1.079229
g3874,g3874.mp3,8.17625,3,0,0.0,1.061497,1.061497
g3874,g3874.mp3,8.17625,3,1,3.377574,3.889025,0.511451
g3874,g3874.mp3,8.17625,3,2,4.973401,6.016939,1.043537
g3875,g3875.mp3,7.993375,3,0,0.0,1.031088,1.031088
g3875,g3875.mp3,7.993375,3,1,3.31034,3.836712,0.526372
g3875,g3875.mp3,7.993375,3,2,4.895125,5.935601,1.040476
g3876,g3876.mp3,7.75825,3,0,0.0,1.038322,1.038322
g3876,g3876.mp3,7.75825,3,1,3.390794,3.908866,0.518073
g3876,g3876.mp3,7.75825,3,2,4.802766,5.828254,1.025488
g3877,g3877.mp3,8.097875,3,0,0.0,1.045442,1.045442
g3877,g3877.mp3,8.097875,3,1,3.224399,3.770476,0.546077
g3877,g3877.mp3,8.097875,3,2,4.885918,5.93898,1.053061
g3878,g3878.mp3,7.340375,3,0,0.0,1.037528,1.037528
g3878,g3878.mp3,7.340375,3,1,3.189864,3.718594,0.52873
g3878,g3878.mp3,7.340375,3,2,4.463016,5.502472,1.039456
g3879,g3879.mp3,7.471,3,0,0.0,1.025193,1.025193
g3879,g3879.mp3,7.471,3,1,3.256213,3.775714,0.519501
g3879,g3879.mp3,7.471,3,2,4.56356,5.595079,1.031519
g3880,g3880.mp3,7.549375,3,0,0.0,1.03,1.03
g3880,g3880.mp3,7.549375,3,1,2.974626,3.508753,0.534127
g3880,g3880.mp3,7.549375,3,2,4.48517,5.544082,1.058912
g3881,g3881.mp3,7.732125,3,0,0.0,1.040839,1.040839
g3881,g3881.mp3,7.732125,3,1,3.320408,3.89458,0.574172
g3881,g3881.mp3,7.732125,3,2,4.764807,5.83932,1.074512
g3882,g3882.mp3,7.784375,3,0,0.0,1.046054,1.046054
g3882,g3882.mp3,7.784375,3,1,3.168957,3.686281,0.517324
g3882,g3882.mp3,7.784375,3,2,4.6961,5.74483,1.04873
g3883,g3883.mp3,7.52325,3,0,0.0,1.051497,1.051497
g3883,g3883.mp3,7.52325,3,1,3.200431,3.733832,0.533401
g3883,g3883.mp3,7.52325,3,2,4.584943,5.622132,1.037188
g3884,g3884.mp3,8.097875,3,0,0.0,1.03805,1.03805
g3884,g3884.mp3,8.097875,3,1,3.155828,3.690839,0.535011
g3884,g3884.mp3,8.097875,3,2,4.803016,5.868549,1.065533
g3885,g3885.mp3,8.124,3,0,0.0,1.048322,1.048322
g3885,g3885.mp3,8.124,3,1,3.257891,3.791655,0.533764
g3885,g3885.mp3,8.124,3,2,4.915556,5.955102,1.039546
g3886,g3886.mp3,7.732125,3,0,0.0,1.038798,1.038798
g3886,g3886.mp3,7.732125,3,1,3.593832,4.124853,0.53102
g3886,g3886.mp3,7.732125,3,2,4.87576,5.923946,1.048186
g3887,g3887.mp3,7.183625,3,0,0.0,1.041973,1.041973
g3887,g3887.mp3,7.183625,3,1,3.118798,3.637596,0.518798
g3887,g3887.mp3,7.183625,3,2,4.378912,5.402653,1.023741
g3888,g3888.mp3,7.941125,3,0,0.0,1.052902,1.052902
g3888,g3888.mp3,7.941125,3,1,3.072154,3.642993,0.570839
g3888,g3888.mp3,7.941125,3,2,4.710612,5.755533,1.044921
g3889,g3889.mp3,9.436,3,0,0.0,1.05483,1.05483
g3889,g3889.mp3,9.436,3,1,4.82576,5.833333,1.007574
g3889,g3889.mp3,9.436,3,2,7.021088,8.036327,1.015238
g3890,g3890.mp3,7.52325,3,0,0.0,1.050771,1.050771
g3890,g3890.mp3,7.52325,3,1,3.02102,3.548526,0.527506
g3890,g3890.mp3,7.52325,3,2,4.495941,5.548526,1.052585
g3891,g3891.mp3,7.653875,3,0,0.0,1.036327,1.036327
g3891,g3891.mp3,7.653875,3,1,3.171678,3.705941,0.534263
g3891,g3891.mp3,7.653875,3,2,4.669478,5.70229,1.032812
g3892,g3892.mp3,7.732125,3,0,0.0,1.057302,1.057302
g3892,g3892.mp3,7.732125,3,1,3.33288,3.840408,0.507528
g3892,g3892.mp3,7.732125,3,2,4.776304,5.789683,1.013379
g3893,g3893.mp3,8.150125,3,0,0.0,1.076553,1.076553
g3893,g3893.mp3,8.150125,3,1,3.388549,3.944989,0.55644
g3893,g3893.mp3,8.150125,3,2,4.992494,6.030816,1.038322
g3894,g3894.mp3,8.69875,3,0,0.0,1.063265,1.063265
g3894,g3894.mp3,8.69875,3,1,3.308821,3.82619,0.51737
g3894,g3894.mp3,8.69875,3,2,5.229365,6.281293,1.051927
g3895,g3895.mp3,7.444875,3,0,0.0,1.040249,1.040249
g3895,g3895.mp3,7.444875,3,1,3.369819,3.87898,0.509161
g3895,g3895.mp3,7.444875,3,2,4.636825,5.650317,1.013492
g3896,g3896.mp3,7.784375,3,0,0.0,1.052018,1.052018
g3896,g3896.mp3,7.784375,3,1,3.601497,4.136417,0.534921
g3896,g3896.mp3,7.784375,3,2,4.93746,5.979184,1.041723
g3897,g3897.mp3,8.28075,3,0,0.0,1.046417,1.046417
g3897,g3897.mp3,8.28075,3,1,3.30805,3.83771,0.52966
g3897,g3897.mp3,8.28075,3,2,5.034739,6.073333,1.038594
g3898,g3898.mp3,8.48975,3,0,0.0,1.030567,1.030567
g3898,g3898.mp3,8.48975,3,1,3.356327,3.865918,0.509592
g3898,g3898.mp3,8.48975,3,2,5.124649,6.162698,1.03805
g3899,g3899.mp3,8.411375,3,0,0.0,1.050091,1.050091
g3899,g3899.mp3,8.411375,3,1,3.57678,4.118163,0.541383
g3899,g3899.mp3,8.411375,3,2,5.220249,6.253107,1.032857
g3900,g3900.mp3,7.52325,3,0,0.0,1.045737,1.045737
g3900,g3900.mp3,7.52325,3,1,3.414195,3.957166,0.542971
g3900,g3900.mp3,7.52325,3,2,4.672109,5.697234,1.025125
g3901,g3901.mp3,7.993375,3,0,0.0,1.035034,1.035034
g3901,g3901.mp3,7.993375,3,1,3.678435,4.226893,0.548458
g3901,g3901.mp3,7.993375,3,2,5.094694,6.137098,1.042404
g3902,g3902.mp3,7.5755,3,0,0.0,1.046757,1.046757
g3902,g3902.mp3,7.5755,3,1,3.10771,3.611088,0.503379
g3902,g3902.mp3,7.5755,3,2,4.559955,5.596508,1.036553
g3903,g3903.mp3,8.124,3,0,0.0,1.052336,1.052336
g3903,g3903.mp3,8.124,3,1,3.36254,3.892585,0.530045
g3903,g3903.mp3,8.124,3,2,4.954104,5.976712,1.022608
g3904,g3904.mp3,7.5755,3,0,0.0,1.044739,1.044739
g3904,g3904.mp3,7.5755,3,1,3.136259,3.708209,0.57195
g3904,g3904.mp3,7.5755,3,2,4.622336,5.651474,1.029138
g3905,g3905.mp3,7.497125,3,0,0.0,1.051156,1.051156
g3905,g3905.mp3,7.497125,3,1,3.294603,3.827347,0.532744
g3905,g3905.mp3,7.497125,3,2,4.645261,5.686644,1.041383
g3906,g3906.mp3,7.68,3,0,0.0,1.039546,1.039546
g3906,g3906.mp3,7.68,3,1,3.214966,3.723696,0.50873
g3906,g3906.mp3,7.68,3,2,4.659184,5.71805,1.058866
g3907,g3907.mp3,8.07175,3,0,0.0,1.040998,1.040998
g3907,g3907.mp3,8.07175,3,1,3.070567,3.597415,0.526848
g3907,g3907.mp3,8.07175,3,2,4.709252,5.811202,1.10195
g3908,g3908.mp3,7.131375,3,0,0.0,1.046077,1.046077
g3908,g3908.mp3,7.131375,3,1,2.901361,3.439388,0.538027
g3908,g3908.mp3,7.131375,3,2,4.240068,5.27517,1.035102
g3909,g3909.mp3,7.86275,3,0,0.0,1.029864,1.029864
g3909,g3909.mp3,7.86275,3,1,3.105782,3.64288,0.537098
g3909,g3909.mp3,7.86275,3,2,4.68542,5.739637,1.054218
g3910,g3910.mp3,7.288125,3,0,0.0,1.037234,1.037234
g3910,g3910.mp3,7.288125,3,1,3.033197,3.559546,0.526349
g3910,g3910.mp3,7.288125,3,2,4.397007,5.436893,1.039887
g3911,g3911.mp3,7.079125,3,0,0.0,1.037256,1.037256
g3911,g3911.mp3,7.079125,3,1,2.879138,3.411066,0.531927
g3911,g3911.mp3,7.079125,3,2,4.199116,5.230068,1.030952
g3912,g3912.mp3,7.86275,3,0,0.0,1.041111,1.041111
g3912,g3912.mp3,7.86275,3,1,3.20381,3.742358,0.538549
g3912,g3912.mp3,7.86275,3,2,4.739002,5.773311,1.034308
g3913,g3913.mp3,7.8105,3,0,0.0,1.041156,1.041156
g3913,g3913.mp3,7.8105,3,1,3.208662,3.724989,0.516327
g3913,g3913.mp3,7.8105,3,2,4.747596,5.768345,1.020748
g3914,g3914.mp3,7.941125,3,0,0.0,1.036599,1.036599
g3914,g3914.mp3,7.941125,3,1,3.092132,3.60483,0.512698
g3914,g3914.mp3,7.941125,3,2,4.73932,5.760635,1.021315
g3915,g3915.mp3,8.045625,3,0,0.0,1.036576,1.036576
g3915,g3915.mp3,8.045625,3,1,3.020839,3.538753,0.517914
g3915,g3915.mp3,8.045625,3,2,4.753152,5.783039,1.029887
g3916,g3916.mp3,7.471,3,0,0.0,1.053129,1.053129
g3916,g3916.mp3,7.471,3,1,3.182063,3.717755,0.535692
g3916,g3916.mp3,7.471,3,2,4.544172,5.573968,1.029796
g3917,g3917.mp3,7.5755,3,0,0.0,1.030862,1.030862
g3917,g3917.mp3,7.5755,3,1,3.221247,3.745034,0.523787
g3917,g3917.mp3,7.5755,3,2,4.61356,5.634195,1.020635
g3918,g3918.mp3,6.661125,3,0,0.0,1.038912,1.038912
g3918,g3918.mp3,6.661125,3,1,2.946553,3.465215,0.518662
g3918,g3918.mp3,6.661125,3,2,4.019388,5.053878,1.03449
g3919,g3919.mp3,7.52325,3,0,0.0,1.034807,1.034807
g3919,g3919.mp3,7.52325,3,1,3.277619,3.802449,0.52483
g3919,g3919.mp3,7.52325,3,2,4.649433,5.666712,1.017279
g3920,g3920.mp3,8.07175,3,0,0.0,1.055918,1.055918
g3920,g3920.mp3,8.07175,3,1,3.135283,3.644626,0.509342
g3920,g3920.mp3,8.07175,3,2,4.86195,5.916508,1.054558
g3921,g3921.mp3,7.549375,3,0,0.0,1.045828,1.045828
g3921,g3921.mp3,7.549375,3,1,3.242812,3.766735,0.523923
g3921,g3921.mp3,7.549375,3,2,4.630703,5.649819,1.019116
g3922,g3922.mp3,8.07175,3,0,0.0,1.036893,1.036893
g3922,g3922.mp3,8.07175,3,1,3.237914,3.773333,0.53542
g3922,g3922.mp3,8.07175,3,2,4.852109,5.892585,1.040476
g3923,g3923.mp3,7.653875,3,0,0.0,1.045782,1.045782
g3923,g3923.mp3,7.653875,3,1,3.198866,3.745215,0.546349
g3923,g3923.mp3,7.653875,3,2,4.654331,5.68907,1.034739
g3924,g3924.mp3,7.836625,3,0,0.0,1.03059,1.03059
g3924,g3924.mp3,7.836625,3,1,3.426893,3.950363,0.523469
g3924,g3924.mp3,7.836625,3,2,4.873288,5.908889,1.035601
g3925,g3925.mp3,7.653875,3,0,0.0,1.047642,1.047642
g3925,g3925.mp3,7.653875,3,1,3.305102,3.845261,0.540159
g3925,g3925.mp3,7.653875,3,2,4.739796,5.776032,1.036236
g3926,g3926.mp3,8.0195,3,0,0.0,1.047347,1.047347
g3926,g3926.mp3,8.0195,3,1,3.501837,4.009501,0.507664
g3926,g3926.mp3,8.0195,3,2,4.951587,5.995442,1.043855
g3927,g3927.mp3,8.150125,3,0,0.0,1.064036,1.064036
g3927,g3927.mp3,8.150125,3,1,3.231587,3.768458,0.536871
g3927,g3927.mp3,8.150125,3,2,4.923379,5.966553,1.043175
g3928,g3928.mp3,7.52325,3,0,0.0,1.054422,1.054422
g3928,g3928.mp3,7.52325,3,1,3.221043,3.769955,0.548912
g3928,g3928.mp3,7.52325,3,2,4.58932,5.621429,1.032109
g3929,g3929.mp3,7.5755,3,0,0.0,1.050317,1.050317
g3929,g3929.mp3,7.5755,3,1,3.404444,3.918617,0.514172
g3929,g3929.mp3,7.5755,3,2,4.726735,5.772041,1.045306
g3930,g3930.mp3,6.844,3,0,0.0,1.066712,1.066712
g3930,g3930.mp3,6.844,3,1,2.995397,3.527755,0.532358
g3930,g3930.mp3,6.844,3,2,4.127937,5.162381,1.034444
g3931,g3931.mp3,7.62775,3,0,0.0,1.042698,1.042698
g3931,g3931.mp3,7.62775,3,1,3.196848,3.709592,0.512744
g3931,g3931.mp3,7.62775,3,2,4.637279,5.675283,1.038005
g3932,g3932.mp3,7.549375,3,0,0.0,1.072426,1.072426
g3932,g3932.mp3,7.549375,3,1,3.268345,3.801043,0.532698
g3932,g3932.mp3,7.549375,3,2,4.610431,5.669637,1.059206
g3933,g3933.mp3,7.8105,3,0,0.0,1.038163,1.038163
g3933,g3933.mp3,7.8105,3,1,3.258458,3.785351,0.526893
g3933,g3933.mp3,7.8105,3,2,4.754603,5.781451,1.026848
g3934,g3934.mp3,12.904375,6,0,0.0,1.053764,1.053764
g3934,g3934.mp3,12.904375,6,1,3.192494,3.731723,0.539229
g3934,g3934.mp3,12.904375,6,2,4.35839,5.414331,1.055941
g3934,g3934.mp3,12.904375,6,3,6.040113,7.056485,1.016372
g3934,g3934.mp3,12.904375,6,4,8.204603,9.238957,1.034354
g3934,g3934.mp3,12.904375,6,5,10.038594,11.054762,1.016168
g3935,g3935.mp3,7.3665,3,0,0.0,1.049161,1.049161
g3935,g3935.mp3,7.3665,3,1,3.347347,3.874263,0.526916
g3935,g3935.mp3,7.3665,3,2,4.566757,5.626281,1.059524
g3936,g3936.mp3,7.31425,3,0,0.0,1.026145,1.026145
g3936,g3936.mp3,7.31425,3,1,3.300091,3.806599,0.506508
g3936,g3936.mp3,7.31425,3,2,4.538367,5.558821,1.020454
g3937,g3937.mp3,7.471,3,0,0.0,1.025465,1.025465
g3937,g3937.mp3,7.471,3,1,3.15517,3.675805,0.520635
g3937,g3937.mp3,7.471,3,2,4.550385,5.573333,1.022948
g3938,g3938.mp3,7.079125,3,0,0.0,1.028844,1.028844
g3938,g3938.mp3,7.079125,3,1,2.978685,3.483492,0.504807
g3938,g3938.mp3,7.079125,3,2,4.235918,5.259524,1.023605
g3939,g3939.mp3,7.62775,3,0,0.0,1.028503,1.028503
g3939,g3939.mp3,7.62775,3,1,3.344127,3.869229,0.525102
g3939,g3939.mp3,7.62775,3,2,4.693764,5.742971,1.049206
g3940,g3940.mp3,7.235875,3,0,0.0,1.043968,1.043968
g3940,g3940.mp3,7.235875,3,1,3.030045,3.551723,0.521678
g3940,g3940.mp3,7.235875,3,2,4.370907,5.446689,1.075782
g3941,g3941.mp3,7.497125,3,0,0.0,1.053673,1.053673
g3941,g3941.mp3,7.497125,3,1,3.27288,3.7861,0.51322
g3941,g3941.mp3,7.497125,3,2,4.591451,5.622313,1.030862
g3942,g3942.mp3,7.471,3,0,0.0,1.060998,1.060998
g3942,g3942.mp3,7.471,3,1,3.276757,3.819388,0.54263
g3942,g3942.mp3,7.471,3,2,4.598685,5.635624,1.036939
g3943,g3943.mp3,7.68,3,0,0.0,1.048458,1.048458
g3943,g3943.mp3,7.68,3,1,3.341315,3.868503,0.527188
g3943,g3943.mp3,7.68,3,2,4.729841,5.773152,1.043311
g3944,g3944.mp3,7.732125,3,0,0.0,1.045125,1.045125
g3944,g3944.mp3,7.732125,3,1,3.263152,3.800136,0.536984
g3944,g3944.mp3,7.732125,3,2,4.697007,5.75712,1.060113
g3945,g3945.mp3,7.941125,3,0,0.0,1.049819,1.049819
g3945,g3945.mp3,7.941125,3,1,3.315805,3.827732,0.511927
g3945,g3945.mp3,7.941125,3,2,4.862744,5.908798,1.046054
g3946,g3946.mp3,8.097875,3,0,0.0,1.060272,1.060272
g3946,g3946.mp3,8.097875,3,1,3.420748,3.962313,0.541565
g3946,g3946.mp3,8.097875,3,2,5.003673,6.029161,1.025488
g3947,g3947.mp3,7.444875,3,0,0.0,1.045329,1.045329
g3947,g3947.mp3,7.444875,3,1,3.186531,3.71229,0.52576
g3947,g3947.mp3,7.444875,3,2,4.557778,5.584172,1.026395
g3948,g3948.mp3,8.4375,3,0,0.0,1.064376,1.064376
g3948,g3948.mp3,8.4375,3,1,3.327029,3.8622,0.53517
g3948,g3948.mp3,8.4375,3,2,5.114127,6.161383,1.047256
g3949,g3949.mp3,7.888875,3,0,0.0,1.038458,1.038458
g3949,g3949.mp3,7.888875,3,1,3.298254,3.830771,0.532517
g3949,g3949.mp3,7.888875,3,2,4.823175,5.836485,1.013311
g3950,g3950.mp3,7.96725,3,0,0.0,1.04415,1.04415
g3950,g3950.mp3,7.96725,3,1,3.012404,3.544966,0.532562
g3950,g3950.mp3,7.96725,3,2,4.719025,5.753741,1.034717
g3951,g3951.mp3,8.150125,4,0,0.0,1.041429,1.041429
g3951,g3951.mp3,8.150125,4,1,3.449184,3.999932,0.550748
g3951,g3951.mp3,8.150125,4,2,4.441088,4.579456,0.138367
g3951,g3951.mp3,8.150125,4,3,5.049546,6.107438,1.057891
g3952,g3952.mp3,7.497125,3,0,0.0,1.037143,1.037143
g3952,g3952.mp3,7.497125,3,1,3.330363,3.837574,0.507211
g3952,g3952.mp3,7.497125,3,2,4.609048,5.654444,1.045397
g3953,g3953.mp3,7.706,3,0,0.0,1.050816,1.050816
g3953,g3953.mp3,7.706,3,1,3.284059,3.806576,0.522517
g3953,g3953.mp3,7.706,3,2,4.721315,5.754218,1.032902
g3954,g3954.mp3,7.732125,3,0,0.0,1.049773,1.049773
g3954,g3954.mp3,7.732125,3,1,3.455034,3.989592,0.534558
g3954,g3954.mp3,7.732125,3,2,4.801293,5.865306,1.064014
g3955,g3955.mp3,8.463625,3,0,0.0,1.046984,1.046984
g3955,g3955.mp3,8.463625,3,1,3.466939,3.989887,0.522948
g3955,g3955.mp3,8.463625,3,2,5.126689,6.173492,1.046803
g3956,g3956.mp3,7.079125,3,0,0.0,1.035805,1.035805
g3956,g3956.mp3,7.079125,3,1,3.510181,4.017256,0.507075
g3956,g3956.mp3,7.079125,3,2,4.516485,5.551247,1.034762
g3957,g3957.mp3,7.053,3,0,0.0,1.040726,1.040726
g3957,g3957.mp3,7.053,3,1,3.367619,3.890385,0.522766
g3957,g3957.mp3,7.053,3,2,4.44288,5.465193,1.022313
g3958,g3958.mp3,6.89625,3,0,0.0,1.03839,1.03839
g3958,g3958.mp3,6.89625,3,1,3.256168,3.796916,0.540748
g3958,g3958.mp3,6.89625,3,2,4.329955,5.346621,1.016667
g3959,g3959.mp3,6.817875,3,0,0.0,1.032426,1.032426
g3959,g3959.mp3,6.817875,3,1,3.184195,3.700907,0.516712
g3959,g3959.mp3,6.817875,3,2,4.238753,5.264671,1.025918
g3960,g3960.mp3,6.9485,3,0,0.0,1.039025,1.039025
g3960,g3960.mp3,6.9485,3,1,3.018639,3.53458,0.515941
g3960,g3960.mp3,6.9485,3,2,4.179365,5.204558,1.025193
g3961,g3961.mp3,7.079125,3,0,0.0,1.038186,1.038186
g3961,g3961.mp3,7.079125,3,1,3.31449,3.835737,0.521247
g3961,g3961.mp3,7.079125,3,2,4.423855,5.450567,1.026712
g3962,g3962.mp3,6.844,3,0,0.0,1.031179,1.031179
g3962,g3962.mp3,6.844,3,1,3.187959,3.697687,0.509728
g3962,g3962.mp3,6.844,3,2,4.233764,5.255533,1.021769
g3963,g3963.mp3,7.131375,3,0,0.0,1.031383,1.031383
g3963,g3963.mp3,7.131375,3,1,3.277823,3.786417,0.508594
g3963,g3963.mp3,7.131375,3,2,4.482358,5.442086,0.959728
g3964,g3964.mp3,14.4195,6,0,0.0,1.043107,1.043107
g3964,g3964.mp3,14.4195,6,1,3.398617,4.010136,0.611519
g3964,g3964.mp3,14.4195,6,2,5.047075,6.108821,1.061746
g3964,g3964.mp3,14.4195,6,3,7.11288,8.17678,1.0639
g3964,g3964.mp3,14.4195,6,4,9.268685,10.296757,1.028073
g3964,g3964.mp3,14.4195,6,5,11.330862,12.394966,1.064104
g3965,g3965.mp3,7.52325,3,0,0.0,1.05458,1.05458
g3965,g3965.mp3,7.52325,3,1,3.562358,4.071474,0.509116
g3965,g3965.mp3,7.52325,3,2,4.755374,5.794671,1.039297
g3966,g3966.mp3,8.254625,3,0,0.0,1.026621,1.026621
g3966,g3966.mp3,8.254625,3,1,3.476916,4.016803,0.539887
g3966,g3966.mp3,8.254625,3,2,5.192222,6.138413,0.94619
g3967,g3967.mp3,7.86275,3,0,0.0,1.040113,1.040113
g3967,g3967.mp3,7.86275,3,1,3.380454,3.903333,0.52288
g3967,g3967.mp3,7.86275,3,2,4.923787,5.845193,0.921406
g3968,g3968.mp3,7.444875,3,0,0.0,1.04127,1.04127
g3968,g3968.mp3,7.444875,3,1,3.178186,3.710612,0.532426
g3968,g3968.mp3,7.444875,3,2,4.526259,5.586689,1.060431
g3969,g3969.mp3,8.045625,3,0,0.0,1.049977,1.049977
g3969,g3969.mp3,8.045625,3,1,3.430748,3.966893,0.536145
g3969,g3969.mp3,8.045625,3,2,4.952721,6.003492,1.050771
g3970,g3970.mp3,8.48975,3,0,0.0,1.05932,1.05932
g3970,g3970.mp3,8.48975,3,1,3.159546,3.674558,0.515011
g3970,g3970.mp3,8.48975,3,2,5.149478,6.067392,0.917914
g3971,g3971.mp3,7.706,3,0,0.0,1.061474,1.061474
g3971,g3971.mp3,7.706,3,1,3.389819,3.923946,0.534127
g3971,g3971.mp3,7.706,3,2,4.765896,5.795533,1.029637
g3972,g3972.mp3,7.444875,3,0,0.0,1.04263,1.04263
g3972,g3972.mp3,7.444875,3,1,3.402336,3.95483,0.552494
g3972,g3972.mp3,7.444875,3,2,4.694422,5.74542,1.050998
g3973,g3973.mp3,7.026875,3,0,0.0,1.04381,1.04381
g3973,g3973.mp3,7.026875,3,1,3.358367,3.902857,0.54449
g3973,g3973.mp3,7.026875,3,2,4.410726,5.458141,1.047415
g3974,g3974.mp3,7.5755,3,0,0.0,1.053039,1.053039
g3974,g3974.mp3,7.5755,3,1,3.525624,4.059841,0.534218
g3974,g3974.mp3,7.5755,3,2,4.761655,5.809592,1.047937
g3975,g3975.mp3,7.3665,3,0,0.0,1.04678,1.04678
g3975,g3975.mp3,7.3665,3,1,3.500612,4.044535,0.543923
g3975,g3975.mp3,7.3665,3,2,4.676984,5.709138,1.032154
g3976,g3976.mp3,7.10525,3,0,0.0,1.044966,1.044966
g3976,g3976.mp3,7.10525,3,1,3.600862,4.144762,0.5439
g3976,g3976.mp3,7.10525,3,2,4.582517,5.62263,1.040113
g3977,g3977.mp3,7.549375,3,0,0.0,1.041723,1.041723
g3977,g3977.mp3,7.549375,3,1,3.252381,3.775351,0.522971
g3977,g3977.mp3,7.549375,3,2,4.612517,5.645896,1.033379
g3978,g3978.mp3,7.00075,3,0,0.0,1.052925,1.052925
g3978,g3978.mp3,7.00075,3,1,3.161474,3.694376,0.532902
g3978,g3978.mp3,7.00075,3,2,4.278367,5.319342,1.040975
g3979,g3979.mp3,13.92325,6,0,0.0,1.0461,1.0461
g3979,g3979.mp3,13.92325,6,1,3.492404,4.030567,0.538163
g3979,g3979.mp3,13.92325,6,2,4.59034,5.610068,1.019728
g3979,g3979.mp3,13.92325,6,3,6.207732,7.249456,1.041723
g3979,g3979.mp3,13.92325,6,4,9.304354,10.350068,1.045714
g3979,g3979.mp3,13.92325,6,5,11.101882,12.148707,1.046825
g3980,g3980.mp3,7.444875,3,0,0.0,1.045147,1.045147
g3980,g3980.mp3,7.444875,3,1,3.064263,3.585805,0.521542
g3980,g3980.mp3,7.444875,3,2,4.478571,5.534104,1.055533
g3981,g3981.mp3,14.602375,6,0,0.0,1.03263,1.03263
g3981,g3981.mp3,14.602375,6,1,3.366531,3.902698,0.536168
g3981,g3981.mp3,14.602375,6,2,4.749478,5.784082,1.034603
g3981,g3981.mp3,14.602375,6,3,6.637959,7.688639,1.05068
g3981,g3981.mp3,14.602375,6,4,9.828299,10.875624,1.047324
g3981,g3981.mp3,14.602375,6,5,11.722744,12.758254,1.03551
g3982,g3982.mp3,6.870125,3,0,0.0,1.037528,1.037528
g3982,g3982.mp3,6.870125,3,1,3.322517,3.848209,0.525692
g3982,g3982.mp3,6.870125,3,2,4.323537,5.338367,1.01483
g3983,g3983.mp3,7.5755,3,0,0.0,1.050068,1.050068
g3983,g3983.mp3,7.5755,3,1,3.712585,4.260771,0.548186
g3983,g3983.mp3,7.5755,3,2,4.878209,5.904354,1.026145
g3984,g3984.mp3,7.079125,3,0,0.0,1.059274,1.059274
g3984,g3984.mp3,7.079125,3,1,3.583741,4.129252,0.54551
g3984,g3984.mp3,7.079125,3,2,4.568957,5.60839,1.039433
g3985,g3985.mp3,7.62775,3,0,0.0,1.053379,1.053379
g3985,g3985.mp3,7.62775,3,1,3.688435,4.209501,0.521066
g3985,g3985.mp3,7.62775,3,2,4.862336,5.910091,1.047755
g3986,g3986.mp3,8.17625,3,0,0.0,1.060884,1.060884
g3986,g3986.mp3,8.17625,3,1,3.646848,4.176304,0.529456
g3986,g3986.mp3,8.17625,3,2,5.144059,6.187687,1.043628
g3987,g3987.mp3,7.549375,3,0,0.0,1.043515,1.043515
g3987,g3987.mp3,7.549375,3,1,3.597891,4.135918,0.538027
g3987,g3987.mp3,7.549375,3,2,4.820385,5.845873,1.025488
g3988,g3988.mp3,7.62775,3,0,0.0,1.054739,1.054739
g3988,g3988.mp3,7.62775,3,1,3.413447,3.934966,0.521519
g3988,g3988.mp3,7.62775,3,2,4.742789,5.811111,1.068322
g3989,g3989.mp3,7.75825,3,0,0.0,1.044059,1.044059
g3989,g3989.mp3,7.75825,3,1,3.661791,4.204989,0.543197
g3989,g3989.mp3,7.75825,3,2,4.958821,6.013673,1.054853
g3990,g3990.mp3,7.62775,3,0,0.0,1.063855,1.063855
g3990,g3990.mp3,7.62775,3,1,3.334331,3.87771,0.543379
g3990,g3990.mp3,7.62775,3,2,4.685692,5.728844,1.043152
g3991,g3991.mp3,7.549375,3,0,0.0,1.045737,1.045737
g3991,g3991.mp3,7.549375,3,1,3.504218,4.014444,0.510227
g3991,g3991.mp3,7.549375,3,2,4.751859,5.77644,1.02458
g3992,g3992.mp3,6.9485,3,0,0.0,1.03381,1.03381
g3992,g3992.mp3,6.9485,3,1,3.375397,3.89263,0.517234
g3992,g3992.mp3,6.9485,3,2,4.359048,5.40678,1.047732
g3993,g3993.mp3,7.3665,3,0,0.0,1.02576,1.02576
g3993,g3993.mp3,7.3665,3,1,3.463288,3.984603,0.521315
g3993,g3993.mp3,7.3665,3,2,4.613605,5.659002,1.045397
g3994,g3994.mp3,7.471,3,0,0.0,1.039274,1.039274
g3994,g3994.mp3,7.471,3,1,3.405034,3.936916,0.531882
g3994,g3994.mp3,7.471,3,2,4.667574,5.712993,1.04542
g3995,g3995.mp3,7.888875,3,0,0.0,1.027392,1.027392
g3995,g3995.mp3,7.888875,3,1,3.421224,3.97102,0.549796
g3995,g3995.mp3,7.888875,3,2,4.891542,5.94619,1.054649
g3996,g3996.mp3,7.653875,3,0,0.0,1.063469,1.063469
g3996,g3996.mp3,7.653875,3,1,3.619773,4.179977,0.560204
g3996,g3996.mp3,7.653875,3,2,4.889002,5.926349,1.037347
g3997,g3997.mp3,7.5755,3,0,0.0,1.044059,1.044059
g3997,g3997.mp3,7.5755,3,1,3.491655,4.016463,0.524807
g3997,g3997.mp3,7.5755,3,2,4.765692,5.801474,1.035782
g3998,g3998.mp3,7.836625,3,0,0.0,1.033764,1.033764
g3998,g3998.mp3,7.836625,3,1,3.339002,3.854898,0.515896
g3998,g3998.mp3,7.836625,3,2,4.797052,5.858186,1.061134
g3999,g3999.mp3,7.836625,3,0,0.0,1.030408,1.030408
g3999,g3999.mp3,7.836625,3,1,3.487891,4.006054,0.518163
g3999,g3999.mp3,7.836625,3,2,4.886168,5.905261,1.019093
g4000,g4000.mp3,8.202375,3,0,0.0,1.039388,1.039388
g4000,g4000.mp3,8.202375,3,1,3.012766,3.527324,0.514558
g4000,g4000.mp3,8.202375,3,2,4.839252,5.886372,1.04712
g4001,g4001.mp3,7.653875,3,0,0.0,1.026281,1.026281
g4001,g4001.mp3,7.653875,3,1,3.047098,3.56288,0.515782
g4001,g4001.mp3,7.653875,3,2,4.59127,5.618957,1.027687
g4002,g4002.mp3,6.58275,3,0,0.0,1.044263,1.044263
g4002,g4002.mp3,6.58275,3,1,3.148753,3.666689,0.517937
g4002,g4002.mp3,6.58275,3,2,4.100091,5.119206,1.019116
g4003,g4003.mp3,8.411375,3,0,0.0,1.047256,1.047256
g4003,g4003.mp3,8.411375,3,1,3.026327,3.568413,0.542086
g4003,g4003.mp3,8.411375,3,2,4.954694,5.976463,1.021769
g4004,g4004.mp3,7.235875,3,0,0.0,1.030703,1.030703
g4004,g4004.mp3,7.235875,3,1,3.060816,3.606576,0.54576
g4004,g4004.mp3,7.235875,3,2,4.376349,5.399592,1.023243
g4005,g4005.mp3,7.444875,3,0,0.0,1.037982,1.037982
g4005,g4005.mp3,7.444875,3,1,3.068254,3.579252,0.510998
g4005,g4005.mp3,7.444875,3,2,4.482857,5.523401,1.040544
g4006,g4006.mp3,7.732125,3,0,0.0,1.05161,1.05161
g4006,g4006.mp3,7.732125,3,1,3.146848,3.665465,0.518617
g4006,g4006.mp3,7.732125,3,2,4.674717,5.717188,1.042472
g4007,g4007.mp3,6.269375,3,0,0.0,1.03542,1.03542
g4007,g4007.mp3,6.269375,3,1,2.962721,3.472426,0.509705
g4007,g4007.mp3,6.269375,3,2,3.849773,4.863401,1.013628
g4008,g4008.mp3,6.34775,3,0,0.0,1.047256,1.047256
g4008,g4008.mp3,6.34775,3,1,2.989025,3.506916,0.517891
g4008,g4008.mp3,6.34775,3,2,3.893356,4.939274,1.045918
g4009,g4009.mp3,7.00075,3,0,0.0,1.06907,1.06907
g4009,g4009.mp3,7.00075,3,1,3.199025,3.750181,0.551156
g4009,g4009.mp3,7.00075,3,2,4.352018,5.384422,1.032404
g4010,g4010.mp3,7.20975,3,0,0.0,1.031451,1.031451
g4010,g4010.mp3,7.20975,3,1,3.136463,3.653923,0.51746
g4010,g4010.mp3,7.20975,3,2,4.391451,5.417007,1.025556
g4011,g4011.mp3,6.817875,3,0,0.0,1.038254,1.038254
g4011,g4011.mp3,6.817875,3,1,3.280363,3.81483,0.534467
g4011,g4011.mp3,6.817875,3,2,4.265283,5.30229,1.037007
g4012,g4012.mp3,6.68725,3,0,0.0,1.042154,1.042154
g4012,g4012.mp3,6.68725,3,1,3.210227,3.720771,0.510544
g4012,g4012.mp3,6.68725,3,2,4.173401,5.201587,1.028186
g4013,g4013.mp3,7.31425,3,0,0.0,1.037891,1.037891
g4013,g4013.mp3,7.31425,3,1,3.332789,3.854989,0.5222
g4013,g4013.mp3,7.31425,3,2,4.524467,5.54839,1.023923
g4014,g4014.mp3,7.836625,3,0,0.0,1.059252,1.059252
g4014,g4014.mp3,7.836625,3,1,3.351905,3.888435,0.536531
g4014,g4014.mp3,7.836625,3,2,4.794989,5.855125,1.060136
g4015,g4015.mp3,7.8105,3,0,0.0,1.046916,1.046916
g4015,g4015.mp3,7.8105,3,1,3.211837,3.755261,0.543424
g4015,g4015.mp3,7.8105,3,2,4.39941,5.750068,1.350658
g4016,g4016.mp3,7.340375,3,0,0.0,1.048753,1.048753
g4016,g4016.mp3,7.340375,3,1,3.254376,3.780522,0.526145
g4016,g4016.mp3,7.340375,3,2,4.515782,5.563968,1.048186
g4017,g4017.mp3,7.5755,3,0,0.0,1.058231,1.058231
g4017,g4017.mp3,7.5755,3,1,3.413469,3.941587,0.528118
g4017,g4017.mp3,7.5755,3,2,4.695918,5.753764,1.057846
g4018,g4018.mp3,7.706,3,0,0.0,1.051837,1.051837
g4018,g4018.mp3,7.706,3,1,3.388118,3.916054,0.527937
g4018,g4018.mp3,7.706,3,2,4.800091,5.836667,1.036576
g4019,g4019.mp3,7.1575,3,0,0.0,1.054036,1.054036
g4019,g4019.mp3,7.1575,3,1,3.200794,3.71102,0.510227
g4019,g4019.mp3,7.1575,3,2,4.405782,5.436009,1.030227
g4020,g4020.mp3,7.86275,3,0,0.0,1.040045,1.040045
g4020,g4020.mp3,7.86275,3,1,2.985147,3.50093,0.515782
g4020,g4020.mp3,7.86275,3,2,4.651837,5.683401,1.031565
g4021,g4021.mp3,8.0195,3,0,0.0,1.050612,1.050612
g4021,g4021.mp3,8.0195,3,1,3.359184,3.892245,0.533061
g4021,g4021.mp3,8.0195,3,2,4.978413,6.003469,1.025057
g4022,g4022.mp3,9.854,4,0,0.0,1.141859,1.141859
g4022,g4022.mp3,9.854,4,1,2.415828,2.896916,0.481088
g4022,g4022.mp3,9.854,4,2,4.371927,5.435737,1.06381
g4022,g4022.mp3,9.854,4,3,6.823628,7.999728,1.1761
g4023,g4023.mp3,7.497125,3,0,0.0,1.045442,1.045442
g4023,g4023.mp3,7.497125,3,1,3.372132,3.923878,0.551746
g4023,g4023.mp3,7.497125,3,2,4.66932,5.71712,1.0478
g4024,g4024.mp3,7.836625,3,0,0.0,1.059728,1.059728
g4024,g4024.mp3,7.836625,3,1,3.390839,3.909161,0.518322
g4024,g4024.mp3,7.836625,3,2,4.851134,5.872063,1.02093
g4025,g4025.mp3,7.75825,3,0,0.0,1.029864,1.029864
g4025,g4025.mp3,7.75825,3,1,3.271814,3.808776,0.536961
g4025,g4025.mp3,7.75825,3,2,4.711678,5.776916,1.065238
g4026,g4026.mp3,7.5755,3,0,0.0,1.034807,1.034807
g4026,g4026.mp3,7.5755,3,1,3.398458,3.935147,0.536689
g4026,g4026.mp3,7.5755,3,2,4.686395,5.714376,1.027982
g4027,g4027.mp3,7.8105,3,0,0.0,1.037982,1.037982
g4027,g4027.mp3,7.8105,3,1,3.286871,3.808277,0.521406
g4027,g4027.mp3,7.8105,3,2,4.794898,5.824467,1.029569
g4028,g4028.mp3,7.471,3,0,0.0,1.05517,1.05517
g4028,g4028.mp3,7.471,3,1,3.114898,3.661497,0.546599
g4028,g4028.mp3,7.471,3,2,4.540113,5.580884,1.040771
g4029,g4029.mp3,7.340375,3,0,0.0,1.042857,1.042857
g4029,g4029.mp3,7.340375,3,1,3.240295,3.748254,0.507959
g4029,g4029.mp3,7.340375,3,2,4.518413,5.535556,1.017143
g4030,g4030.mp3,7.732125,3,0,0.0,1.035011,1.035011
g4030,g4030.mp3,7.732125,3,1,3.029773,3.537256,0.507483
g4030,g4030.mp3,7.732125,3,2,4.57771,5.609161,1.031451
g4031,g4031.mp3,8.359125,3,0,0.0,1.087211,1.087211
g4031,g4031.mp3,8.359125,3,1,3.570136,4.098753,0.528617
g4031,g4031.mp3,8.359125,3,2,5.187143,6.210113,1.022971
g4032,g4032.mp3,7.653875,3,0,0.0,1.042336,1.042336
g4032,g4032.mp3,7.653875,3,1,3.43517,3.958118,0.522948
g4032,g4032.mp3,7.653875,3,2,4.750975,5.7761,1.025125
g4033,g4033.mp3,7.96725,3,0,0.0,1.0422,1.0422
g4033,g4033.mp3,7.96725,3,1,3.456009,4.014717,0.558707
g4033,g4033.mp3,7.96725,3,2,4.945442,5.994399,1.048957
g4034,g4034.mp3,7.497125,3,0,0.0,1.05907,1.05907
g4034,g4034.mp3,7.497125,3,1,3.362653,3.860363,0.49771
g4034,g4034.mp3,7.497125,3,2,4.609184,5.640499,1.031315
g4035,g4035.mp3,6.703375,3,0,0.0,1.058594,1.058594
g4035,g4035.mp3,6.703375,3,1,3.469615,3.965714,0.4961
g4035,g4035.mp3,6.703375,3,2,4.791383,5.831927,1.040544
g4036,g4036.mp3,8.124,3,0,0.0,1.059751,1.059751
g4036,g4036.mp3,8.124,3,1,3.696145,4.214308,0.518163
g4036,g4036.mp3,8.124,3,2,5.119138,6.181383,1.062245
g4037,g4037.mp3,7.340375,3,0,0.0,1.048821,1.048821
g4037,g4037.mp3,7.340375,3,1,3.315125,3.856168,0.541043
g4037,g4037.mp3,7.340375,3,2,4.544694,5.606009,1.061315
g4038,g4038.mp3,7.026875,3,0,0.0,1.046485,1.046485
g4038,g4038.mp3,7.026875,3,1,3.170363,3.703084,0.532721
g4038,g4038.mp3,7.026875,3,2,4.322472,5.372449,1.049977
g4039,g4039.mp3,7.915,3,0,0.0,1.052063,1.052063
g4039,g4039.mp3,7.915,3,1,3.372177,3.91195,0.539773
g4039,g4039.mp3,7.915,3,2,4.841655,5.905578,1.063923
g4040,g4040.mp3,7.732125,3,0,0.0,1.042676,1.042676
g4040,g4040.mp3,7.732125,3,1,3.179637,3.708481,0.528844
g4040,g4040.mp3,7.732125,3,2,4.654649,5.692608,1.037959
g4041,g4041.mp3,8.0195,3,0,0.0,1.038231,1.038231
g4041,g4041.mp3,8.0195,3,1,3.329751,3.832449,0.502698
g4041,g4041.mp3,8.0195,3,2,4.867959,5.904376,1.036417
g4042,g4042.mp3,7.653875,3,0,0.0,1.043288,1.043288
g4042,g4042.mp3,7.653875,3,1,3.389456,3.993719,0.604263
g4042,g4042.mp3,7.653875,3,2,4.778209,5.83424,1.056032
g4043,g4043.mp3,7.836625,3,0,0.0,1.056553,1.056553
g4043,g4043.mp3,7.836625,3,1,3.399705,3.941247,0.541542
g4043,g4043.mp3,7.836625,3,2,4.844558,5.884717,1.040159
g4044,g4044.mp3,7.784375,3,0,0.0,1.055737,1.055737
g4044,g4044.mp3,7.784375,3,1,3.474966,4.034853,0.559887
g4044,g4044.mp3,7.784375,3,2,4.802744,5.84576,1.043016
g4045,g4045.mp3,7.549375,3,0,0.0,1.034195,1.034195
g4045,g4045.mp3,7.549375,3,1,3.444172,3.970068,0.525896
g4045,g4045.mp3,7.549375,3,2,4.711156,5.7361,1.024943
g4046,g4046.mp3,8.17625,3,0,0.0,1.057211,1.057211
g4046,g4046.mp3,8.17625,3,1,3.623401,4.171451,0.54805
g4046,g4046.mp3,8.17625,3,2,5.107732,6.160068,1.052336
g4047,g4047.mp3,8.202375,3,0,0.0,1.044671,1.044671
g4047,g4047.mp3,8.202375,3,1,3.405442,3.9339,0.528458
g4047,g4047.mp3,8.202375,3,2,5.04288,6.071837,1.028957
g4048,g4048.mp3,7.8105,3,0,0.0,1.049161,1.049161
g4048,g4048.mp3,7.8105,3,1,3.279342,3.831134,0.551791
g4048,g4048.mp3,7.8105,3,2,4.758186,5.817075,1.058889
g4049,g4049.mp3,7.549375,3,0,0.0,1.071814,1.071814
g4049,g4049.mp3,7.549375,3,1,3.321111,3.863764,0.542653
g4049,g4049.mp3,7.549375,3,2,4.631338,5.693311,1.061973
g4050,g4050.mp3,7.3665,3,0,0.0,1.048934,1.048934
g4050,g4050.mp3,7.3665,3,1,3.13619,3.708027,0.571837
g4050,g4050.mp3,7.3665,3,2,4.494739,5.530181,1.035442
g4051,g4051.mp3,7.262,3,0,0.0,1.036077,1.036077
g4051,g4051.mp3,7.262,3,1,3.267052,3.783175,0.516122
g4051,g4051.mp3,7.262,3,2,4.469184,5.492517,1.023333
g4052,g4052.mp3,7.392625,3,0,0.0,1.02771,1.02771
g4052,g4052.mp3,7.392625,3,1,3.357347,3.866576,0.509229
g4052,g4052.mp3,7.392625,3,2,4.583923,5.604082,1.020159
g4053,g4053.mp3,7.62775,3,0,0.0,1.038844,1.038844
g4053,g4053.mp3,7.62775,3,1,3.303379,3.81288,0.509501
g4053,g4053.mp3,7.62775,3,2,4.676417,5.691542,1.015125
g4054,g4054.mp3,13.71425,6,0,0.0,1.042494,1.042494
g4054,g4054.mp3,13.71425,6,1,3.467324,3.98542,0.518095
g4054,g4054.mp3,13.71425,6,2,4.877392,5.898571,1.021179
g4054,g4054.mp3,13.71425,6,3,6.791111,7.813492,1.022381
g4054,g4054.mp3,13.71425,6,4,8.929546,9.946961,1.017415
g4054,g4054.mp3,13.71425,6,5,10.807982,11.823107,1.015125
g4055,g4055.mp3,14.550125,6,0,0.0,1.04229,1.04229
g4055,g4055.mp3,14.550125,6,1,3.678345,4.197574,0.519229
g4055,g4055.mp3,14.550125,6,2,5.353605,6.372517,1.018912
g4055,g4055.mp3,14.550125,6,3,7.533424,8.589297,1.055873
g4055,g4055.mp3,14.550125,6,4,9.652358,10.714354,1.061995
g4055,g4055.mp3,14.550125,6,5,11.582925,12.615646,1.032721
g4056,g4056.mp3,8.724875,3,0,0.0,1.04161,1.04161
g4056,g4056.mp3,8.724875,3,1,3.667528,4.199728,0.5322
g4056,g4056.mp3,8.724875,3,2,5.388617,6.436735,1.048118
g4057,g4057.mp3,7.68,3,0,0.0,1.038231,1.038231
g4057,g4057.mp3,7.68,3,1,3.444875,3.956417,0.511542
g4057,g4057.mp3,7.68,3,2,4.785374,5.811474,1.0261
g4058,g4058.mp3,7.653875,3,0,0.0,1.048889,1.048889
g4058,g4058.mp3,7.653875,3,1,3.294739,3.814104,0.519365
g4058,g4058.mp3,7.653875,3,2,4.667642,5.707052,1.03941
g4059,g4059.mp3,7.549375,3,0,0.0,1.044853,1.044853
g4059,g4059.mp3,7.549375,3,1,3.40551,3.912109,0.506599
g4059,g4059.mp3,7.549375,3,2,4.66229,5.718186,1.055896
g4060,g4060.mp3,7.549375,3,0,0.0,1.033175,1.033175
g4060,g4060.mp3,7.549375,3,1,3.304989,3.811746,0.506757
g4060,g4060.mp3,7.549375,3,2,4.637143,5.65254,1.015397
g4061,g4061.mp3,7.888875,3,0,0.0,1.04839,1.04839
g4061,g4061.mp3,7.888875,3,1,3.581179,4.142494,0.561315
g4061,g4061.mp3,7.888875,3,2,4.961043,5.996893,1.03585
g4062,g4062.mp3,7.52325,3,0,0.0,1.031338,1.031338
g4062,g4062.mp3,7.52325,3,1,3.397324,3.911769,0.514444
g4062,g4062.mp3,7.52325,3,2,4.652449,5.668254,1.015805
g4063,g4063.mp3,14.497875,6,0,0.0,1.041179,1.041179
g4063,g4063.mp3,14.497875,6,1,3.452653,3.979683,0.527029
g4063,g4063.mp3,14.497875,6,2,4.7761,5.803968,1.027868
g4063,g4063.mp3,14.497875,6,3,6.638435,7.682132,1.043696
g4063,g4063.mp3,14.497875,6,4,9.715397,10.769909,1.054512
g4063,g4063.mp3,14.497875,6,5,11.558957,12.601179,1.042222
g4064,g4064.mp3,7.706,3,0,0.0,1.037778,1.037778
g4064,g4064.mp3,7.706,3,1,3.571814,4.108231,0.536417
g4064,g4064.mp3,7.706,3,2,4.874671,5.901315,1.026644
g4065,g4065.mp3,8.2285,3,0,0.0,1.045261,1.045261
g4065,g4065.mp3,8.2285,3,1,3.59102,4.14195,0.55093
g4065,g4065.mp3,8.2285,3,2,5.095873,6.148299,1.052426
g4066,g4066.mp3,8.542,3,0,0.0,1.046644,1.046644
g4066,g4066.mp3,8.542,3,1,3.8839,4.397937,0.514036
g4066,g4066.mp3,8.542,3,2,5.40449,6.420907,1.016417
g4067,g4067.mp3,7.706,3,0,0.0,1.039025,1.039025
g4067,g4067.mp3,7.706,3,1,3.725034,4.236757,0.511723
g4067,g4067.mp3,7.706,3,2,4.922925,5.938458,1.015533
g4068,g4068.mp3,7.993375,3,0,0.0,1.044172,1.044172
g4068,g4068.mp3,7.993375,3,1,3.228889,3.760862,0.531973
g4068,g4068.mp3,7.993375,3,2,4.816508,5.849206,1.032698
g4069,g4069.mp3,7.5755,3,0,0.0,1.025714,1.025714
g4069,g4069.mp3,7.5755,3,1,3.263129,3.779615,0.516485
g4069,g4069.mp3,7.5755,3,2,4.619297,5.641633,1.022336
g4070,g4070.mp3,6.79175,3,0,0.0,1.030295,1.030295
g4070,g4070.mp3,6.79175,3,1,3.143696,3.645442,0.501746
g4070,g4070.mp3,6.79175,3,2,4.190703,5.204875,1.014172
g4071,g4071.mp3,7.732125,3,0,0.0,1.042154,1.042154
g4071,g4071.mp3,7.732125,3,1,3.493175,4.02542,0.532245
g4071,g4071.mp3,7.732125,3,2,4.80805,5.856032,1.047982
g4072,g4072.mp3,14.236625,6,0,0.0,1.028027,1.028027
g4072,g4072.mp3,14.236625,6,1,3.5178,4.037982,0.520181
g4072,g4072.mp3,14.236625,6,2,4.606259,5.651361,1.045102
g4072,g4072.mp3,14.236625,6,3,6.260703,7.28644,1.025737
g4072,g4072.mp3,14.236625,6,4,9.587846,10.620544,1.032698
g4072,g4072.mp3,14.236625,6,5,11.382517,12.39127,1.008753
g4073,g4073.mp3,7.131375,3,0,0.0,1.030952,1.030952
g4073,g4073.mp3,7.131375,3,1,3.671859,4.184467,0.512608
g4073,g4073.mp3,7.131375,3,2,4.621497,5.638005,1.016508
g4074,g4074.mp3,7.549375,3,0,0.0,1.037982,1.037982
g4074,g4074.mp3,7.549375,3,1,3.544558,4.076644,0.532086
g4074,g4074.mp3,7.549375,3,2,4.787937,5.798027,1.010091
g4075,g4075.mp3,8.124,3,0,0.0,1.035646,1.035646
g4075,g4075.mp3,8.124,3,1,3.742336,4.245057,0.502721
g4075,g4075.mp3,8.124,3,2,5.153401,6.186032,1.03263
g4076,g4076.mp3,7.235875,3,0,0.0,1.053129,1.053129
g4076,g4076.mp3,7.235875,3,1,3.588776,4.113923,0.525147
g4076,g4076.mp3,7.235875,3,2,4.642177,5.698594,1.056417
g4077,g4077.mp3,7.288125,3,0,0.0,1.031519,1.031519
g4077,g4077.mp3,7.288125,3,1,3.563107,4.079773,0.516667
g4077,g4077.mp3,7.288125,3,2,4.60932,5.641655,1.032336
g4078,g4078.mp3,7.183625,3,0,0.0,1.038662,1.038662
g4078,g4078.mp3,7.183625,3,1,3.466054,3.979637,0.513583
g4078,g4078.mp3,7.183625,3,2,4.544195,5.562993,1.018798
g4079,g4079.mp3,7.75825,3,0,0.0,1.036304,1.036304
g4079,g4079.mp3,7.75825,3,1,3.630113,4.155374,0.525261
g4079,g4079.mp3,7.75825,3,2,4.885601,5.908299,1.022698
g4080,g4080.mp3,7.444875,3,0,0.0,1.02805,1.02805
g4080,g4080.mp3,7.444875,3,1,3.178141,3.702562,0.524422
g4080,g4080.mp3,7.444875,3,2,4.522744,5.551338,1.028594
g4081,g4081.mp3,7.52325,3,0,0.0,1.037506,1.037506
g4081,g4081.mp3,7.52325,3,1,3.51907,4.031293,0.512222
g4081,g4081.mp3,7.52325,3,2,4.754739,5.768662,1.013923
g4082,g4082.mp3,6.9485,3,0,0.0,1.031633,1.031633
g4082,g4082.mp3,6.9485,3,1,3.471814,4.011066,0.539252
g4082,g4082.mp3,6.9485,3,2,4.419229,5.468231,1.049002
g4083,g4083.mp3,7.3665,3,0,0.0,1.033764,1.033764
g4083,g4083.mp3,7.3665,3,1,3.405896,3.912358,0.506463
g4083,g4083.mp3,7.3665,3,2,4.586349,5.611338,1.024989
g4084,g4084.mp3,7.235875,3,0,0.0,1.044921,1.044921
g4084,g4084.mp3,7.235875,3,1,3.467302,3.973673,0.506372
g4084,g4084.mp3,7.235875,3,2,4.549048,5.574399,1.025351
g4085,g4085.mp3,7.183625,3,0,0.0,1.037347,1.037347
g4085,g4085.mp3,7.183625,3,1,3.507914,4.042517,0.534603
g4085,g4085.mp3,7.183625,3,2,4.603175,5.624286,1.021111
g4086,g4086.mp3,8.254625,3,0,0.0,1.031361,1.031361
g4086,g4086.mp3,8.254625,3,1,3.527302,4.069161,0.541859
g4086,g4086.mp3,8.254625,3,2,5.123107,6.157755,1.034649
g4087,g4087.mp3,7.444875,3,0,0.0,1.04034,1.04034
g4087,g4087.mp3,7.444875,3,1,3.440431,3.96229,0.521859
g4087,g4087.mp3,7.444875,3,2,4.658209,5.687664,1.029456
g4088,g4088.mp3,7.00075,3,0,0.0,1.039138,1.039138
g4088,g4088.mp3,7.00075,3,1,3.186077,3.698231,0.512154
g4088,g4088.mp3,7.00075,3,2,4.299751,5.323061,1.023311
g4089,g4089.mp3,7.68,3,0,0.0,1.035601,1.035601
g4089,g4089.mp3,7.68,3,1,3.500249,4.035918,0.535669
g4089,g4089.mp3,7.68,3,2,4.825034,5.878821,1.053787
g4090,g4090.mp3,7.288125,3,0,0.0,1.035873,1.035873
g4090,g4090.mp3,7.288125,3,1,3.150045,3.669592,0.519546
g4090,g4090.mp3,7.288125,3,2,4.44415,5.466281,1.022132
g4091,g4091.mp3,7.601625,3,0,0.0,1.033356,1.033356
g4091,g4091.mp3,7.601625,3,1,3.496327,4.009864,0.513537
g4091,g4091.mp3,7.601625,3,2,4.766599,5.781678,1.015079
g4092,g4092.mp3,12.721625,6,0,0.0,1.042177,1.042177
g4092,g4092.mp3,12.721625,6,1,3.40458,3.9422,0.537619
g4092,g4092.mp3,12.721625,6,2,4.557574,5.593401,1.035828
g4092,g4092.mp3,12.721625,6,3,6.216236,7.267755,1.051519
g4092,g4092.mp3,12.721625,6,4,8.265215,9.305941,1.040726
g4092,g4092.mp3,12.721625,6,5,9.977438,11.023107,1.045669
g4093,g4093.mp3,14.78525,6,0,0.0,1.036213,1.036213
g4093,g4093.mp3,14.78525,6,1,3.670748,4.192925,0.522177
g4093,g4093.mp3,14.78525,6,2,5.043991,6.088277,1.044286
g4093,g4093.mp3,14.78525,6,3,6.999456,8.03102,1.031565
g4093,g4093.mp3,14.78525,6,4,10.053764,11.088186,1.034422
g4093,g4093.mp3,14.78525,6,5,11.934671,12.959229,1.024558
g4094,g4094.mp3,7.471,3,0,0.0,1.042063,1.042063
g4094,g4094.mp3,7.471,3,1,3.640431,4.163855,0.523424
g4094,g4094.mp3,7.471,3,2,4.783832,5.80907,1.025238
g4095,g4095.mp3,7.183625,3,0,0.0,1.042358,1.042358
g4095,g4095.mp3,7.183625,3,1,3.771088,4.31288,0.541791
g4095,g4095.mp3,7.183625,3,2,4.695034,5.728413,1.033379
g4096,g4096.mp3,7.706,3,0,0.0,1.037846,1.037846
g4096,g4096.mp3,7.706,3,1,3.674104,4.218844,0.544739
g4096,g4096.mp3,7.706,3,2,4.92941,5.989116,1.059705
g4097,g4097.mp3,7.471,3,0,0.0,1.041224,1.041224
g4097,g4097.mp3,7.471,3,1,3.472721,3.979615,0.506893
g4097,g4097.mp3,7.471,3,2,4.662971,5.70449,1.041519
g4098,g4098.mp3,6.844,3,0,0.0,1.036259,1.036259
g4098,g4098.mp3,6.844,3,1,3.389297,3.902381,0.513084
g4098,g4098.mp3,6.844,3,2,4.332948,5.36737,1.034422
g4099,g4099.mp3,14.942,6,0,0.0,1.057937,1.057937
g4099,g4099.mp3,14.942,6,1,3.58576,4.145556,0.559796
g4099,g4099.mp3,14.942,6,2,4.913515,5.962789,1.049274
g4099,g4099.mp3,14.942,6,3,6.6778,7.736689,1.058889
g4099,g4099.mp3,14.942,6,4,9.990091,11.038299,1.048209
g4099,g4099.mp3,14.942,6,5,11.908844,12.974739,1.065896
g4100,g4100.mp3,7.20975,3,0,0.0,1.047483,1.047483
g4100,g4100.mp3,7.20975,3,1,3.307211,3.848345,0.541134
g4100,g4100.mp3,7.20975,3,2,4.48381,5.527846,1.044036
g4101,g4101.mp3,7.601625,3,0,0.0,1.054331,1.054331
g4101,g4101.mp3,7.601625,3,1,3.264785,3.779365,0.51458
g4101,g4101.mp3,7.601625,3,2,4.680045,5.706032,1.025986
g4102,g4102.mp3,6.974625,3,0,0.0,1.038776,1.038776
g4102,g4102.mp3,6.974625,3,1,3.236349,3.739705,0.503356
g4102,g4102.mp3,6.974625,3,2,4.339524,5.357256,1.017732
g4103,g4103.mp3,7.392625,3,0,0.0,1.042721,1.042721
g4103,g4103.mp3,7.392625,3,1,3.272562,3.797143,0.52458
g4103,g4103.mp3,7.392625,3,2,4.568503,5.597574,1.02907
g4104,g4104.mp3,7.026875,3,0,0.0,1.045692,1.045692
g4104,g4104.mp3,7.026875,3,1,3.216689,3.749388,0.532698
g4104,g4104.mp3,7.026875,3,2,4.344603,5.36195,1.017347
g4105,g4105.mp3,7.079125,3,0,0.0,1.039388,1.039388
g4105,g4105.mp3,7.079125,3,1,3.286349,3.80873,0.522381
g4105,g4105.mp3,7.079125,3,2,4.410907,5.455692,1.044785
g4106,g4106.mp3,6.765625,3,0,0.0,1.028141,1.028141
g4106,g4106.mp3,6.765625,3,1,3.195283,3.70746,0.512177
g4106,g4106.mp3,6.765625,3,2,4.199796,5.228277,1.028481
g4107,g4107.mp3,13.9755,6,0,0.0,1.041587,1.041587
g4107,g4107.mp3,13.9755,6,1,3.132449,3.654218,0.521769
g4107,g4107.mp3,13.9755,6,2,4.462132,5.50229,1.040159
g4107,g4107.mp3,13.9755,6,3,6.341814,7.361995,1.020181
g4107,g4107.mp3,13.9755,6,4,9.476259,10.509138,1.03288
g4107,g4107.mp3,13.9755,6,5,11.223401,12.246803,1.023401
g4108,g4108.mp3,7.026875,3,0,0.0,1.034399,1.034399
g4108,g4108.mp3,7.026875,3,1,2.904762,3.432109,0.527347
g4108,g4108.mp3,7.026875,3,2,4.169093,5.196803,1.02771
g4109,g4109.mp3,6.870125,3,0,0.0,1.030068,1.030068
g4109,g4109.mp3,6.870125,3,1,3.155306,3.675692,0.520385
g4109,g4109.mp3,6.870125,3,2,4.24381,5.272971,1.029161
g4110,g4110.mp3,6.817875,3,0,0.0,1.032721,1.032721
g4110,g4110.mp3,6.817875,3,1,3.107052,3.6161,0.509048
g4110,g4110.mp3,6.817875,3,2,4.176893,5.19805,1.021156
g4111,g4111.mp3,6.608875,3,0,0.0,1.030476,1.030476
g4111,g4111.mp3,6.608875,3,1,2.978413,3.504512,0.5261
g4111,g4111.mp3,6.608875,3,2,4.010907,5.048866,1.037959
g4112,g4112.mp3,7.1575,3,0,0.0,1.026825,1.026825
g4112,g4112.mp3,7.1575,3,1,3.089478,3.594535,0.505057
g4112,g4112.mp3,7.1575,3,2,4.373696,5.394558,1.020862
g4113,g4113.mp3,7.053,3,0,0.0,1.036281,1.036281
g4113,g4113.mp3,7.053,3,1,3.194172,3.727846,0.533673
g4113,g4113.mp3,7.053,3,2,4.356553,5.382132,1.025578
g4114,g4114.mp3,7.262,3,0,0.0,1.035193,1.035193
g4114,g4114.mp3,7.262,3,1,3.211497,3.751179,0.539683
g4114,g4114.mp3,7.262,3,2,4.454717,5.5,1.045283
g4115,g4115.mp3,7.053,3,0,0.0,1.060023,1.060023
g4115,g4115.mp3,7.053,3,1,3.273741,3.811315,0.537574
g4115,g4115.mp3,7.053,3,2,4.416009,5.442404,1.026395
g4116,g4116.mp3,7.235875,3,0,0.0,1.052313,1.052313
g4116,g4116.mp3,7.235875,3,1,3.321497,3.838707,0.517211
g4116,g4116.mp3,7.235875,3,2,4.519546,5.539841,1.020295
g4117,g4117.mp3,6.661125,3,0,0.0,1.040159,1.040159
g4117,g4117.mp3,6.661125,3,1,3.240045,3.758844,0.518798
g4117,g4117.mp3,6.661125,3,2,4.193878,5.221043,1.027166
g4118,g4118.mp3,7.079125,3,0,0.0,1.035306,1.035306
g4118,g4118.mp3,7.079125,3,1,3.028753,3.552063,0.523311
g4118,g4118.mp3,7.079125,3,2,4.278413,5.306009,1.027596
g4119,g4119.mp3,6.713375,3,0,0.0,1.038163,1.038163
g4119,g4119.mp3,6.713375,3,1,3.156372,3.67644,0.520068
g4119,g4119.mp3,6.713375,3,2,4.161043,5.179501,1.018458
g4120,g4120.mp3,6.452125,3,0,0.0,1.031905,1.031905
g4120,g4120.mp3,6.452125,3,1,2.884943,3.394671,0.509728
g4120,g4120.mp3,6.452125,3,2,3.86517,4.913333,1.048163
g4121,g4121.mp3,7.288125,3,0,0.0,1.049093,1.049093
g4121,g4121.mp3,7.288125,3,1,3.129637,3.635737,0.5061
g4121,g4121.mp3,7.288125,3,2,4.420068,5.438776,1.018707
g4122,g4122.mp3,7.471,3,0,0.0,1.036893,1.036893
g4122,g4122.mp3,7.471,3,1,3.07941,3.599116,0.519705
g4122,g4122.mp3,7.471,3,2,4.517596,5.54966,1.032063
g4123,g4123.mp3,7.653875,3,0,0.0,1.034739,1.034739
g4123,g4123.mp3,7.653875,3,1,3.06576,3.604989,0.539229
g4123,g4123.mp3,7.653875,3,2,4.601361,5.623265,1.021905
g4124,g4124.mp3,7.444875,3,0,0.0,1.029546,1.029546
g4124,g4124.mp3,7.444875,3,1,3.066621,3.570567,0.503946
g4124,g4124.mp3,7.444875,3,2,4.459025,5.486259,1.027234
g4125,g4125.mp3,7.183625,3,0,0.0,1.031882,1.031882
g4125,g4125.mp3,7.183625,3,1,3.278209,3.786576,0.508367
g4125,g4125.mp3,7.183625,3,2,4.449637,5.471655,1.022018
g4126,g4126.mp3,6.5305,3,0,0.0,1.036009,1.036009
g4126,g4126.mp3,6.5305,3,1,3.097415,3.609819,0.512404
g4126,g4126.mp3,6.5305,3,2,4.023311,5.039206,1.015896
g4127,g4127.mp3,6.870125,3,0,0.0,1.051451,1.051451
g4127,g4127.mp3,6.870125,3,1,3.108753,3.623356,0.514603
g4127,g4127.mp3,6.870125,3,2,4.171859,5.204807,1.032948
g4128,g4128.mp3,7.00075,3,0,0.0,1.038639,1.038639
g4128,g4128.mp3,7.00075,3,1,2.902585,3.409342,0.506757
g4128,g4128.mp3,7.00075,3,2,4.167007,5.186871,1.019864
g4129,g4129.mp3,7.053,3,0,0.0,1.038209,1.038209
g4129,g4129.mp3,7.053,3,1,3.182222,3.696349,0.514127
g4129,g4129.mp3,7.053,3,2,4.33161,5.342177,1.010567
g4130,g4130.mp3,6.5305,3,0,0.0,1.03644,1.03644
g4130,g4130.mp3,6.5305,3,1,2.887551,3.404059,0.516508
g4130,g4130.mp3,6.5305,3,2,3.933265,4.948118,1.014853
g4131,g4131.mp3,6.922375,3,0,0.0,1.032063,1.032063
g4131,g4131.mp3,6.922375,3,1,2.901338,3.428027,0.526689
g4131,g4131.mp3,6.922375,3,2,4.169819,5.202721,1.032902
g4132,g4132.mp3,12.904375,6,0,0.0,1.079751,1.079751
g4132,g4132.mp3,12.904375,6,1,3.229138,3.777982,0.548844
g4132,g4132.mp3,12.904375,6,2,4.473039,5.520907,1.047868
g4132,g4132.mp3,12.904375,6,3,6.192063,7.233832,1.041769
g4132,g4132.mp3,12.904375,6,4,8.297166,9.329909,1.032744
g4132,g4132.mp3,12.904375,6,5,10.073787,11.109909,1.036122
g4133,g4133.mp3,6.89625,3,0,0.0,1.047029,1.047029
g4133,g4133.mp3,6.89625,3,1,3.23195,3.765624,0.533673
g4133,g4133.mp3,6.89625,3,2,4.297188,5.327098,1.029909
g4134,g4134.mp3,7.053,3,0,0.0,1.035465,1.035465
g4134,g4134.mp3,7.053,3,1,2.978639,3.504104,0.525465
g4134,g4134.mp3,7.053,3,2,4.234626,5.286553,1.051927
g4135,g4135.mp3,7.8105,3,0,0.0,1.027528,1.027528
g4135,g4135.mp3,7.8105,3,1,3.107619,3.637574,0.529955
g4135,g4135.mp3,7.8105,3,2,4.682834,5.689796,1.006961
g4136,g4136.mp3,7.96725,3,0,0.0,1.056984,1.056984
g4136,g4136.mp3,7.96725,3,1,3.421859,3.944014,0.522154
g4136,g4136.mp3,7.96725,3,2,4.899002,5.93458,1.035578
g4137,g4137.mp3,7.10525,3,0,0.0,1.035873,1.035873
g4137,g4137.mp3,7.10525,3,1,3.116644,3.616735,0.500091
g4137,g4137.mp3,7.10525,3,2,4.313356,5.323673,1.010317
g4138,g4138.mp3,6.89625,3,0,0.0,1.059206,1.059206
g4138,g4138.mp3,6.89625,3,1,3.057778,3.574717,0.516939
g4138,g4138.mp3,6.89625,3,2,4.162268,5.199002,1.036735
g4139,g4139.mp3,7.262,3,0,0.0,1.038912,1.038912
g4139,g4139.mp3,7.262,3,1,3.197302,3.716395,0.519093
g4139,g4139.mp3,7.262,3,2,4.459297,5.493311,1.034014
g4140,g4140.mp3,7.026875,3,0,0.0,1.046508,1.046508
g4140,g4140.mp3,7.026875,3,1,2.905964,3.437596,0.531633
g4140,g4140.mp3,7.026875,3,2,4.191179,5.252449,1.06127
g4141,g4141.mp3,6.7395,3,0,0.0,1.033923,1.033923
g4141,g4141.mp3,6.7395,3,1,3.170975,3.67898,0.508005
g4141,g4141.mp3,6.7395,3,2,4.174512,5.192404,1.017891
g4142,g4142.mp3,7.62775,3,0,0.0,1.039342,1.039342
g4142,g4142.mp3,7.62775,3,1,3.274762,3.844694,0.569932
g4142,g4142.mp3,7.62775,3,2,4.709161,5.747755,1.038594
g4143,g4143.mp3,6.765625,3,0,0.0,1.028435,1.028435
g4143,g4143.mp3,6.765625,3,1,3.170045,3.693923,0.523878
g4143,g4143.mp3,6.765625,3,2,4.208435,5.22102,1.012585
g4144,g4144.mp3,7.1575,3,0,0.0,1.029456,1.029456
g4144,g4144.mp3,7.1575,3,1,3.256054,3.778209,0.522154
g4144,g4144.mp3,7.1575,3,2,4.419546,5.447914,1.028367
g4145,g4145.mp3,7.3665,3,0,0.0,1.040385,1.040385
g4145,g4145.mp3,7.3665,3,1,3.241837,3.754943,0.513107
g4145,g4145.mp3,7.3665,3,2,4.530295,5.563039,1.032744
g4146,g4146.mp3,7.549375,3,0,0.0,1.044399,1.044399
g4146,g4146.mp3,7.549375,3,1,3.3178,3.85966,0.541859
g4146,g4146.mp3,7.549375,3,2,4.64585,5.684059,1.038209
g4147,g4147.mp3,6.974625,3,0,0.0,1.040567,1.040567
g4147,g4147.mp3,6.974625,3,1,3.169365,3.690839,0.521474
g4147,g4147.mp3,6.974625,3,2,4.30932,5.331247,1.021927
g4148,g4148.mp3,6.870125,3,0,0.0,1.038141,1.038141
g4148,g4148.mp3,6.870125,3,1,2.885079,3.409433,0.524354
g4148,g4148.mp3,6.870125,3,2,4.081406,5.113583,1.032177
g4149,g4149.mp3,7.131375,3,0,0.0,1.049456,1.049456
g4149,g4149.mp3,7.131375,3,1,3.162698,3.678503,0.515805
g4149,g4149.mp3,7.131375,3,2,4.376757,5.426259,1.049501
g4150,g4150.mp3,6.504375,3,0,0.0,1.033152,1.033152
g4150,g4150.mp3,6.504375,3,1,2.943152,3.454172,0.51102
g4150,g4150.mp3,6.504375,3,2,3.931769,4.958027,1.026259
g4151,g4151.mp3,6.713375,3,0,0.0,1.040113,1.040113
g4151,g4151.mp3,6.713375,3,1,3.208299,3.727937,0.519637
g4151,g4151.mp3,6.713375,3,2,4.195125,5.225442,1.030317
g4152,g4152.mp3,7.784375,3,0,0.0,1.043265,1.043265
g4152,g4152.mp3,7.784375,3,1,3.178526,3.678617,0.500091
g4152,g4152.mp3,7.784375,3,2,4.70678,5.72195,1.01517
g4153,g4153.mp3,7.8105,3,0,0.0,1.031406,1.031406
g4153,g4153.mp3,7.8105,3,1,3.087098,3.613379,0.526281
g4153,g4153.mp3,7.8105,3,2,4.671429,5.728707,1.057279
g4154,g4154.mp3,7.00075,3,0,0.0,1.044218,1.044218
g4154,g4154.mp3,7.00075,3,1,3.228367,3.734807,0.50644
g4154,g4154.mp3,7.00075,3,2,4.40712,5.446485,1.039365
g4155,g4155.mp3,7.00075,3,0,0.0,1.050544,1.050544
g4155,g4155.mp3,7.00075,3,1,3.293696,3.828685,0.534989
g4155,g4155.mp3,7.00075,3,2,4.348322,5.394762,1.04644
g4156,g4156.mp3,7.471,3,0,0.0,1.037188,1.037188
g4156,g4156.mp3,7.471,3,1,3.252404,3.78449,0.532086
g4156,g4156.mp3,7.471,3,2,4.591882,5.62712,1.035238
g4157,g4157.mp3,7.00075,3,0,0.0,1.049093,1.049093
g4157,g4157.mp3,7.00075,3,1,3.143492,3.674921,0.531429
g4157,g4157.mp3,7.00075,3,2,4.298685,5.325986,1.027302
g4158,g4158.mp3,7.20975,3,0,0.0,1.052336,1.052336
g4158,g4158.mp3,7.20975,3,1,3.036939,3.576077,0.539138
g4158,g4158.mp3,7.20975,3,2,4.354014,5.385261,1.031247
g4159,g4159.mp3,6.713375,3,0,0.0,1.041973,1.041973
g4159,g4159.mp3,6.713375,3,1,3.231995,3.747959,0.515964
g4159,g4159.mp3,6.713375,3,2,4.204626,5.22619,1.021565
g4160,g4160.mp3,6.713375,3,0,0.0,1.03551,1.03551
g4160,g4160.mp3,6.713375,3,1,2.951293,3.468231,0.516939
g4160,g4160.mp3,6.713375,3,2,4.03068,5.054785,1.024104
g4161,g4161.mp3,6.89625,3,0,0.0,1.047778,1.047778
g4161,g4161.mp3,6.89625,3,1,3.225329,3.741769,0.51644
g4161,g4161.mp3,6.89625,3,2,4.291723,5.317302,1.025578
g4162,g4162.mp3,7.392625,3,0,0.0,1.042993,1.042993
g4162,g4162.mp3,7.392625,3,1,3.137029,3.643016,0.505986
g4162,g4162.mp3,7.392625,3,2,4.475986,5.502812,1.026825
g4163,g4163.mp3,7.601625,3,0,0.0,1.065578,1.065578
g4163,g4163.mp3,7.601625,3,1,3.273061,3.810476,0.537415
g4163,g4163.mp3,7.601625,3,2,4.656236,5.699206,1.042971
g4164,g4164.mp3,7.549375,3,0,0.0,1.036803,1.036803
g4164,g4164.mp3,7.549375,3,1,3.172517,3.690816,0.518299
g4164,g4164.mp3,7.549375,3,2,4.571179,5.61898,1.0478
g4165,g4165.mp3,7.262,3,0,0.0,1.041338,1.041338
g4165,g4165.mp3,7.262,3,1,3.292744,3.822834,0.530091
g4165,g4165.mp3,7.262,3,2,4.496939,5.532517,1.035578
g4166,g4166.mp3,7.20975,3,0,0.0,1.033923,1.033923
g4166,g4166.mp3,7.20975,3,1,3.227052,3.752358,0.525306
g4166,g4166.mp3,7.20975,3,2,4.417982,5.447415,1.029433
g4167,g4167.mp3,6.9485,3,0,0.0,1.044739,1.044739
g4167,g4167.mp3,6.9485,3,1,3.31068,3.835057,0.524376
g4167,g4167.mp3,6.9485,3,2,4.368662,5.402653,1.033991
g4168,g4168.mp3,6.9485,3,0,0.0,1.040952,1.040952
g4168,g4168.mp3,6.9485,3,1,3.065986,3.587868,0.521882
g4168,g4168.mp3,6.9485,3,2,4.232834,5.266259,1.033424
g4169,g4169.mp3,7.131375,3,0,0.0,1.050499,1.050499
g4169,g4169.mp3,7.131375,3,1,3.274059,3.78068,0.506621
g4169,g4169.mp3,7.131375,3,2,4.425057,5.453061,1.028005
g4170,g4170.mp3,7.079125,3,0,0.0,1.039773,1.039773
g4170,g4170.mp3,7.079125,3,1,3.060431,3.570272,0.509841
g4170,g4170.mp3,7.079125,3,2,4.298458,5.330159,1.031701
g4171,g4171.mp3,7.10525,3,0,0.0,1.038095,1.038095
g4171,g4171.mp3,7.10525,3,1,3.114376,3.634059,0.519683
g4171,g4171.mp3,7.10525,3,2,4.326395,5.345828,1.019433
g4172,g4172.mp3,7.026875,3,0,0.0,1.040771,1.040771
g4172,g4172.mp3,7.026875,3,1,3.27576,3.80678,0.53102
g4172,g4172.mp3,7.026875,3,2,4.394104,5.41542,1.021315
g4173,g4173.mp3,8.07175,3,0,0.0,1.062018,1.062018
g4173,g4173.mp3,8.07175,3,1,3.333016,3.8361,0.503084
g4173,g4173.mp3,8.07175,3,2,4.936463,5.952381,1.015918
g4174,g4174.mp3,7.340375,3,0,0.0,1.0422,1.0422
g4174,g4174.mp3,7.340375,3,1,3.260703,3.781156,0.520454
g4174,g4174.mp3,7.340375,3,2,4.534104,5.547551,1.013447
g4175,g4175.mp3,7.183625,3,0,0.0,1.034512,1.034512
g4175,g4175.mp3,7.183625,3,1,3.336939,3.845442,0.508503
g4175,g4175.mp3,7.183625,3,2,4.49415,5.511451,1.017302
g4176,g4176.mp3,13.5575,6,0,0.0,1.059206,1.059206
g4176,g4176.mp3,13.5575,6,1,3.5639,4.101882,0.537982
g4176,g4176.mp3,13.5575,6,2,4.943288,6.011406,1.068118
g4176,g4176.mp3,13.5575,6,3,6.922222,7.940454,1.018231
g4176,g4176.mp3,13.5575,6,4,9.018776,10.045057,1.026281
g4176,g4176.mp3,13.5575,6,5,10.739025,11.772857,1.033832
g4177,g4177.mp3,7.732125,3,0,0.0,1.043265,1.043265
g4177,g4177.mp3,7.732125,3,1,3.518005,4.066984,0.54898
g4177,g4177.mp3,7.732125,3,2,4.846349,5.891361,1.045011
g4178,g4178.mp3,7.288125,3,0,0.0,1.026077,1.026077
g4178,g4178.mp3,7.288125,3,1,3.145624,3.663469,0.517846
g4178,g4178.mp3,7.288125,3,2,4.459501,5.490408,1.030907
g4179,g4179.mp3,7.62775,3,0,0.0,1.042812,1.042812
g4179,g4179.mp3,7.62775,3,1,3.344535,3.882041,0.537506
g4179,g4179.mp3,7.62775,3,2,4.688367,5.72458,1.036213
g4180,g4180.mp3,7.079125,3,0,0.0,1.050703,1.050703
g4180,g4180.mp3,7.079125,3,1,2.813878,3.367982,0.554104
g4180,g4180.mp3,7.079125,3,2,4.188957,5.216304,1.027347
g4181,g4181.mp3,7.444875,3,0,0.0,1.044467,1.044467
g4181,g4181.mp3,7.444875,3,1,2.934785,3.462472,0.527687
g4181,g4181.mp3,7.444875,3,2,4.425601,5.457551,1.03195
g4182,g4182.mp3,7.888875,3,0,0.0,1.052358,1.052358
g4182,g4182.mp3,7.888875,3,1,2.932449,3.444014,0.511565
g4182,g4182.mp3,7.888875,3,2,4.622109,5.661565,1.039456
g4183,g4183.mp3,6.844,3,0,0.0,1.043878,1.043878
g4183,g4183.mp3,6.844,3,1,2.985057,3.49746,0.512404
g4183,g4183.mp3,6.844,3,2,4.146349,5.17966,1.033311
g4184,g4184.mp3,9.195,4,0,0.0,1.063537,1.063537
g4184,g4184.mp3,9.195,4,1,3.246168,3.77,0.523832
g4184,g4184.mp3,9.195,4,2,4.285283,4.478413,0.193129
g4184,g4184.mp3,9.195,4,3,5.518934,6.547982,1.029048
g4185,g4185.mp3,7.888875,3,0,0.0,1.072404,1.072404
g4185,g4185.mp3,7.888875,3,1,3.334195,3.871156,0.536961
g4185,g4185.mp3,7.888875,3,2,4.847664,5.897415,1.049751
g4186,g4186.mp3,7.549375,3,0,0.0,1.031678,1.031678
g4186,g4186.mp3,7.549375,3,1,3.21161,3.722472,0.510862
g4186,g4186.mp3,7.549375,3,2,4.615805,5.645238,1.029433
g4187,g4187.mp3,7.732125,3,0,0.0,1.059388,1.059388
g4187,g4187.mp3,7.732125,3,1,3.175125,3.694853,0.519728
g4187,g4187.mp3,7.732125,3,2,4.687574,5.714376,1.026803
g4188,g4188.mp3,6.452125,3,0,0.0,1.040045,1.040045
g4188,g4188.mp3,6.452125,3,1,3.116032,3.640181,0.52415
g4188,g4188.mp3,6.452125,3,2,4.023946,5.03678,1.012834
g4189,g4189.mp3,7.262,3,0,0.0,1.039206,1.039206
g4189,g4189.mp3,7.262,3,1,3.218005,3.729093,0.511088
g4189,g4189.mp3,7.262,3,2,4.474512,5.498141,1.023628
g4190,g4190.mp3,7.497125,3,0,0.0,1.040454,1.040454
g4190,g4190.mp3,7.497125,3,1,3.005669,3.543311,0.537642
g4190,g4190.mp3,7.497125,3,2,4.453628,5.488322,1.034694
g4191,g4191.mp3,13.792625,6,0,0.0,1.04356,1.04356
g4191,g4191.mp3,13.792625,6,1,3.113129,3.691701,0.578571
g4191,g4191.mp3,13.792625,6,2,4.807891,5.837506,1.029615
g4191,g4191.mp3,13.792625,6,3,7.023583,8.055306,1.031723
g4191,g4191.mp3,13.792625,6,4,8.97161,10.000635,1.029025
g4191,g4191.mp3,13.792625,6,5,10.855986,11.882948,1.026961
g4192,g4192.mp3,7.131375,3,0,0.0,1.027052,1.027052
g4192,g4192.mp3,7.131375,3,1,3.259206,3.78356,0.524354
g4192,g4192.mp3,7.131375,3,2,4.437506,5.455669,1.018163
g4193,g4193.mp3,7.52325,3,0,0.0,1.039456,1.039456
g4193,g4193.mp3,7.52325,3,1,3.186372,3.703447,0.517075
g4193,g4193.mp3,7.52325,3,2,4.605782,5.627347,1.021565
g4194,g4194.mp3,7.31425,3,0,0.0,1.043061,1.043061
g4194,g4194.mp3,7.31425,3,1,3.239977,3.751723,0.511746
g4194,g4194.mp3,7.31425,3,2,4.505329,5.54585,1.040522
g4195,g4195.mp3,7.340375,3,0,0.0,1.044966,1.044966
g4195,g4195.mp3,7.340375,3,1,3.237506,3.755261,0.517755
g4195,g4195.mp3,7.340375,3,2,4.488413,5.530703,1.04229
g4196,g4196.mp3,7.75825,3,0,0.0,1.038594,1.038594
g4196,g4196.mp3,7.75825,3,1,3.49966,4.042472,0.542812
g4196,g4196.mp3,7.75825,3,2,4.855624,5.887234,1.03161
g4197,g4197.mp3,6.89625,3,0,0.0,1.044263,1.044263
g4197,g4197.mp3,6.89625,3,1,3.168866,3.673492,0.504626
g4197,g4197.mp3,6.89625,3,2,4.24737,5.274989,1.027619
g4198,g4198.mp3,6.765625,3,0,0.0,1.043605,1.043605
g4198,g4198.mp3,6.765625,3,1,3.001905,3.514535,0.51263
g4198,g4198.mp3,6.765625,3,2,4.093243,5.11746,1.024218
g4199,g4199.mp3,7.20975,3,0,0.0,1.036644,1.036644
g4199,g4199.mp3,7.20975,3,1,3.202358,3.723175,0.520816
g4199,g4199.mp3,7.20975,3,2,4.444082,5.451361,1.007279
g4200,g4200.mp3,7.20975,3,0,0.0,1.040431,1.040431
g4200,g4200.mp3,7.20975,3,1,2.811383,3.317052,0.505669
g4200,g4200.mp3,7.20975,3,2,4.230952,5.250839,1.019887
g4201,g4201.mp3,14.08,6,0,0.0,1.048549,1.048549
g4201,g4201.mp3,14.08,6,1,3.015714,3.540408,0.524694
g4201,g4201.mp3,14.08,6,2,4.383832,5.420113,1.036281
g4201,g4201.mp3,14.08,6,3,6.234807,7.292971,1.058163
g4201,g4201.mp3,14.08,6,4,9.413878,10.440862,1.026984
g4201,g4201.mp3,14.08,6,5,11.267052,12.305737,1.038685
g4202,g4202.mp3,7.10525,3,0,0.0,1.035057,1.035057
g4202,g4202.mp3,7.10525,3,1,3.051429,3.585238,0.53381
g4202,g4202.mp3,7.10525,3,2,4.323016,5.349365,1.026349
g4203,g4203.mp3,7.131375,3,0,0.0,1.05229,1.05229
g4203,g4203.mp3,7.131375,3,1,3.066485,3.615828,0.549342
g4203,g4203.mp3,7.131375,3,2,4.336236,5.36585,1.029615
g4204,g4204.mp3,6.765625,3,0,0.0,1.037279,1.037279
g4204,g4204.mp3,6.765625,3,1,3.028027,3.549615,0.521587
g4204,g4204.mp3,6.765625,3,2,4.145556,5.163129,1.017574
g4205,g4205.mp3,7.079125,3,0,0.0,1.036122,1.036122
g4205,g4205.mp3,7.079125,3,1,3.023197,3.546735,0.523537
g4205,g4205.mp3,7.079125,3,2,4.284172,5.303968,1.019796
g4206,g4206.mp3,6.5305,3,0,0.0,1.033537,1.033537
g4206,g4206.mp3,6.5305,3,1,3.086803,3.593673,0.506871
g4206,g4206.mp3,6.5305,3,2,4.035397,5.051429,1.016032
g4207,g4207.mp3,6.68725,3,0,0.0,1.031542,1.031542
g4207,g4207.mp3,6.68725,3,1,2.857596,3.406667,0.54907
g4207,g4207.mp3,6.68725,3,2,4.000748,5.031814,1.031066
g4208,g4208.mp3,12.094625,6,0,0.0,1.050408,1.050408
g4208,g4208.mp3,12.094625,6,1,2.800635,3.310363,0.509728
g4208,g4208.mp3,12.094625,6,2,4.142971,5.187007,1.044036
g4208,g4208.mp3,12.094625,6,3,6.048798,7.084354,1.035556
g4208,g4208.mp3,12.094625,6,4,8.141655,9.16941,1.027755
g4208,g4208.mp3,12.094625,6,5,9.606621,10.670023,1.063401
g4209,g4209.mp3,7.131375,3,0,0.0,1.026145,1.026145
g4209,g4209.mp3,7.131375,3,1,2.982132,3.508503,0.526372
g4209,g4209.mp3,7.131375,3,2,4.28229,5.306236,1.023946
g4210,g4210.mp3,7.653875,3,0,0.0,1.052313,1.052313
g4210,g4210.mp3,7.653875,3,1,2.908549,3.457324,0.548776
g4210,g4210.mp3,7.653875,3,2,4.504263,5.570045,1.065782
g4211,g4211.mp3,8.38525,3,0,0.0,1.032426,1.032426
g4211,g4211.mp3,8.38525,3,1,3.116825,3.663333,0.546508
g4211,g4211.mp3,8.38525,3,2,4.970862,6.007347,1.036485
g4212,g4212.mp3,7.10525,3,0,0.0,1.044059,1.044059
g4212,g4212.mp3,7.10525,3,1,2.959184,3.489637,0.530454
g4212,g4212.mp3,7.10525,3,2,4.287007,5.298503,1.011497
g4213,g4213.mp3,7.026875,3,0,0.0,1.029977,1.029977
g4213,g4213.mp3,7.026875,3,1,3.208526,3.741451,0.532925
g4213,g4213.mp3,7.026875,3,2,4.340862,5.362336,1.021474
g4214,g4214.mp3,7.10525,3,0,0.0,1.032358,1.032358
g4214,g4214.mp3,7.10525,3,1,3.290204,3.809683,0.519478
g4214,g4214.mp3,7.10525,3,2,4.41195,5.42898,1.017029
g4215,g4215.mp3,7.471,3,0,0.0,1.040975,1.040975
g4215,g4215.mp3,7.471,3,1,3.231293,3.743741,0.512449
g4215,g4215.mp3,7.471,3,2,4.59068,5.627891,1.037211
g4216,g4216.mp3,8.59425,3,0,0.0,1.039546,1.039546
g4216,g4216.mp3,8.59425,3,1,3.295397,3.822744,0.527347
g4216,g4216.mp3,8.59425,3,2,5.153605,6.201293,1.047687
g4217,g4217.mp3,7.549375,3,0,0.0,1.033741,1.033741
g4217,g4217.mp3,7.549375,3,1,3.328934,3.838141,0.509206
g4217,g4217.mp3,7.549375,3,2,4.645828,5.664399,1.018571
g4218,g4218.mp3,6.974625,3,0,0.0,1.036281,1.036281
g4218,g4218.mp3,6.974625,3,1,3.307143,3.812472,0.505329
g4218,g4218.mp3,6.974625,3,2,4.345397,5.366077,1.02068
g4219,g4219.mp3,6.713375,3,0,0.0,1.055147,1.055147
g4219,g4219.mp3,6.713375,3,1,3.16381,3.671338,0.507528
g4219,g4219.mp3,6.713375,3,2,4.162517,5.178639,1.016122
g4220,g4220.mp3,12.460375,6,0,0.0,1.029388,1.029388
g4220,g4220.mp3,12.460375,6,1,2.903311,3.419841,0.516531
g4220,g4220.mp3,12.460375,6,2,4.036644,5.055601,1.018957
g4220,g4220.mp3,12.460375,6,3,5.658118,6.69678,1.038662
g4220,g4220.mp3,12.460375,6,4,7.739297,8.767415,1.028118
g4220,g4220.mp3,12.460375,6,5,9.574376,10.624376,1.05
g4221,g4221.mp3,7.288125,3,0,0.0,1.032857,1.032857
g4221,g4221.mp3,7.288125,3,1,3.194649,3.717279,0.52263
g4221,g4221.mp3,7.288125,3,2,4.469184,5.509433,1.040249
g4222,g4222.mp3,7.20975,3,0,0.0,1.042472,1.042472
g4222,g4222.mp3,7.20975,3,1,3.24356,3.760023,0.516463
g4222,g4222.mp3,7.20975,3,2,4.443515,5.474785,1.03127
g4223,g4223.mp3,7.41875,3,0,0.0,1.040703,1.040703
g4223,g4223.mp3,7.41875,3,1,3.39458,3.927098,0.532517
g4223,g4223.mp3,7.41875,3,2,4.623469,5.655896,1.032426
g4224,g4224.mp3,7.079125,3,0,0.0,1.041769,1.041769
g4224,g4224.mp3,7.079125,3,1,3.199048,3.711905,0.512857
g4224,g4224.mp3,7.079125,3,2,4.351701,5.382063,1.030363
g4225,g4225.mp3,12.32975,6,0,0.0,1.046961,1.046961
g4225,g4225.mp3,12.32975,6,1,3.322109,3.849184,0.527075
g4225,g4225.mp3,12.32975,6,2,4.10424,5.144558,1.040317
g4225,g4225.mp3,12.32975,6,3,5.432472,6.47381,1.041338
g4225,g4225.mp3,12.32975,6,4,8.494467,9.276871,0.782404
g4225,g4225.mp3,12.32975,6,5,9.808798,10.820431,1.011633
g4226,g4226.mp3,6.608875,3,0,0.0,1.033673,1.033673
g4226,g4226.mp3,6.608875,3,1,3.411542,3.91585,0.504308
g4226,g4226.mp3,6.608875,3,2,4.246825,5.270045,1.02322
g4227,g4227.mp3,7.131375,3,0,0.0,1.037302,1.037302
g4227,g4227.mp3,7.131375,3,1,3.240068,3.74678,0.506712
g4227,g4227.mp3,7.131375,3,2,4.410249,5.425011,1.014762
g4228,g4228.mp3,6.635,3,0,0.0,1.034104,1.034104
g4228,g4228.mp3,6.635,3,1,3.044649,3.555918,0.51127
g4228,g4228.mp3,6.635,3,2,4.064014,5.0839,1.019887
g4229,g4229.mp3,6.870125,3,0,0.0,1.036984,1.036984
g4229,g4229.mp3,6.870125,3,1,3.165057,3.670431,0.505374
g4229,g4229.mp3,6.870125,3,2,4.233968,5.258889,1.024921
g4230,g4230.mp3,7.3665,3,0,0.0,1.034694,1.034694
g4230,g4230.mp3,7.3665,3,1,3.033424,3.555714,0.52229
g4230,g4230.mp3,7.3665,3,2,4.424104,5.44356,1.019456
g4231,g4231.mp3,7.784375,3,0,0.0,1.036848,1.036848
g4231,g4231.mp3,7.784375,3,1,3.112925,3.639252,0.526327
g4231,g4231.mp3,7.784375,3,2,4.68458,5.702109,1.017528
g4232,g4232.mp3,7.31425,3,0,0.0,1.041746,1.041746
g4232,g4232.mp3,7.31425,3,1,3.094014,3.604785,0.510771
g4232,g4232.mp3,7.31425,3,2,4.42746,5.441519,1.014059
g4233,g4233.mp3,7.053,3,0,0.0,1.036757,1.036757
g4233,g4233.mp3,7.053,3,1,3.213628,3.734286,0.520658
g4233,g4233.mp3,7.053,3,2,4.353039,5.38517,1.032132
g4234,g4234.mp3,7.262,3,0,0.0,1.03576,1.03576
g4234,g4234.mp3,7.262,3,1,3.169569,3.678299,0.50873
g4234,g4234.mp3,7.262,3,2,4.415578,5.46483,1.049252
g4235,g4235.mp3,7.340375,3,0,0.0,1.06619,1.06619
g4235,g4235.mp3,7.340375,3,1,3.317438,3.842766,0.525329
g4235,g4235.mp3,7.340375,3,2,4.543424,5.589932,1.046508
g4236,g4236.mp3,7.601625,3,0,0.0,1.040227,1.040227
g4236,g4236.mp3,7.601625,3,1,3.28873,3.814354,0.525624
g4236,g4236.mp3,7.601625,3,2,4.67517,5.703628,1.028458
g4237,g4237.mp3,7.053,3,0,0.0,1.035624,1.035624
g4237,g4237.mp3,7.053,3,1,3.04102,3.555669,0.514649
g4237,g4237.mp3,7.053,3,2,4.239751,5.275261,1.03551
g4238,g4238.mp3,6.713375,3,0,0.0,1.043696,1.043696
g4238,g4238.mp3,6.713375,3,1,2.960771,3.499932,0.539161
g4238,g4238.mp3,6.713375,3,2,4.095442,5.110658,1.015215
g4239,g4239.mp3,13.688125,6,0,0.0,1.050907,1.050907
g4239,g4239.mp3,13.688125,6,1,3.356939,3.869909,0.512971
g4239,g4239.mp3,13.688125,6,2,4.437823,5.464082,1.026259
g4239,g4239.mp3,13.688125,6,3,6.060181,7.078005,1.017823
g4239,g4239.mp3,13.688125,6,4,9.172472,10.195283,1.022812
g4239,g4239.mp3,13.688125,6,5,10.866871,11.895374,1.028503
g4240,g4240.mp3,21.106875,9,0,0.0,1.060612,1.060612
g4240,g4240.mp3,21.106875,9,1,2.973946,3.481156,0.507211
g4240,g4240.mp3,21.106875,9,2,4.25517,5.2739,1.01873
g4240,g4240.mp3,21.106875,9,3,6.049478,7.090998,1.041519
g4240,g4240.mp3,21.106875,9,4,9.621406,10.636304,1.014898
g4240,g4240.mp3,21.106875,9,5,11.538889,12.559161,1.020272
g4240,g4240.mp3,21.106875,9,6,13.524104,14.546009,1.021905
g4240,g4240.mp3,21.106875,9,7,16.1761,17.195147,1.019048
g4240,g4240.mp3,21.106875,9,8,18.11161,19.129728,1.018118
g4241,g4241.mp3,6.7395,3,0,0.0,1.054195,1.054195
g4241,g4241.mp3,6.7395,3,1,3.302086,3.813719,0.511633
g4241,g4241.mp3,6.7395,3,2,4.24458,5.264512,1.019932
g4242,g4242.mp3,7.41875,3,0,0.0,1.043016,1.043016
g4242,g4242.mp3,7.41875,3,1,3.286757,3.812177,0.52542
g4242,g4242.mp3,7.41875,3,2,4.566032,5.59907,1.033039
g4243,g4243.mp3,7.5755,3,0,0.0,1.036735,1.036735
g4243,g4243.mp3,7.5755,3,1,3.466054,3.992268,0.526213
g4243,g4243.mp3,7.5755,3,2,4.754649,5.791066,1.036417
g4244,g4244.mp3,7.993375,3,0,0.0,1.062268,1.062268
g4244,g4244.mp3,7.993375,3,1,3.372789,3.889456,0.516667
g4244,g4244.mp3,7.993375,3,2,4.887347,5.902222,1.014875
g4245,g4245.mp3,8.150125,3,0,0.0,1.036054,1.036054
g4245,g4245.mp3,8.150125,3,1,3.421179,3.922063,0.500884
g4245,g4245.mp3,8.150125,3,2,5.018798,6.042222,1.023424
g4246,g4246.mp3,8.045625,3,0,0.0,1.062268,1.062268
g4246,g4246.mp3,8.045625,3,1,3.526236,4.041791,0.515556
g4246,g4246.mp3,8.045625,3,2,4.993855,6.012653,1.018798
g4247,g4247.mp3,7.96725,3,0,0.0,1.038889,1.038889
g4247,g4247.mp3,7.96725,3,1,3.285079,3.783741,0.498662
g4247,g4247.mp3,7.96725,3,2,4.862222,5.883039,1.020816
g4248,g4248.mp3,7.131375,3,0,0.0,1.045238,1.045238
g4248,g4248.mp3,7.131375,3,1,2.998503,3.509864,0.511361
g4248,g4248.mp3,7.131375,3,2,4.304558,5.334921,1.030363
g4249,g4249.mp3,13.244,6,0,0.0,1.047982,1.047982
g4249,g4249.mp3,13.244,6,1,3.250975,3.765465,0.51449
g4249,g4249.mp3,13.244,6,2,4.328163,5.34263,1.014467
g4249,g4249.mp3,13.244,6,3,5.944376,6.965828,1.021451
g4249,g4249.mp3,13.244,6,4,9.153605,10.197075,1.043469
g4249,g4249.mp3,13.244,6,5,10.665351,11.700748,1.035397
g4250,g4250.mp3,7.183625,3,0,0.0,1.056032,1.056032
g4250,g4250.mp3,7.183625,3,1,3.242404,3.763651,0.521247
g4250,g4250.mp3,7.183625,3,2,4.437392,5.47712,1.039728
g4251,g4251.mp3,7.00075,3,0,0.0,1.038073,1.038073
g4251,g4251.mp3,7.00075,3,1,3.367868,3.885873,0.518005
g4251,g4251.mp3,7.00075,3,2,4.411995,5.43966,1.027664
g4252,g4252.mp3,13.426875,6,0,0.0,1.028413,1.028413
g4252,g4252.mp3,13.426875,6,1,3.421202,3.951746,0.530544
g4252,g4252.mp3,13.426875,6,2,4.524785,5.571338,1.046553
g4252,g4252.mp3,13.426875,6,3,6.159615,7.199637,1.040023
g4252,g4252.mp3,13.426875,6,4,9.380907,10.41585,1.034943
g4252,g4252.mp3,13.426875,6,5,10.896712,11.92805,1.031338
g4253,g4253.mp3,7.10525,3,0,0.0,1.036735,1.036735
g4253,g4253.mp3,7.10525,3,1,3.547234,4.097528,0.550295
g4253,g4253.mp3,7.10525,3,2,4.57585,5.608481,1.03263
g4254,g4254.mp3,7.183625,3,0,0.0,1.043379,1.043379
g4254,g4254.mp3,7.183625,3,1,3.283129,3.821474,0.538345
g4254,g4254.mp3,7.183625,3,2,4.44771,5.482449,1.034739
g4255,g4255.mp3,8.045625,3,0,0.0,1.053492,1.053492
g4255,g4255.mp3,8.045625,3,1,3.613311,4.14712,0.53381
g4255,g4255.mp3,8.045625,3,2,5.045034,6.100544,1.05551
g4256,g4256.mp3,8.59425,3,0,0.0,1.066349,1.066349
g4256,g4256.mp3,8.59425,3,1,3.475941,3.992381,0.51644
g4256,g4256.mp3,8.59425,3,2,5.245193,6.306395,1.061202
g4257,g4257.mp3,7.52325,3,0,0.0,1.02771,1.02771
g4257,g4257.mp3,7.52325,3,1,3.262336,3.768141,0.505805
g4257,g4257.mp3,7.52325,3,2,4.582109,5.636372,1.054263
g4258,g4258.mp3,8.0195,3,0,0.0,1.042857,1.042857
g4258,g4258.mp3,8.0195,3,1,3.085125,3.627347,0.542222
g4258,g4258.mp3,8.0195,3,2,4.777438,5.834195,1.056757
g4259,g4259.mp3,7.8105,3,0,0.0,1.044444,1.044444
g4259,g4259.mp3,7.8105,3,1,3.422902,3.955238,0.532336
g4259,g4259.mp3,7.8105,3,2,4.845692,5.866599,1.020907
g4260,g4260.mp3,7.340375,3,0,0.0,1.050454,1.050454
g4260,g4260.mp3,7.340375,3,1,3.238617,3.777324,0.538707
g4260,g4260.mp3,7.340375,3,2,4.512177,5.553379,1.041202
g4261,g4261.mp3,7.131375,3,0,0.0,1.039841,1.039841
g4261,g4261.mp3,7.131375,3,1,3.236712,3.7678,0.531088
g4261,g4261.mp3,7.131375,3,2,4.407392,5.459433,1.052041
g4262,g4262.mp3,14.99425,6,0,0.0,1.041519,1.041519
g4262,g4262.mp3,14.99425,6,1,3.125624,3.650499,0.524875
g4262,g4262.mp3,14.99425,6,2,4.705873,5.737279,1.031406
g4262,g4262.mp3,14.99425,6,3,6.816213,7.8439,1.027687
g4262,g4262.mp3,14.99425,6,4,10.320975,11.356372,1.035397
g4262,g4262.mp3,14.99425,6,5,12.128322,13.175896,1.047574
g4263,g4263.mp3,7.10525,3,0,0.0,1.025079,1.025079
g4263,g4263.mp3,7.10525,3,1,3.693719,4.693787,1.000068
g4263,g4263.mp3,7.10525,3,2,5.397574,6.397506,0.999932
g4264,g4264.mp3,7.941125,3,0,0.0,1.051995,1.051995
g4264,g4264.mp3,7.941125,3,1,3.554603,4.098549,0.543946
g4264,g4264.mp3,7.941125,3,2,4.968209,6.002041,1.033832
g4265,g4265.mp3,7.96725,3,0,0.0,1.02932,1.02932
g4265,g4265.mp3,7.96725,3,1,3.842562,4.373061,0.530499
g4265,g4265.mp3,7.96725,3,2,5.119252,6.161655,1.042404
g4266,g4266.mp3,7.86275,3,0,0.0,1.025805,1.025805
g4266,g4266.mp3,7.86275,3,1,3.582222,4.115556,0.533333
g4266,g4266.mp3,7.86275,3,2,4.900476,5.950068,1.049592
g4267,g4267.mp3,7.888875,3,0,0.0,1.049433,1.049433
g4267,g4267.mp3,7.888875,3,1,3.516576,4.051338,0.534762
g4267,g4267.mp3,7.888875,3,2,4.91263,5.949615,1.036984
g4268,g4268.mp3,7.75825,3,0,0.0,1.041066,1.041066
g4268,g4268.mp3,7.75825,3,1,3.39737,3.914036,0.516667
g4268,g4268.mp3,7.75825,3,2,4.804127,5.848549,1.044422
g4269,g4269.mp3,7.941125,3,0,0.0,1.049546,1.049546
g4269,g4269.mp3,7.941125,3,1,3.539728,4.080454,0.540726
g4269,g4269.mp3,7.941125,3,2,4.913515,5.953764,1.040249
g4270,g4270.mp3,7.52325,3,0,0.0,1.028163,1.028163
g4270,g4270.mp3,7.52325,3,1,3.273696,3.792971,0.519274
g4270,g4270.mp3,7.52325,3,2,4.60093,5.626508,1.025578
g4271,g4271.mp3,7.653875,3,0,0.0,1.045238,1.045238
g4271,g4271.mp3,7.653875,3,1,3.307188,3.826077,0.518889
g4271,g4271.mp3,7.653875,3,2,4.698413,5.755533,1.05712
g4272,g4272.mp3,7.836625,3,0,0.0,1.048481,1.048481
g4272,g4272.mp3,7.836625,3,1,3.816916,4.362698,0.545782
g4272,g4272.mp3,7.836625,3,2,5.058186,6.090363,1.032177
g4273,g4273.mp3,8.0195,3,0,0.0,1.046689,1.046689
g4273,g4273.mp3,8.0195,3,1,3.596372,4.110249,0.513878
g4273,g4273.mp3,8.0195,3,2,5.018957,6.037619,1.018662
g4274,g4274.mp3,7.96725,3,0,0.0,1.05805,1.05805
g4274,g4274.mp3,7.96725,3,1,3.352993,3.886349,0.533356
g4274,g4274.mp3,7.96725,3,2,4.889501,5.91322,1.023719
g4275,g4275.mp3,7.5755,3,0,0.0,1.029887,1.029887
g4275,g4275.mp3,7.5755,3,1,3.34551,3.848413,0.502902
g4275,g4275.mp3,7.5755,3,2,4.653673,5.664354,1.01068
g4276,g4276.mp3,8.2285,3,0,0.0,1.050454,1.050454
g4276,g4276.mp3,8.2285,3,1,3.678435,4.196077,0.517642
g4276,g4276.mp3,8.2285,3,2,5.160975,6.201837,1.040862
g4277,g4277.mp3,8.49575,4,0,0.0,1.069615,1.069615
g4277,g4277.mp3,8.49575,4,1,2.310295,2.849751,0.539456
g4277,g4277.mp3,8.49575,4,2,4.476009,5.53229,1.056281
g4277,g4277.mp3,8.49575,4,3,6.214558,7.326939,1.112381
g4278,g4278.mp3,8.202375,3,0,0.0,1.056463,1.056463
g4278,g4278.mp3,8.202375,3,1,3.296961,3.813152,0.51619
g4278,g4278.mp3,8.202375,3,2,4.981315,6.018254,1.036939
g4279,g4279.mp3,7.836625,3,0,0.0,1.053787,1.053787
g4279,g4279.mp3,7.836625,3,1,3.367007,3.874059,0.507052
g4279,g4279.mp3,7.836625,3,2,4.835646,5.866032,1.030385
g4280,g4280.mp3,8.4695,3,0,0.0,1.060499,1.060499
g4280,g4280.mp3,8.4695,3,1,4.148844,5.151565,1.002721
g4280,g4280.mp3,8.4695,3,2,6.132472,7.135238,1.002766
g4281,g4281.mp3,7.941125,3,0,0.0,1.054875,1.054875
g4281,g4281.mp3,7.941125,3,1,3.345737,3.865397,0.51966
g4281,g4281.mp3,7.941125,3,2,4.84,5.902653,1.062653
g4282,g4282.mp3,8.333,3,0,0.0,1.041451,1.041451
g4282,g4282.mp3,8.333,3,1,3.517778,4.026304,0.508526
g4282,g4282.mp3,8.333,3,2,5.135442,6.149592,1.01415
g4283,g4283.mp3,9.064375,3,0,0.0,1.04678,1.04678
g4283,g4283.mp3,9.064375,3,1,3.587619,4.113764,0.526145
g4283,g4283.mp3,9.064375,3,2,5.526077,6.555873,1.029796
g4284,g4284.mp3,7.41875,3,0,0.0,1.0378,1.0378
g4284,g4284.mp3,7.41875,3,1,3.36034,3.875805,0.515465
g4284,g4284.mp3,7.41875,3,2,4.593243,5.631247,1.038005
g4285,g4285.mp3,7.836625,3,0,0.0,1.064376,1.064376
g4285,g4285.mp3,7.836625,3,1,3.347007,3.870272,0.523265
g4285,g4285.mp3,7.836625,3,2,4.78254,5.816871,1.034331
g4286,g4286.mp3,7.8105,3,0,0.0,1.037574,1.037574
g4286,g4286.mp3,7.8105,3,1,3.450862,3.966871,0.516009
g4286,g4286.mp3,7.8105,3,2,4.861791,5.895215,1.033424
g4287,g4287.mp3,13.949375,6,0,0.0,1.034943,1.034943
g4287,g4287.mp3,13.949375,6,1,3.191451,3.709683,0.518231
g4287,g4287.mp3,13.949375,6,2,4.571088,5.608549,1.03746
g4287,g4287.mp3,13.949375,6,3,6.497914,7.527483,1.029569
g4287,g4287.mp3,13.949375,6,4,8.581723,9.614762,1.033039
g4287,g4287.mp3,13.949375,6,5,10.706621,11.763129,1.056508
g4288,g4288.mp3,7.392625,3,0,0.0,1.048821,1.048821
g4288,g4288.mp3,7.392625,3,1,3.08678,3.637551,0.550771
g4288,g4288.mp3,7.392625,3,2,4.45644,5.518707,1.062268
g4289,g4289.mp3,7.5755,3,0,0.0,1.059252,1.059252
g4289,g4289.mp3,7.5755,3,1,3.256508,3.799955,0.543447
g4289,g4289.mp3,7.5755,3,2,4.637914,5.687256,1.049342
g4290,g4290.mp3,7.3665,3,0,0.0,1.036599,1.036599
g4290,g4290.mp3,7.3665,3,1,3.014195,3.529705,0.51551
g4290,g4290.mp3,7.3665,3,2,4.387029,5.416122,1.029093
g4291,g4291.mp3,7.183625,3,0,0.0,1.036327,1.036327
g4291,g4291.mp3,7.183625,3,1,3.234082,3.743311,0.509229
g4291,g4291.mp3,7.183625,3,2,4.407052,5.458095,1.051043
g4292,g4292.mp3,7.549375,3,0,0.0,1.038367,1.038367
g4292,g4292.mp3,7.549375,3,1,3.352971,3.867143,0.514172
g4292,g4292.mp3,7.549375,3,2,4.653084,5.698231,1.045147
g4293,g4293.mp3,7.836625,3,0,0.0,1.03873,1.03873
g4293,g4293.mp3,7.836625,3,1,3.293243,3.790771,0.497528
g4293,g4293.mp3,7.836625,3,2,4.810703,5.857052,1.046349
g4294,g4294.mp3,8.672625,3,0,0.0,1.090794,1.090794
g4294,g4294.mp3,8.672625,3,1,3.517506,4.026712,0.509206
g4294,g4294.mp3,8.672625,3,2,5.311429,6.378027,1.066599
g4295,g4295.mp3,7.340375,3,0,0.0,1.038345,1.038345
g4295,g4295.mp3,7.340375,3,1,3.319864,3.855986,0.536122
g4295,g4295.mp3,7.340375,3,2,4.551723,5.595896,1.044172
g4296,g4296.mp3,8.17625,3,0,0.0,1.036259,1.036259
g4296,g4296.mp3,8.17625,3,1,3.711088,4.266122,0.555034
g4296,g4296.mp3,8.17625,3,2,5.156553,6.199932,1.043379
g4297,g4297.mp3,7.706,3,0,0.0,1.04712,1.04712
g4297,g4297.mp3,7.706,3,1,3.549297,4.089909,0.540612
g4297,g4297.mp3,7.706,3,2,4.812698,5.834399,1.021701
g4298,g4298.mp3,7.183625,3,0,0.0,1.058299,1.058299
g4298,g4298.mp3,7.183625,3,1,3.134376,3.687052,0.552676
g4298,g4298.mp3,7.183625,3,2,4.39458,5.408526,1.013946
g4299,g4299.mp3,7.41875,3,0,0.0,1.058707,1.058707
g4299,g4299.mp3,7.41875,3,1,3.336145,3.873311,0.537166
g4299,g4299.mp3,7.41875,3,2,4.548844,5.598866,1.050023
g4300,g4300.mp3,7.601625,3,0,0.0,1.039478,1.039478
g4300,g4300.mp3,7.601625,3,1,3.173447,3.699615,0.526168
g4300,g4300.mp3,7.601625,3,2,4.602902,5.656054,1.053152
g4301,g4301.mp3,7.444875,3,0,0.0,1.055102,1.055102
g4301,g4301.mp3,7.444875,3,1,3.25873,3.80161,0.54288
g4301,g4301.mp3,7.444875,3,2,4.529297,5.550544,1.021247
g4302,g4302.mp3,7.1575,3,0,0.0,1.040363,1.040363
g4302,g4302.mp3,7.1575,3,1,3.203197,3.748639,0.545442
g4302,g4302.mp3,7.1575,3,2,4.38517,5.432154,1.046984
g4303,g4303.mp3,8.38525,3,0,0.0,1.047302,1.047302
g4303,g4303.mp3,8.38525,3,1,3.250884,3.767959,0.517075
g4303,g4303.mp3,8.38525,3,2,4.945782,5.986372,1.04059
g4304,g4304.mp3,7.732125,3,0,0.0,1.06483,1.06483
g4304,g4304.mp3,7.732125,3,1,3.224354,3.752902,0.528549
g4304,g4304.mp3,7.732125,3,2,4.69805,5.729161,1.031111
g4305,g4305.mp3,7.68,3,0,0.0,1.039184,1.039184
g4305,g4305.mp3,7.68,3,1,3.129932,3.646871,0.516939
g4305,g4305.mp3,7.68,3,2,4.592517,5.635238,1.042721
g4306,g4306.mp3,7.653875,3,0,0.0,1.063107,1.063107
g4306,g4306.mp3,7.653875,3,1,3.360431,3.895941,0.53551
g4306,g4306.mp3,7.653875,3,2,4.760612,5.778163,1.017551
g4307,g4307.mp3,6.922375,3,0,0.0,1.046961,1.046961
g4307,g4307.mp3,6.922375,3,1,3.127324,3.641791,0.514467
g4307,g4307.mp3,6.922375,3,2,4.247166,5.286077,1.038912
g4308,g4308.mp3,7.235875,3,0,0.0,1.03932,1.03932
g4308,g4308.mp3,7.235875,3,1,2.978027,3.512789,0.534762
g4308,g4308.mp3,7.235875,3,2,4.292857,5.356145,1.063288
g4309,g4309.mp3,7.52325,3,0,0.0,1.035737,1.035737
g4309,g4309.mp3,7.52325,3,1,3.225714,3.760748,0.535034
g4309,g4309.mp3,7.52325,3,2,4.574875,5.614444,1.039569
g4310,g4310.mp3,7.235875,3,0,0.0,1.033061,1.033061
g4310,g4310.mp3,7.235875,3,1,3.092426,3.629841,0.537415
g4310,g4310.mp3,7.235875,3,2,4.365193,5.38127,1.016077
g4311,g4311.mp3,7.026875,3,0,0.0,1.033197,1.033197
g4311,g4311.mp3,7.026875,3,1,3.042517,3.553129,0.510612
g4311,g4311.mp3,7.026875,3,2,4.243447,5.258095,1.014649
g4312,g4312.mp3,7.75825,3,0,0.0,1.057347,1.057347
g4312,g4312.mp3,7.75825,3,1,3.234467,3.759637,0.52517
g4312,g4312.mp3,7.75825,3,2,4.703311,5.75059,1.047279
g4313,g4313.mp3,7.86275,3,0,0.0,1.055986,1.055986
g4313,g4313.mp3,7.86275,3,1,3.318889,3.841655,0.522766
g4313,g4313.mp3,7.86275,3,2,4.791156,5.831111,1.039955
g4314,g4314.mp3,7.1575,3,0,0.0,1.035079,1.035079
g4314,g4314.mp3,7.1575,3,1,3.446757,3.9639,0.517143
g4314,g4314.mp3,7.1575,3,2,4.562358,5.595442,1.033084
g4315,g4315.mp3,7.732125,3,0,0.0,1.044331,1.044331
g4315,g4315.mp3,7.732125,3,1,3.359297,3.898345,0.539048
g4315,g4315.mp3,7.732125,3,2,4.766984,5.797868,1.030884
g4316,g4316.mp3,7.836625,3,0,0.0,1.034535,1.034535
g4316,g4316.mp3,7.836625,3,1,3.267324,3.811406,0.544082
g4316,g4316.mp3,7.836625,3,2,4.777279,5.806327,1.029048
g4317,g4317.mp3,7.392625,3,0,0.0,1.040839,1.040839
g4317,g4317.mp3,7.392625,3,1,3.340431,3.864649,0.524218
g4317,g4317.mp3,7.392625,3,2,4.559796,5.602721,1.042925
g4318,g4318.mp3,7.75825,3,0,0.0,1.047732,1.047732
g4318,g4318.mp3,7.75825,3,1,3.301383,3.85619,0.554807
g4318,g4318.mp3,7.75825,3,2,4.779524,5.820703,1.041179
g4319,g4319.mp3,14.863625,6,0,0.0,1.084717,1.084717
g4319,g4319.mp3,14.863625,6,1,3.321134,3.84195,0.520816
g4319,g4319.mp3,14.863625,6,2,4.654376,5.699365,1.044989
g4319,g4319.mp3,14.863625,6,3,6.529773,7.582018,1.052245
g4319,g4319.mp3,14.863625,6,4,9.903515,10.95356,1.050045
g4319,g4319.mp3,14.863625,6,5,11.848594,12.890771,1.042177
g4320,g4320.mp3,7.653875,3,0,0.0,1.047642,1.047642
g4320,g4320.mp3,7.653875,3,1,3.077982,3.606531,0.528549
g4320,g4320.mp3,7.653875,3,2,4.568322,5.59517,1.026848
g4321,g4321.mp3,8.045625,3,0,0.0,1.041769,1.041769
g4321,g4321.mp3,8.045625,3,1,3.297937,3.826735,0.528798
g4321,g4321.mp3,8.045625,3,2,4.891973,5.923356,1.031383
g4322,g4322.mp3,8.48975,3,0,0.0,1.038231,1.038231
g4322,g4322.mp3,8.48975,3,1,3.499819,4.022313,0.522494
g4322,g4322.mp3,8.48975,3,2,5.228027,6.26093,1.032902
g4323,g4323.mp3,8.07175,3,0,0.0,1.028231,1.028231
g4323,g4323.mp3,8.07175,3,1,3.438821,3.950454,0.511633
g4323,g4323.mp3,8.07175,3,2,5.002245,6.014898,1.012653
g4324,g4324.mp3,7.836625,3,0,0.0,1.052494,1.052494
g4324,g4324.mp3,7.836625,3,1,3.281474,3.8039,0.522426
g4324,g4324.mp3,7.836625,3,2,4.745465,5.789229,1.043764
g4325,g4325.mp3,8.28075,3,0,0.0,1.056281,1.056281
g4325,g4325.mp3,8.28075,3,1,3.590249,4.098254,0.508005
g4325,g4325.mp3,8.28075,3,2,5.173379,6.227347,1.053968
g4326,g4326.mp3,7.915,3,0,0.0,1.026984,1.026984
g4326,g4326.mp3,7.915,3,1,3.532336,4.055714,0.523379
g4326,g4326.mp3,7.915,3,2,4.923311,5.968005,1.044694
g4327,g4327.mp3,8.07175,3,0,0.0,1.034082,1.034082
g4327,g4327.mp3,8.07175,3,1,3.661111,4.167778,0.506667
g4327,g4327.mp3,8.07175,3,2,5.082925,6.099524,1.016599
g4328,g4328.mp3,7.653875,3,0,0.0,1.038639,1.038639
g4328,g4328.mp3,7.653875,3,1,3.215306,3.735533,0.520227
g4328,g4328.mp3,7.653875,3,2,4.667891,5.699138,1.031247
g4329,g4329.mp3,7.8105,3,0,0.0,1.0561,1.0561
g4329,g4329.mp3,7.8105,3,1,3.436531,3.990159,0.553628
g4329,g4329.mp3,7.8105,3,2,4.85449,5.870862,1.016372
g4330,g4330.mp3,7.471,3,0,0.0,1.049705,1.049705
g4330,g4330.mp3,7.471,3,1,3.163152,3.706168,0.543016
g4330,g4330.mp3,7.471,3,2,4.530159,5.567234,1.037075
g4331,g4331.mp3,7.75825,3,0,0.0,1.05805,1.05805
g4331,g4331.mp3,7.75825,3,1,3.327256,3.862902,0.535646
g4331,g4331.mp3,7.75825,3,2,4.770295,5.822041,1.051746
g4332,g4332.mp3,14.393375,6,0,0.0,1.048277,1.048277
g4332,g4332.mp3,14.393375,6,1,3.48424,4.030317,0.546077
g4332,g4332.mp3,14.393375,6,2,5.086531,6.1361,1.049569
g4332,g4332.mp3,14.393375,6,3,7.186576,8.228118,1.041542
g4332,g4332.mp3,14.393375,6,4,9.358413,10.400068,1.041655
g4332,g4332.mp3,14.393375,6,5,11.349841,12.38737,1.037528
g4333,g4333.mp3,8.69875,3,0,0.0,1.040091,1.040091
g4333,g4333.mp3,8.69875,3,1,3.759751,4.279932,0.520181
g4333,g4333.mp3,8.69875,3,2,5.457347,6.517506,1.060159
g4334,g4334.mp3,7.993375,3,0,0.0,1.026599,1.026599
g4334,g4334.mp3,7.993375,3,1,3.350612,3.85585,0.505238
g4334,g4334.mp3,7.993375,3,2,4.870748,5.88517,1.014422
g4335,g4335.mp3,7.784375,3,0,0.0,1.044127,1.044127
g4335,g4335.mp3,7.784375,3,1,3.396531,3.931905,0.535374
g4335,g4335.mp3,7.784375,3,2,4.782948,5.799887,1.016939
g4336,g4336.mp3,8.045625,3,0,0.0,1.039342,1.039342
g4336,g4336.mp3,8.045625,3,1,3.53941,4.074036,0.534626
g4336,g4336.mp3,8.045625,3,2,5.031474,6.064853,1.033379
g4337,g4337.mp3,7.653875,3,0,0.0,1.042585,1.042585
g4337,g4337.mp3,7.653875,3,1,3.662744,4.17195,0.509206
g4337,g4337.mp3,7.653875,3,2,4.902494,5.925442,1.022948
g4338,g4338.mp3,7.52325,3,0,0.0,1.056984,1.056984
g4338,g4338.mp3,7.52325,3,1,3.290227,3.805102,0.514875
g4338,g4338.mp3,7.52325,3,2,4.587868,5.643175,1.055306
g4339,g4339.mp3,8.4375,3,0,0.0,1.040635,1.040635
g4339,g4339.mp3,8.4375,3,1,3.628685,4.194467,0.565782
g4339,g4339.mp3,8.4375,3,2,5.246236,6.326463,1.080227
g4340,g4340.mp3,7.732125,3,0,0.0,1.051587,1.051587
g4340,g4340.mp3,7.732125,3,1,3.285918,3.829116,0.543197
g4340,g4340.mp3,7.732125,3,2,4.763061,5.805329,1.042268
g4341,g4341.mp3,7.836625,3,0,0.0,1.044331,1.044331
g4341,g4341.mp3,7.836625,3,1,3.483832,4.017528,0.533696
g4341,g4341.mp3,7.836625,3,2,4.884671,5.910363,1.025692
g4342,g4342.mp3,8.48975,3,0,0.0,1.045329,1.045329
g4342,g4342.mp3,8.48975,3,1,3.566984,4.106395,0.53941
g4342,g4342.mp3,8.48975,3,2,5.232494,6.277937,1.045442
g4343,g4343.mp3,9.064375,3,0,0.0,1.04034,1.04034
g4343,g4343.mp3,9.064375,3,1,3.320454,3.843878,0.523424
g4343,g4343.mp3,9.064375,3,2,5.423401,6.48898,1.065578
g4344,g4344.mp3,8.28075,3,0,0.0,1.052721,1.052721
g4344,g4344.mp3,8.28075,3,1,3.644717,4.177483,0.532766
g4344,g4344.mp3,8.28075,3,2,5.197279,6.236259,1.03898
g4345,g4345.mp3,8.463625,3,0,0.0,1.031043,1.031043
g4345,g4345.mp3,8.463625,3,1,3.633401,4.209841,0.57644
g4345,g4345.mp3,8.463625,3,2,5.272698,6.296485,1.023787
g4346,g4346.mp3,8.306875,3,0,0.0,1.041497,1.041497
g4346,g4346.mp3,8.306875,3,1,3.628231,4.153583,0.525351
g4346,g4346.mp3,8.306875,3,2,5.167302,6.198209,1.030907
g4347,g4347.mp3,7.68,3,0,0.0,1.043583,1.043583
g4347,g4347.mp3,7.68,3,1,3.38059,3.922608,0.542018
g4347,g4347.mp3,7.68,3,2,4.768163,5.795034,1.026871
g4348,g4348.mp3,7.079125,3,0,0.0,1.048957,1.048957
g4348,g4348.mp3,7.079125,3,1,3.2078,3.750385,0.542585
g4348,g4348.mp3,7.079125,3,2,4.359819,5.389615,1.029796
g4349,g4349.mp3,7.52325,3,0,0.0,1.042562,1.042562
g4349,g4349.mp3,7.52325,3,1,3.334263,3.868821,0.534558
g4349,g4349.mp3,7.52325,3,2,4.642472,5.668209,1.025737
g4350,g4350.mp3,7.288125,3,0,0.0,1.033855,1.033855
g4350,g4350.mp3,7.288125,3,1,3.081723,3.60576,0.524036
g4350,g4350.mp3,7.288125,3,2,4.42195,5.456735,1.034785
g4351,g4351.mp3,7.888875,3,0,0.0,1.03415,1.03415
g4351,g4351.mp3,7.888875,3,1,3.386077,3.954308,0.568231
g4351,g4351.mp3,7.888875,3,2,4.835918,5.899909,1.063991
g4352,g4352.mp3,7.96725,3,0,0.0,1.039773,1.039773
g4352,g4352.mp3,7.96725,3,1,3.479773,4.015011,0.535238
g4352,g4352.mp3,7.96725,3,2,4.956712,6.001383,1.044671
g4353,g4353.mp3,8.48975,3,0,0.0,1.073537,1.073537
g4353,g4353.mp3,8.48975,3,1,3.566077,4.104376,0.538299
g4353,g4353.mp3,8.48975,3,2,5.252789,6.306939,1.05415
g4354,g4354.mp3,7.96725,3,0,0.0,1.04542,1.04542
g4354,g4354.mp3,7.96725,3,1,3.509864,4.04356,0.533696
g4354,g4354.mp3,7.96725,3,2,4.938503,5.99356,1.055057
g4355,g4355.mp3,8.07175,3,0,0.0,1.049841,1.049841
g4355,g4355.mp3,8.07175,3,1,3.63746,4.159138,0.521678
g4355,g4355.mp3,8.07175,3,2,5.047098,6.095147,1.04805
g4356,g4356.mp3,8.28075,3,0,0.0,1.035261,1.035261
g4356,g4356.mp3,8.28075,3,1,3.613878,4.171088,0.557211
g4356,g4356.mp3,8.28075,3,2,5.128617,6.189501,1.060884
g4357,g4357.mp3,7.41875,3,0,0.0,1.031043,1.031043
g4357,g4357.mp3,7.41875,3,1,3.249274,3.781247,0.531973
g4357,g4357.mp3,7.41875,3,2,4.540952,5.582222,1.04127
g4358,g4358.mp3,7.75825,3,0,0.0,1.047256,1.047256
g4358,g4358.mp3,7.75825,3,1,3.238367,3.769887,0.531519
g4358,g4358.mp3,7.75825,3,2,4.709048,5.744785,1.035737
g4359,g4359.mp3,7.732125,3,0,0.0,1.039864,1.039864
g4359,g4359.mp3,7.732125,3,1,3.406916,3.933764,0.526848
g4359,g4359.mp3,7.732125,3,2,4.799569,5.84483,1.045261
g4360,g4360.mp3,7.915,3,0,0.0,1.035533,1.035533
g4360,g4360.mp3,7.915,3,1,3.191565,3.719705,0.528141
g4360,g4360.mp3,7.915,3,2,4.780454,5.821224,1.040771
g4361,g4361.mp3,7.836625,3,0,0.0,1.047528,1.047528
g4361,g4361.mp3,7.836625,3,1,3.396395,3.941111,0.544717
g4361,g4361.mp3,7.836625,3,2,4.805737,5.849705,1.043968
g4362,g4362.mp3,8.0195,3,0,0.0,1.055873,1.055873
g4362,g4362.mp3,8.0195,3,1,3.622653,4.160567,0.537914
g4362,g4362.mp3,8.0195,3,2,5.042653,6.087959,1.045306
g4363,g4363.mp3,7.601625,3,0,0.0,1.059161,1.059161
g4363,g4363.mp3,7.601625,3,1,3.500748,4.035329,0.53458
g4363,g4363.mp3,7.601625,3,2,4.753651,5.795533,1.041882
g4364,g4364.mp3,7.941125,3,0,0.0,1.041224,1.041224
g4364,g4364.mp3,7.941125,3,1,3.450862,3.971837,0.520975
g4364,g4364.mp3,7.941125,3,2,4.884649,5.921995,1.037347
g4365,g4365.mp3,8.17625,3,0,0.0,1.03517,1.03517
g4365,g4365.mp3,8.17625,3,1,3.355941,3.872653,0.516712
g4365,g4365.mp3,8.17625,3,2,4.967302,5.992744,1.025442
g4366,g4366.mp3,14.4195,6,0,0.0,1.09839,1.09839
g4366,g4366.mp3,14.4195,6,1,3.54424,4.303107,0.758867
g4366,g4366.mp3,14.4195,6,2,5.196576,6.254127,1.057551
g4366,g4366.mp3,14.4195,6,3,7.138594,8.189887,1.051293
g4366,g4366.mp3,14.4195,6,4,9.269138,10.318594,1.049456
g4366,g4366.mp3,14.4195,6,5,11.263515,12.329002,1.065488
g4367,g4367.mp3,7.653875,3,0,0.0,1.045442,1.045442
g4367,g4367.mp3,7.653875,3,1,3.548254,4.076145,0.527891
g4367,g4367.mp3,7.653875,3,2,4.783878,5.817664,1.033787
g4368,g4368.mp3,7.75825,3,0,0.0,1.054898,1.054898
g4368,g4368.mp3,7.75825,3,1,3.376463,3.91576,0.539297
g4368,g4368.mp3,7.75825,3,2,4.788231,5.825374,1.037143
g4369,g4369.mp3,7.86275,3,0,0.0,1.079569,1.079569
g4369,g4369.mp3,7.86275,3,1,3.482404,4.022857,0.540454
g4369,g4369.mp3,7.86275,3,2,4.900363,5.945669,1.045306
g4371,g4371.mp3,7.836625,3,0,0.0,1.058322,1.058322
g4371,g4371.mp3,7.836625,3,1,3.506236,4.033152,0.526916
g4371,g4371.mp3,7.836625,3,2,4.876689,5.912472,1.035782
g4372,g4372.mp3,7.8105,3,0,0.0,1.059841,1.059841
g4372,g4372.mp3,7.8105,3,1,3.384853,3.904921,0.520068
g4372,g4372.mp3,7.8105,3,2,4.795102,5.858639,1.063537
g4373,g4373.mp3,8.045625,3,0,0.0,1.046531,1.046531
g4373,g4373.mp3,8.045625,3,1,3.532789,4.101202,0.568413
g4373,g4373.mp3,8.045625,3,2,5.044853,6.068662,1.02381
g4374,g4374.mp3,7.8105,3,0,0.0,1.048141,1.048141
g4374,g4374.mp3,7.8105,3,1,3.68229,4.204694,0.522404
g4374,g4374.mp3,7.8105,3,2,4.925873,5.957415,1.031542
g4375,g4375.mp3,8.4375,3,0,0.0,1.063469,1.063469
g4375,g4375.mp3,8.4375,3,1,3.757528,4.279887,0.522358
g4375,g4375.mp3,8.4375,3,2,5.322404,6.346667,1.024263
g4376,g4376.mp3,8.17625,3,0,0.0,1.043991,1.043991
g4376,g4376.mp3,8.17625,3,1,3.751247,4.308073,0.556825
g4376,g4376.mp3,8.17625,3,2,5.140544,6.180771,1.040227
g4377,g4377.mp3,7.836625,3,0,0.0,1.058594,1.058594
g4377,g4377.mp3,7.836625,3,1,3.462268,3.997506,0.535238
g4377,g4377.mp3,7.836625,3,2,4.872449,5.932063,1.059615
g4378,g4378.mp3,8.045625,3,0,0.0,1.051701,1.051701
g4378,g4378.mp3,8.045625,3,1,3.40576,3.930658,0.524898
g4378,g4378.mp3,8.045625,3,2,4.931315,5.968209,1.036893
g4380,g4380.mp3,8.4375,3,0,0.0,1.054376,1.054376
g4380,g4380.mp3,8.4375,3,1,3.263061,3.791383,0.528322
g4380,g4380.mp3,8.4375,3,2,5.074172,6.116667,1.042494
g4381,g4381.mp3,8.38525,3,0,0.0,1.03288,1.03288
g4381,g4381.mp3,8.38525,3,1,3.211474,3.731429,0.519955
g4381,g4381.mp3,8.38525,3,2,4.990023,6.038776,1.048753
g4382,g4382.mp3,8.2285,3,0,0.0,1.031111,1.031111
g4382,g4382.mp3,8.2285,3,1,3.198753,3.716236,0.517483
g4382,g4382.mp3,8.2285,3,2,4.867302,5.8922,1.024898
g4383,g4383.mp3,7.497125,3,0,0.0,1.030816,1.030816
g4383,g4383.mp3,7.497125,3,1,3.590612,4.10102,0.510408
g4383,g4383.mp3,7.497125,3,2,4.726417,5.772857,1.04644
g4384,g4384.mp3,7.68,3,0,0.0,1.075306,1.075306
g4384,g4384.mp3,7.68,3,1,3.560839,4.095329,0.53449
g4384,g4384.mp3,7.68,3,2,4.841315,5.878503,1.037188
g4385,g4385.mp3,7.732125,3,0,0.0,1.045964,1.045964
g4385,g4385.mp3,7.732125,3,1,3.629864,4.192948,0.563084
g4385,g4385.mp3,7.732125,3,2,4.891542,5.954308,1.062766
g4386,g4386.mp3,7.888875,3,0,0.0,1.043175,1.043175
g4386,g4386.mp3,7.888875,3,1,3.584512,4.108322,0.52381
g4386,g4386.mp3,7.888875,3,2,4.936463,5.972404,1.035941
g4387,g4387.mp3,7.941125,3,0,0.0,1.047302,1.047302
g4387,g4387.mp3,7.941125,3,1,3.580091,4.093107,0.513016
g4387,g4387.mp3,7.941125,3,2,4.96068,5.991655,1.030975
g4388,g4388.mp3,7.392625,3,0,0.0,1.048254,1.048254
g4388,g4388.mp3,7.392625,3,1,3.192154,3.869274,0.67712
g4388,g4388.mp3,7.392625,3,2,4.581156,5.626871,1.045714
g4389,g4389.mp3,7.52325,3,0,0.0,1.038594,1.038594
g4389,g4389.mp3,7.52325,3,1,3.383039,3.924989,0.54195
g4389,g4389.mp3,7.52325,3,2,4.677075,5.714785,1.03771
g4390,g4390.mp3,7.3665,3,0,0.0,1.043401,1.043401
g4390,g4390.mp3,7.3665,3,1,3.280522,3.796871,0.516349
g4390,g4390.mp3,7.3665,3,2,4.550363,5.583946,1.033583
g4391,g4391.mp3,7.706,3,0,0.0,1.048662,1.048662
g4391,g4391.mp3,7.706,3,1,3.429229,3.984218,0.554989
g4391,g4391.mp3,7.706,3,2,4.779184,5.827959,1.048776
g4392,g4392.mp3,7.86275,3,0,0.0,1.059683,1.059683
g4392,g4392.mp3,7.86275,3,1,3.525669,4.065147,0.539478
g4392,g4392.mp3,7.86275,3,2,4.904331,5.935601,1.03127
g4393,g4393.mp3,7.497125,3,0,0.0,1.052132,1.052132
g4393,g4393.mp3,7.497125,3,1,3.565692,4.11356,0.547868
g4393,g4393.mp3,7.497125,3,2,4.743333,5.768594,1.025261
g4394,g4394.mp3,7.836625,3,0,0.0,1.042766,1.042766
g4394,g4394.mp3,7.836625,3,1,3.552698,4.080136,0.527438
g4394,g4394.mp3,7.836625,3,2,4.91644,5.939955,1.023515
g4395,g4395.mp3,7.784375,3,0,0.0,1.045646,1.045646
g4395,g4395.mp3,7.784375,3,1,3.598549,4.12449,0.525941
g4395,g4395.mp3,7.784375,3,2,4.895556,5.936553,1.040998
g4396,g4396.mp3,8.17625,3,0,0.0,1.035578,1.035578
g4396,g4396.mp3,8.17625,3,1,3.571429,4.110907,0.539478
g4396,g4396.mp3,8.17625,3,2,5.115102,6.152313,1.037211
g4397,g4397.mp3,8.38525,3,0,0.0,1.030272,1.030272
g4397,g4397.mp3,8.38525,3,1,3.608073,4.122925,0.514853
g4397,g4397.mp3,8.38525,3,2,5.231587,6.293696,1.062109
g4398,g4398.mp3,7.601625,3,0,0.0,1.026689,1.026689
g4398,g4398.mp3,7.601625,3,1,3.275397,3.770612,0.495215
g4398,g4398.mp3,7.601625,3,2,4.648073,5.668231,1.020159
g4399,g4399.mp3,7.706,3,0,0.0,1.046417,1.046417
g4399,g4399.mp3,7.706,3,1,3.590748,4.119955,0.529206
g4399,g4399.mp3,7.706,3,2,4.831293,5.860658,1.029365
g4400,g4400.mp3,7.68,3,0,0.0,1.043197,1.043197
g4400,g4400.mp3,7.68,3,1,3.086803,3.636395,0.549592
g4400,g4400.mp3,7.68,3,2,4.602177,5.6261,1.023923
g4401,g4401.mp3,8.333,3,0,0.0,1.054558,1.054558
g4401,g4401.mp3,8.333,3,1,3.224399,3.798934,0.574535
g4401,g4401.mp3,8.333,3,2,4.999229,6.087415,1.088186
g4402,g4402.mp3,7.392625,3,0,0.0,1.049977,1.049977
g4402,g4402.mp3,7.392625,3,1,3.060635,3.561973,0.501338
g4402,g4402.mp3,7.392625,3,2,4.447506,5.469456,1.02195
g4403,g4403.mp3,6.817875,3,0,0.0,1.032472,1.032472
g4403,g4403.mp3,6.817875,3,1,3.113197,3.625737,0.51254
g4403,g4403.mp3,6.817875,3,2,4.158866,5.182925,1.024059
g4404,g4404.mp3,6.79175,3,0,0.0,1.047438,1.047438
g4404,g4404.mp3,6.79175,3,1,3.230612,3.773129,0.542517
g4404,g4404.mp3,6.79175,3,2,4.249025,5.293039,1.044014
g4405,g4405.mp3,13.40075,6,0,0.0,1.06356,1.06356
g4405,g4405.mp3,13.40075,6,1,3.296281,3.852472,0.55619
g4405,g4405.mp3,13.40075,6,2,4.393469,5.436508,1.043039
g4405,g4405.mp3,13.40075,6,3,6.026259,7.069025,1.042766
g4405,g4405.mp3,13.40075,6,4,9.212608,10.250794,1.038186
g4405,g4405.mp3,13.40075,6,5,10.764717,11.825556,1.060839
g4406,g4406.mp3,13.29625,6,0,0.0,1.037664,1.037664
g4406,g4406.mp3,13.29625,6,1,3.293605,3.855306,0.561701
g4406,g4406.mp3,13.29625,6,2,4.609025,5.664308,1.055283
g4406,g4406.mp3,13.29625,6,3,6.434195,7.474558,1.040363
g4406,g4406.mp3,13.29625,6,4,8.425782,9.462381,1.036599
g4406,g4406.mp3,13.29625,6,5,10.299161,11.338005,1.038844
g4407,g4407.mp3,7.340375,3,0,0.0,1.043855,1.043855
g4407,g4407.mp3,7.340375,3,1,3.004898,3.541066,0.536168
g4407,g4407.mp3,7.340375,3,2,4.387732,5.450204,1.062472
g4408,g4408.mp3,6.635,3,0,0.0,1.091723,1.091723
g4408,g4408.mp3,6.635,3,1,3.031542,3.566168,0.534626
g4408,g4408.mp3,6.635,3,2,4.042494,5.092426,1.049932
g4409,g4409.mp3,7.053,3,0,0.0,1.054331,1.054331
g4409,g4409.mp3,7.053,3,1,3.083651,3.625964,0.542313
g4409,g4409.mp3,7.053,3,2,4.273923,5.325306,1.051383
g4410,g4410.mp3,8.28075,3,0,0.0,1.051066,1.051066
g4410,g4410.mp3,8.28075,3,1,3.176871,3.710522,0.533651
g4410,g4410.mp3,8.28075,3,2,4.950703,5.989252,1.038549
g4411,g4411.mp3,7.75825,3,0,0.0,1.042018,1.042018
g4411,g4411.mp3,7.75825,3,1,2.992902,3.528027,0.535125
g4411,g4411.mp3,7.75825,3,2,4.592222,5.624921,1.032698
g4412,g4412.mp3,12.4865,6,0,0.0,1.034354,1.034354
g4412,g4412.mp3,12.4865,6,1,3.031361,3.556054,0.524694
g4412,g4412.mp3,12.4865,6,2,4.119909,5.151429,1.031519
g4412,g4412.mp3,12.4865,6,3,5.742358,6.772313,1.029955
g4412,g4412.mp3,12.4865,6,4,7.792608,8.836689,1.044082
g4412,g4412.mp3,12.4865,6,5,9.58381,10.644059,1.060249
g4413,g4413.mp3,7.235875,3,0,0.0,1.051746,1.051746
g4413,g4413.mp3,7.235875,3,1,3.132449,3.644036,0.511587
g4413,g4413.mp3,7.235875,3,2,4.422721,5.449025,1.026304
g4414,g4414.mp3,8.306875,3,0,0.0,1.04746,1.04746
g4414,g4414.mp3,8.306875,3,1,3.28415,3.844626,0.560476
g4414,g4414.mp3,8.306875,3,2,5.036735,6.075283,1.038549
g4415,g4415.mp3,7.5755,3,0,0.0,1.056417,1.056417
g4415,g4415.mp3,7.5755,3,1,3.097007,3.655034,0.558027
g4415,g4415.mp3,7.5755,3,2,4.563605,5.594717,1.031111
g4416,g4416.mp3,7.784375,3,0,0.0,1.050612,1.050612
g4416,g4416.mp3,7.784375,3,1,3.177891,3.698435,0.520544
g4416,g4416.mp3,7.784375,3,2,4.692154,5.728141,1.035986
g4417,g4417.mp3,7.1575,3,0,0.0,1.050272,1.050272
g4417,g4417.mp3,7.1575,3,1,3.327324,3.874308,0.546984
g4417,g4417.mp3,7.1575,3,2,4.422857,5.497143,1.074286
g4418,g4418.mp3,7.235875,3,0,0.0,1.037347,1.037347
g4418,g4418.mp3,7.235875,3,1,3.28,3.823741,0.543741
g4418,g4418.mp3,7.235875,3,2,4.431769,5.50805,1.076281
g4419,g4419.mp3,7.262,3,0,0.0,1.03,1.03
g4419,g4419.mp3,7.262,3,1,3.145601,3.648073,0.502472
g4419,g4419.mp3,7.262,3,2,4.474898,5.45,0.975102
g4420,g4420.mp3,6.870125,3,0,0.0,1.038005,1.038005
g4420,g4420.mp3,6.870125,3,1,2.950068,3.45966,0.509592
g4420,g4420.mp3,6.870125,3,2,4.142834,5.172018,1.029184
g4421,g4421.mp3,7.262,3,0,0.0,1.06,1.06
g4421,g4421.mp3,7.262,3,1,3.29678,3.834331,0.537551
g4421,g4421.mp3,7.262,3,2,4.504082,5.533583,1.029501
g4422,g4422.mp3,6.974625,3,0,0.0,1.051723,1.051723
g4422,g4422.mp3,6.974625,3,1,3.200408,3.750522,0.550113
g4422,g4422.mp3,6.974625,3,2,4.256485,5.340159,1.083673
g4423,g4423.mp3,7.392625,3,0,0.0,1.039365,1.039365
g4423,g4423.mp3,7.392625,3,1,3.17288,3.678073,0.505193
g4423,g4423.mp3,7.392625,3,2,4.476531,5.520408,1.043878
g4424,g4424.mp3,7.888875,3,0,0.0,1.056054,1.056054
g4424,g4424.mp3,7.888875,3,1,3.366327,3.941406,0.575079
g4424,g4424.mp3,7.888875,3,2,4.872063,5.913401,1.041338
g4425,g4425.mp3,6.817875,3,0,0.0,1.047551,1.047551
g4425,g4425.mp3,6.817875,3,1,3.218163,3.743379,0.525215
g4425,g4425.mp3,6.817875,3,2,4.219637,5.245941,1.026304
g4426,g4426.mp3,6.817875,3,0,0.0,1.045918,1.045918
g4426,g4426.mp3,6.817875,3,1,3.327574,3.856531,0.528957
g4426,g4426.mp3,6.817875,3,2,4.297914,5.353583,1.055669
g4427,g4427.mp3,6.817875,3,0,0.0,1.043537,1.043537
g4427,g4427.mp3,6.817875,3,1,3.209955,3.721655,0.511701
g4427,g4427.mp3,6.817875,3,2,4.223515,5.251791,1.028277
g4428,g4428.mp3,6.373875,3,0,0.0,1.040431,1.040431
g4428,g4428.mp3,6.373875,3,1,2.891111,3.420068,0.528957
g4428,g4428.mp3,6.373875,3,2,3.846644,4.860091,1.013447
g4429,g4429.mp3,6.58275,3,0,0.0,1.042336,1.042336
g4429,g4429.mp3,6.58275,3,1,3.146485,3.652902,0.506417
g4429,g4429.mp3,6.58275,3,2,4.051701,5.120136,1.068435
g4430,g4430.mp3,6.556625,3,0,0.0,1.060113,1.060113
g4430,g4430.mp3,6.556625,3,1,3.126349,3.686327,0.559977
g4430,g4430.mp3,6.556625,3,2,4.070567,5.137823,1.067256
g4431,g4431.mp3,7.183625,3,0,0.0,1.050816,1.050816
g4431,g4431.mp3,7.183625,3,1,3.303469,3.881088,0.577619
g4431,g4431.mp3,7.183625,3,2,4.503265,5.560408,1.057143
g4432,g4432.mp3,7.131375,3,0,0.0,1.049025,1.049025
g4432,g4432.mp3,7.131375,3,1,3.210884,3.739229,0.528345
g4432,g4432.mp3,7.131375,3,2,4.380476,5.437891,1.057415
g4433,g4433.mp3,7.079125,3,0,0.0,1.037619,1.037619
g4433,g4433.mp3,7.079125,3,1,3.162812,3.705147,0.542336
g4433,g4433.mp3,7.079125,3,2,4.334694,5.369615,1.034921
g4434,g4434.mp3,7.471,3,0,0.0,1.046281,1.046281
g4434,g4434.mp3,7.471,3,1,3.144331,3.713492,0.569161
g4434,g4434.mp3,7.471,3,2,4.536644,5.601769,1.065125
g4435,g4435.mp3,7.262,3,0,0.0,1.047732,1.047732
g4435,g4435.mp3,7.262,3,1,3.486236,4.039252,0.553016
g4435,g4435.mp3,7.262,3,2,4.609365,5.640476,1.031111
g4436,g4436.mp3,7.497125,3,0,0.0,1.040839,1.040839
g4436,g4436.mp3,7.497125,3,1,3.333787,3.892925,0.559138
g4436,g4436.mp3,7.497125,3,2,4.670794,5.731406,1.060612
g4437,g4437.mp3,7.497125,3,0,0.0,1.050363,1.050363
g4437,g4437.mp3,7.497125,3,1,3.267347,3.800431,0.533084
g4437,g4437.mp3,7.497125,3,2,4.627914,5.664626,1.036712
g4438,g4438.mp3,7.131375,3,0,0.0,1.052585,1.052585
g4438,g4438.mp3,7.131375,3,1,3.043356,3.553923,0.510567
g4438,g4438.mp3,7.131375,3,2,4.280544,5.582313,1.3017690000000002
g4439,g4439.mp3,6.608875,3,0,0.0,1.053787,1.053787
g4439,g4439.mp3,6.608875,3,1,3.147732,3.675465,0.527732
g4439,g4439.mp3,6.608875,3,2,4.115805,5.154059,1.038254
g4440,g4440.mp3,7.026875,3,0,0.0,1.042517,1.042517
g4440,g4440.mp3,7.026875,3,1,3.02254,3.569456,0.546916
g4440,g4440.mp3,7.026875,3,2,4.238209,5.269184,1.030975
g4441,g4441.mp3,7.444875,3,0,0.0,1.040726,1.040726
g4441,g4441.mp3,7.444875,3,1,3.182313,3.703946,0.521633
g4441,g4441.mp3,7.444875,3,2,4.527755,5.561859,1.034104
g4442,g4442.mp3,6.661125,3,0,0.0,1.039138,1.039138
g4442,g4442.mp3,6.661125,3,1,3.152721,3.679025,0.526304
g4442,g4442.mp3,6.661125,3,2,4.105941,5.147324,1.041383
g4443,g4443.mp3,7.053,3,0,0.0,1.06,1.06
g4443,g4443.mp3,7.053,3,1,3.212313,3.744512,0.5322
g4443,g4443.mp3,7.053,3,2,4.322698,5.365828,1.043129
g4444,g4444.mp3,7.235875,3,0,0.0,1.042494,1.042494
g4444,g4444.mp3,7.235875,3,1,3.262494,3.775034,0.51254
g4444,g4444.mp3,7.235875,3,2,4.468526,5.498594,1.030068
g4445,g4445.mp3,7.20975,3,0,0.0,1.048753,1.048753
g4445,g4445.mp3,7.20975,3,1,3.278526,3.797279,0.518753
g4445,g4445.mp3,7.20975,3,2,4.444626,5.497098,1.052472
g4446,g4446.mp3,7.68,3,0,0.0,1.047868,1.047868
g4446,g4446.mp3,7.68,3,1,3.35127,3.887392,0.536122
g4446,g4446.mp3,7.68,3,2,4.841769,5.780295,0.938526
g4447,g4447.mp3,7.75825,3,0,0.0,1.047823,1.047823
g4447,g4447.mp3,7.75825,3,1,3.561814,4.108458,0.546644
g4447,g4447.mp3,7.75825,3,2,4.916009,5.962222,1.046213
g4448,g4448.mp3,7.026875,3,0,0.0,1.098095,1.098095
g4448,g4448.mp3,7.026875,3,1,3.143605,3.682381,0.538776
g4448,g4448.mp3,7.026875,3,2,4.290295,5.343152,1.052857
g4449,g4449.mp3,7.183625,3,0,0.0,1.046644,1.046644
g4449,g4449.mp3,7.183625,3,1,3.151224,3.6739,0.522676
g4449,g4449.mp3,7.183625,3,2,4.349864,5.408957,1.059093
g4450,g4450.mp3,13.662,6,0,0.0,1.042812,1.042812
g4450,g4450.mp3,13.662,6,1,2.889161,3.444558,0.555397
g4450,g4450.mp3,13.662,6,2,4.177506,5.217596,1.040091
g4450,g4450.mp3,13.662,6,3,5.934104,6.98,1.045896
g4450,g4450.mp3,13.662,6,4,9.052063,10.080113,1.02805
g4450,g4450.mp3,13.662,6,5,10.823696,11.882766,1.05907
g4451,g4451.mp3,7.262,3,0,0.0,1.047234,1.047234
g4451,g4451.mp3,7.262,3,1,3.077098,3.623197,0.5461
g4451,g4451.mp3,7.262,3,2,4.409206,5.438685,1.029478
g4452,g4452.mp3,11.8595,6,0,0.0,1.044444,1.044444
g4452,g4452.mp3,11.8595,6,1,3.164104,3.674694,0.51059
g4452,g4452.mp3,11.8595,6,2,4.15805,5.177415,1.019365
g4452,g4452.mp3,11.8595,6,3,5.689796,6.700771,1.010975
g4452,g4452.mp3,11.8595,6,4,7.769819,8.795896,1.026077
g4452,g4452.mp3,11.8595,6,5,9.311565,10.325079,1.013515
g4453,g4453.mp3,7.497125,3,0,0.0,1.038005,1.038005
g4453,g4453.mp3,7.497125,3,1,3.747846,4.295306,0.54746
g4453,g4453.mp3,7.497125,3,2,4.847347,5.904422,1.057075
g4454,g4454.mp3,7.444875,3,0,0.0,1.062766,1.062766
g4454,g4454.mp3,7.444875,3,1,3.470181,4.020499,0.550317
g4454,g4454.mp3,7.444875,3,2,4.683447,5.736077,1.05263
g4455,g4455.mp3,7.026875,3,0,0.0,1.047483,1.047483
g4455,g4455.mp3,7.026875,3,1,3.389501,3.921791,0.53229
g4455,g4455.mp3,7.026875,3,2,4.42093,5.460975,1.040045
g4456,g4456.mp3,7.235875,3,0,0.0,1.035601,1.035601
g4456,g4456.mp3,7.235875,3,1,3.392857,3.914286,0.521429
g4456,g4456.mp3,7.235875,3,2,4.50381,5.57678,1.072971
g4457,g4457.mp3,7.732125,3,0,0.0,1.04449,1.04449
g4457,g4457.mp3,7.732125,3,1,3.532404,4.080476,0.548073
g4457,g4457.mp3,7.732125,3,2,4.911905,5.934036,1.022132
g4458,g4458.mp3,19.5395,9,0,0.0,1.075125,1.075125
g4458,g4458.mp3,19.5395,9,1,3.388231,3.940204,0.551973
g4458,g4458.mp3,19.5395,9,2,4.487324,5.539773,1.052449
g4458,g4458.mp3,19.5395,9,3,6.054444,7.118503,1.064059
g4458,g4458.mp3,19.5395,9,4,9.599841,10.672766,1.072925
g4458,g4458.mp3,19.5395,9,5,11.369229,12.415737,1.046508
g4458,g4458.mp3,19.5395,9,6,13.108753,14.13678,1.028027
g4458,g4458.mp3,19.5395,9,7,15.572766,16.601882,1.029116
g4458,g4458.mp3,19.5395,9,8,16.986077,18.080272,1.094195
g4459,g4459.mp3,7.62775,3,0,0.0,1.048367,1.048367
g4459,g4459.mp3,7.62775,3,1,3.890658,4.428481,0.537823
g4459,g4459.mp3,7.62775,3,2,5.0139,6.044762,1.030862
g4460,g4460.mp3,7.235875,3,0,0.0,1.058549,1.058549
g4460,g4460.mp3,7.235875,3,1,3.495533,4.026667,0.531134
g4460,g4460.mp3,7.235875,3,2,4.575351,5.604694,1.029342
g4461,g4461.mp3,7.75825,3,0,0.0,1.048571,1.048571
g4461,g4461.mp3,7.75825,3,1,3.721451,4.241202,0.519751
g4461,g4461.mp3,7.75825,3,2,4.943469,6.006712,1.063243
g4462,g4462.mp3,13.3485,6,0,0.0,1.038005,1.038005
g4462,g4462.mp3,13.3485,6,1,3.393991,3.918345,0.524354
g4462,g4462.mp3,13.3485,6,2,4.72542,5.760544,1.035125
g4462,g4462.mp3,13.3485,6,3,6.610952,7.661542,1.05059
g4462,g4462.mp3,13.3485,6,4,8.624671,9.689615,1.064943
g4462,g4462.mp3,13.3485,6,5,10.459637,11.500975,1.041338
g4463,g4463.mp3,8.150125,3,0,0.0,1.052585,1.052585
g4463,g4463.mp3,8.150125,3,1,3.662608,4.207324,0.544717
g4463,g4463.mp3,8.150125,3,2,5.03941,6.161587,1.122177
g4464,g4464.mp3,7.96725,3,0,0.0,1.040658,1.040658
g4464,g4464.mp3,7.96725,3,1,3.54873,4.08644,0.53771
g4464,g4464.mp3,7.96725,3,2,4.948685,6.01771,1.069025
g4465,g4465.mp3,8.515875,3,0,0.0,1.040476,1.040476
g4465,g4465.mp3,8.515875,3,1,3.625556,4.166531,0.540975
g4465,g4465.mp3,8.515875,3,2,5.274059,6.304036,1.029977
g4466,g4466.mp3,8.2285,3,0,0.0,1.031882,1.031882
g4466,g4466.mp3,8.2285,3,1,3.880408,4.428254,0.547846
g4466,g4466.mp3,8.2285,3,2,5.288254,6.322063,1.03381
g4467,g4467.mp3,8.463625,3,0,0.0,1.062268,1.062268
g4467,g4467.mp3,8.463625,3,1,3.505578,4.064989,0.55941
g4467,g4467.mp3,8.463625,3,2,5.18288,6.223628,1.040748
g4468,g4468.mp3,8.463625,3,0,0.0,1.039093,1.039093
g4468,g4468.mp3,8.463625,3,1,3.429592,3.987098,0.557506
g4468,g4468.mp3,8.463625,3,2,5.14102,6.179683,1.038662
g4469,g4469.mp3,14.47175,6,0,0.0,1.038594,1.038594
g4469,g4469.mp3,14.47175,6,1,3.617778,4.175261,0.557483
g4469,g4469.mp3,14.47175,6,2,4.864921,5.906236,1.041315
g4469,g4469.mp3,14.47175,6,3,6.682222,7.756395,1.074172
g4469,g4469.mp3,14.47175,6,4,9.793719,10.868889,1.07517
g4469,g4469.mp3,14.47175,6,5,11.576417,12.643243,1.066825
g4470,g4470.mp3,7.444875,3,0,0.0,1.035601,1.035601
g4470,g4470.mp3,7.444875,3,1,3.126961,3.673628,0.546667
g4470,g4470.mp3,7.444875,3,2,4.498503,5.551633,1.053129
g4471,g4471.mp3,7.235875,3,0,0.0,1.044989,1.044989
g4471,g4471.mp3,7.235875,3,1,3.329138,3.851655,0.522517
g4471,g4471.mp3,7.235875,3,2,4.489002,5.528277,1.039274
g4472,g4472.mp3,7.653875,3,0,0.0,1.045986,1.045986
g4472,g4472.mp3,7.653875,3,1,3.247778,3.788912,0.541134
g4472,g4472.mp3,7.653875,3,2,4.646712,5.664558,1.017846
g4473,g4473.mp3,8.333,3,0,0.0,1.044875,1.044875
g4473,g4473.mp3,8.333,3,1,3.341111,3.850181,0.50907
g4473,g4473.mp3,8.333,3,2,5.03907,6.093084,1.054014
g4474,g4474.mp3,7.706,3,0,0.0,1.038571,1.038571
g4474,g4474.mp3,7.706,3,1,3.399955,3.92356,0.523605
g4474,g4474.mp3,7.706,3,2,4.774308,5.803787,1.029478
g4475,g4475.mp3,7.68,3,0,0.0,1.041202,1.041202
g4475,g4475.mp3,7.68,3,1,3.594331,4.129161,0.53483
g4475,g4475.mp3,7.68,3,2,4.85805,5.895193,1.037143
g4476,g4476.mp3,7.706,3,0,0.0,1.052063,1.052063
g4476,g4476.mp3,7.706,3,1,3.557891,4.116531,0.558639
g4476,g4476.mp3,7.706,3,2,4.854535,5.899819,1.045283
g4477,g4477.mp3,14.942,6,0,0.0,1.047778,1.047778
g4477,g4477.mp3,14.942,6,1,3.458118,4.003968,0.54585
g4477,g4477.mp3,14.942,6,2,4.807959,5.863197,1.055238
g4477,g4477.mp3,14.942,6,3,6.736054,7.788254,1.0522
g4477,g4477.mp3,14.942,6,4,9.99898,11.044875,1.045896
g4477,g4477.mp3,14.942,6,5,11.935896,12.989569,1.053673
g4478,g4478.mp3,7.993375,3,0,0.0,1.056531,1.056531
g4478,g4478.mp3,7.993375,3,1,3.545306,4.075624,0.530317
g4478,g4478.mp3,7.993375,3,2,4.977891,6.031565,1.053673
g4479,g4479.mp3,7.75825,3,0,0.0,1.043129,1.043129
g4479,g4479.mp3,7.75825,3,1,3.718526,4.253628,0.535102
g4479,g4479.mp3,7.75825,3,2,4.929116,5.984444,1.055329
g4480,g4480.mp3,7.10525,3,0,0.0,1.072358,1.072358
g4480,g4480.mp3,7.10525,3,1,3.178707,3.761678,0.582971
g4480,g4480.mp3,7.10525,3,2,4.365578,5.421837,1.056259
g4481,g4481.mp3,7.5755,3,0,0.0,1.053991,1.053991
g4481,g4481.mp3,7.5755,3,1,3.294875,3.828639,0.533764
g4481,g4481.mp3,7.5755,3,2,4.626689,5.658118,1.031429
g4482,g4482.mp3,7.262,3,0,0.0,1.064014,1.064014
g4482,g4482.mp3,7.262,3,1,3.423469,3.94381,0.52034
g4482,g4482.mp3,7.262,3,2,4.548435,5.585873,1.037438
g4483,g4483.mp3,13.60975,6,0,0.0,1.043968,1.043968
g4483,g4483.mp3,13.60975,6,1,3.480068,4.010635,0.530567
g4483,g4483.mp3,13.60975,6,2,4.65356,5.722517,1.068957
g4483,g4483.mp3,13.60975,6,3,6.323991,7.371973,1.047982
g4483,g4483.mp3,13.60975,6,4,9.435896,10.474014,1.038118
g4483,g4483.mp3,13.60975,6,5,11.028073,12.038435,1.010363
g4484,g4484.mp3,7.392625,3,0,0.0,1.044422,1.044422
g4484,g4484.mp3,7.392625,3,1,3.552449,4.071361,0.518912
g4484,g4484.mp3,7.392625,3,2,4.674717,5.719887,1.04517
g4485,g4485.mp3,7.288125,3,0,0.0,1.050499,1.050499
g4485,g4485.mp3,7.288125,3,1,3.416259,3.963401,0.547143
g4485,g4485.mp3,7.288125,3,2,4.539456,5.589365,1.049909
g4486,g4486.mp3,7.340375,3,0,0.0,1.068413,1.068413
g4486,g4486.mp3,7.340375,3,1,3.394354,3.940159,0.545805
g4486,g4486.mp3,7.340375,3,2,4.56263,5.621882,1.059252
g4487,g4487.mp3,6.58275,3,0,0.0,1.025125,1.025125
g4487,g4487.mp3,6.58275,3,1,3.447075,4.447075,1.0
g4487,g4487.mp3,6.58275,3,2,4.998435,5.998458,1.000023
g4488,g4488.mp3,7.549375,3,0,0.0,1.038662,1.038662
g4488,g4488.mp3,7.549375,3,1,3.480612,4.013832,0.53322
g4488,g4488.mp3,7.549375,3,2,4.705374,5.761202,1.055828
g4489,g4489.mp3,7.340375,3,0,0.0,1.047256,1.047256
g4489,g4489.mp3,7.340375,3,1,3.437551,3.951315,0.513764
g4489,g4489.mp3,7.340375,3,2,4.588503,5.629342,1.040839
g4490,g4490.mp3,7.444875,3,0,0.0,1.039524,1.039524
g4490,g4490.mp3,7.444875,3,1,3.080295,3.641814,0.561519
g4490,g4490.mp3,7.444875,3,2,4.493719,5.5522,1.058481
g4491,g4491.mp3,7.41875,3,0,0.0,1.039705,1.039705
g4491,g4491.mp3,7.41875,3,1,3.565918,4.074172,0.508254
g4491,g4491.mp3,7.41875,3,2,4.697415,5.721156,1.023741
g4492,g4492.mp3,7.5755,3,0,0.0,1.034739,1.034739
g4492,g4492.mp3,7.5755,3,1,3.425147,3.947392,0.522245
g4492,g4492.mp3,7.5755,3,2,4.681293,5.739841,1.058549
g4493,g4493.mp3,13.871,6,0,0.0,1.070816,1.070816
g4493,g4493.mp3,13.871,6,1,3.391633,3.949388,0.557755
g4493,g4493.mp3,13.871,6,2,4.568231,5.626848,1.058617
g4493,g4493.mp3,13.871,6,3,6.276236,7.330998,1.054762
g4493,g4493.mp3,13.871,6,4,9.406757,10.46839,1.061633
g4493,g4493.mp3,13.871,6,5,11.121859,12.174717,1.052857
g4494,g4494.mp3,7.75825,4,0,0.0,1.038571,1.038571
g4494,g4494.mp3,7.75825,4,1,3.4339,3.991519,0.557619
g4494,g4494.mp3,7.75825,4,2,4.809342,5.867732,1.05839
g4494,g4494.mp3,7.75825,4,3,6.111497,6.235669,0.124172
g4495,g4495.mp3,13.7665,6,0,0.0,1.031678,1.031678
g4495,g4495.mp3,13.7665,6,1,3.515896,4.050726,0.53483
g4495,g4495.mp3,13.7665,6,2,4.776327,5.802449,1.026122
g4495,g4495.mp3,13.7665,6,3,6.536621,7.596372,1.059751
g4495,g4495.mp3,13.7665,6,4,9.640567,10.68576,1.045193
g4495,g4495.mp3,13.7665,6,5,11.207143,12.226009,1.018866
g4496,g4496.mp3,7.262,3,0,0.0,1.030113,1.030113
g4496,g4496.mp3,7.262,3,1,3.569977,4.097166,0.527188
g4496,g4496.mp3,7.262,3,2,4.624286,5.641361,1.017075
g4497,g4497.mp3,7.888875,3,0,0.0,1.033333,1.033333
g4497,g4497.mp3,7.888875,3,1,3.537075,4.063855,0.52678
g4497,g4497.mp3,7.888875,3,2,4.923311,5.940703,1.017392
g4498,g4498.mp3,7.340375,3,0,0.0,1.031678,1.031678
g4498,g4498.mp3,7.340375,3,1,3.417687,3.938005,0.520317
g4498,g4498.mp3,7.340375,3,2,4.574785,5.622472,1.047687
g4499,g4499.mp3,8.045625,3,0,0.0,1.049002,1.049002
g4499,g4499.mp3,8.045625,3,1,3.799592,4.365102,0.56551
g4499,g4499.mp3,8.045625,3,2,5.152177,6.212789,1.060612
g4500,g4500.mp3,7.52325,3,0,0.0,1.051859,1.051859
g4500,g4500.mp3,7.52325,3,1,3.049728,3.575941,0.526213
g4500,g4500.mp3,7.52325,3,2,4.507166,5.526961,1.019796
g4501,g4501.mp3,7.235875,3,0,0.0,1.048549,1.048549
g4501,g4501.mp3,7.235875,3,1,2.873741,3.403197,0.529456
g4501,g4501.mp3,7.235875,3,2,4.26576,5.291088,1.025329
g4502,g4502.mp3,7.444875,3,0,0.0,1.051134,1.051134
g4502,g4502.mp3,7.444875,3,1,3.150181,3.660068,0.509887
g4502,g4502.mp3,7.444875,3,2,4.494785,5.517347,1.022562
g4503,g4503.mp3,6.9485,3,0,0.0,1.059365,1.059365
g4503,g4503.mp3,6.9485,3,1,3.160748,3.676168,0.51542
g4503,g4503.mp3,6.9485,3,2,4.273401,5.313968,1.040567
g4504,g4504.mp3,7.131375,3,0,0.0,1.048277,1.048277
g4504,g4504.mp3,7.131375,3,1,3.069116,3.566644,0.497528
g4504,g4504.mp3,7.131375,3,2,4.346417,5.377143,1.030726
g4505,g4505.mp3,7.026875,3,0,0.0,1.041859,1.041859
g4505,g4505.mp3,7.026875,3,1,3.38746,3.911361,0.5239
g4505,g4505.mp3,7.026875,3,2,4.414286,5.460907,1.046621
g4506,g4506.mp3,7.288125,3,0,0.0,1.031134,1.031134
g4506,g4506.mp3,7.288125,3,1,3.392381,3.928254,0.535873
g4506,g4506.mp3,7.288125,3,2,4.562653,5.607483,1.04483
g4507,g4507.mp3,7.68,3,0,0.0,1.059841,1.059841
g4507,g4507.mp3,7.68,3,1,3.248957,3.788254,0.539297
g4507,g4507.mp3,7.68,3,2,4.67356,5.737211,1.063651
g4508,g4508.mp3,7.471,3,0,0.0,1.056009,1.056009
g4508,g4508.mp3,7.471,3,1,2.76449,3.288866,0.524376
g4508,g4508.mp3,7.471,3,2,4.317937,5.362313,1.044376
g4509,g4509.mp3,7.131375,3,0,0.0,1.042517,1.042517
g4509,g4509.mp3,7.131375,3,1,3.040612,3.554422,0.51381
g4509,g4509.mp3,7.131375,3,2,4.335193,5.357959,1.022766
g4510,g4510.mp3,12.721625,6,0,0.0,1.044558,1.044558
g4510,g4510.mp3,12.721625,6,1,2.844308,3.372562,0.528254
g4510,g4510.mp3,12.721625,6,2,4.151565,5.172608,1.021043
g4510,g4510.mp3,12.721625,6,3,5.953764,6.991338,1.037574
g4510,g4510.mp3,12.721625,6,4,8.049524,9.081542,1.032018
g4510,g4510.mp3,12.721625,6,5,9.855283,10.909637,1.054354
g4511,g4511.mp3,6.922375,3,0,0.0,1.033628,1.033628
g4511,g4511.mp3,6.922375,3,1,2.891383,3.419955,0.528571
g4511,g4511.mp3,6.922375,3,2,4.148209,5.175397,1.027188
g4512,g4512.mp3,7.235875,3,0,0.0,1.053039,1.053039
g4512,g4512.mp3,7.235875,3,1,3.011111,3.558639,0.547528
g4512,g4512.mp3,7.235875,3,2,4.334671,5.38288,1.048209
g4513,g4513.mp3,7.888875,3,0,0.0,1.044082,1.044082
g4513,g4513.mp3,7.888875,3,1,3.226077,3.753923,0.527846
g4513,g4513.mp3,7.888875,3,2,4.760408,5.788322,1.027914
g4514,g4514.mp3,7.340375,3,0,0.0,1.028662,1.028662
g4514,g4514.mp3,7.340375,3,1,2.984036,3.521293,0.537256
g4514,g4514.mp3,7.340375,3,2,4.375283,5.400703,1.02542
g4515,g4515.mp3,7.31425,3,0,0.0,1.025964,1.025964
g4515,g4515.mp3,7.31425,3,1,2.975351,3.499592,0.52424
g4515,g4515.mp3,7.31425,3,2,4.329841,5.354082,1.02424
g4516,g4516.mp3,6.661125,3,0,0.0,1.036825,1.036825
g4516,g4516.mp3,6.661125,3,1,3.022426,3.532494,0.510068
g4516,g4516.mp3,6.661125,3,2,4.080998,5.105125,1.024127
g4517,g4517.mp3,6.817875,3,0,0.0,1.039229,1.039229
g4517,g4517.mp3,6.817875,3,1,3.007914,3.545193,0.537279
g4517,g4517.mp3,6.817875,3,2,4.109048,5.13737,1.028322
g4518,g4518.mp3,7.41875,3,0,0.0,1.041361,1.041361
g4518,g4518.mp3,7.41875,3,1,2.917211,3.446621,0.52941
g4518,g4518.mp3,7.41875,3,2,4.382517,5.401315,1.018798
g4519,g4519.mp3,7.340375,3,0,0.0,1.038934,1.038934
g4519,g4519.mp3,7.340375,3,1,3.107528,3.650068,0.54254
g4519,g4519.mp3,7.340375,3,2,4.470726,5.510635,1.039909
g4520,g4520.mp3,7.8105,3,0,0.0,1.04839,1.04839
g4520,g4520.mp3,7.8105,3,1,2.933039,3.465918,0.53288
g4520,g4520.mp3,7.8105,3,2,4.62839,5.664785,1.036395
g4521,g4521.mp3,6.765625,3,0,0.0,1.033039,1.033039
g4521,g4521.mp3,6.765625,3,1,2.946281,3.472132,0.52585
g4521,g4521.mp3,6.765625,3,2,4.080975,5.103243,1.022268
g4522,g4522.mp3,6.922375,3,0,0.0,1.043333,1.043333
g4522,g4522.mp3,6.922375,3,1,3.069365,3.607392,0.538027
g4522,g4522.mp3,6.922375,3,2,4.228662,5.261224,1.032562
g4523,g4523.mp3,7.68,3,0,0.0,1.027982,1.027982
g4523,g4523.mp3,7.68,3,1,3.030113,3.556168,0.526054
g4523,g4523.mp3,7.68,3,2,4.557007,5.587778,1.030771
g4524,g4524.mp3,6.79175,3,0,0.0,1.029637,1.029637
g4524,g4524.mp3,6.79175,3,1,3.066417,3.569138,0.502721
g4524,g4524.mp3,6.79175,3,2,4.174195,5.18966,1.015465
g4525,g4525.mp3,6.89625,3,0,0.0,1.065556,1.065556
g4525,g4525.mp3,6.89625,3,1,3.161134,3.705624,0.54449
g4525,g4525.mp3,6.89625,3,2,4.25551,5.284512,1.029002
g4526,g4526.mp3,7.340375,3,0,0.0,1.039751,1.039751
g4526,g4526.mp3,7.340375,3,1,3.276417,3.803175,0.526757
g4526,g4526.mp3,7.340375,3,2,4.531882,5.555646,1.023764
g4527,g4527.mp3,6.922375,3,0,0.0,1.032971,1.032971
g4527,g4527.mp3,6.922375,3,1,3.173129,3.694671,0.521542
g4527,g4527.mp3,6.922375,3,2,4.278163,5.298617,1.020454
g4528,g4528.mp3,7.471,3,0,0.0,1.031519,1.031519
g4528,g4528.mp3,7.471,3,1,2.966825,3.517619,0.550794
g4528,g4528.mp3,7.471,3,2,4.467211,5.502698,1.035488
g4529,g4529.mp3,7.549375,3,0,0.0,1.038141,1.038141
g4529,g4529.mp3,7.549375,3,1,3.262426,3.784853,0.522426
g4529,g4529.mp3,7.549375,3,2,4.698889,5.668889,0.97
g4530,g4530.mp3,6.713375,3,0,0.0,1.044512,1.044512
g4530,g4530.mp3,6.713375,3,1,2.66,3.190204,0.530204
g4530,g4530.mp3,6.713375,3,2,3.906077,4.965533,1.059456
g4531,g4531.mp3,6.844,3,0,0.0,1.032018,1.032018
g4531,g4531.mp3,6.844,3,1,3.080794,3.595306,0.514512
g4531,g4531.mp3,6.844,3,2,4.200862,5.214535,1.013673
g4532,g4532.mp3,7.026875,3,0,0.0,1.039252,1.039252
g4532,g4532.mp3,7.026875,3,1,3.076168,3.580748,0.50458
g4532,g4532.mp3,7.026875,3,2,4.290476,5.304059,1.013583
g4533,g4533.mp3,7.601625,3,0,0.0,1.060091,1.060091
g4533,g4533.mp3,7.601625,3,1,3.28805,3.818798,0.530748
g4533,g4533.mp3,7.601625,3,2,4.656168,5.680431,1.024263
g4534,g4534.mp3,7.183625,3,0,0.0,1.057846,1.057846
g4534,g4534.mp3,7.183625,3,1,3.104127,3.612472,0.508345
g4534,g4534.mp3,7.183625,3,2,4.310068,5.357143,1.047075
g4535,g4535.mp3,7.10525,3,0,0.0,1.034943,1.034943
g4535,g4535.mp3,7.10525,3,1,3.182086,3.695374,0.513288
g4535,g4535.mp3,7.10525,3,2,4.350658,5.38712,1.036463
g4536,g4536.mp3,7.706,3,0,0.0,1.050771,1.050771
g4536,g4536.mp3,7.706,3,1,3.298118,3.824399,0.526281
g4536,g4536.mp3,7.706,3,2,4.710091,5.757234,1.047143
g4537,g4537.mp3,7.653875,3,0,0.0,1.053787,1.053787
g4537,g4537.mp3,7.653875,3,1,3.336259,3.875238,0.53898
g4537,g4537.mp3,7.653875,3,2,4.727551,5.782789,1.055238
g4538,g4538.mp3,7.62775,3,0,0.0,1.050068,1.050068
g4538,g4538.mp3,7.62775,3,1,2.964921,3.48068,0.51576
g4538,g4538.mp3,7.62775,3,2,4.519501,5.545692,1.02619
g4539,g4539.mp3,7.079125,3,0,0.0,1.052063,1.052063
g4539,g4539.mp3,7.079125,3,1,3.123719,3.65551,0.531791
g4539,g4539.mp3,7.079125,3,2,4.335533,5.384444,1.048912
g4540,g4540.mp3,7.183625,3,0,0.0,1.048526,1.048526
g4540,g4540.mp3,7.183625,3,1,2.87551,3.426916,0.551406
g4540,g4540.mp3,7.183625,3,2,4.248435,5.288254,1.039819
g4541,g4541.mp3,14.706875,6,0,0.0,1.034717,1.034717
g4541,g4541.mp3,14.706875,6,1,3.439093,3.976621,0.537528
g4541,g4541.mp3,14.706875,6,2,5.02542,6.057937,1.032517
g4541,g4541.mp3,14.706875,6,3,7.16415,8.20288,1.03873
g4541,g4541.mp3,14.706875,6,4,9.285533,10.348118,1.062585
g4541,g4541.mp3,14.706875,6,5,11.506259,12.532404,1.026145
g4542,g4542.mp3,14.524,6,0,0.0,1.049138,1.049138
g4542,g4542.mp3,14.524,6,1,3.387438,3.947596,0.560159
g4542,g4542.mp3,14.524,6,2,5.012154,6.035782,1.023628
g4542,g4542.mp3,14.524,6,3,7.080862,8.10907,1.028209
g4542,g4542.mp3,14.524,6,4,9.124218,10.150998,1.02678
g4542,g4542.mp3,14.524,6,5,11.291701,12.313356,1.021655
g4543,g4543.mp3,8.045625,3,0,0.0,1.047143,1.047143
g4543,g4543.mp3,8.045625,3,1,3.523311,4.075533,0.552222
g4543,g4543.mp3,8.045625,3,2,5.047098,6.106349,1.059252
g4544,g4544.mp3,7.10525,3,0,0.0,1.042268,1.042268
g4544,g4544.mp3,7.10525,3,1,3.143832,3.676236,0.532404
g4544,g4544.mp3,7.10525,3,2,4.345306,5.373968,1.028662
g4545,g4545.mp3,7.340375,3,0,0.0,1.045374,1.045374
g4545,g4545.mp3,7.340375,3,1,3.279002,3.796689,0.517687
g4545,g4545.mp3,7.340375,3,2,4.574195,5.617029,1.042834
g4546,g4546.mp3,7.68,3,0,0.0,1.041497,1.041497
g4546,g4546.mp3,7.68,3,1,3.449274,3.989501,0.540227
g4546,g4546.mp3,7.68,3,2,4.782358,5.845692,1.063333
g4547,g4547.mp3,7.653875,3,0,0.0,1.04127,1.04127
g4547,g4547.mp3,7.653875,3,1,3.288776,3.844875,0.5561
g4547,g4547.mp3,7.653875,3,2,4.739569,5.790907,1.051338
g4548,g4548.mp3,7.392625,3,0,0.0,1.038503,1.038503
g4548,g4548.mp3,7.392625,3,1,3.111383,3.649206,0.537823
g4548,g4548.mp3,7.392625,3,2,4.510771,5.552744,1.041973
g4549,g4549.mp3,7.1575,3,0,0.0,1.040567,1.040567
g4549,g4549.mp3,7.1575,3,1,3.210249,3.73381,0.52356
g4549,g4549.mp3,7.1575,3,2,4.395782,5.432268,1.036485
g4550,g4550.mp3,7.20975,3,0,0.0,1.031088,1.031088
g4550,g4550.mp3,7.20975,3,1,3.012834,3.520748,0.507914
g4550,g4550.mp3,7.20975,3,2,4.348481,5.368685,1.020204
g4551,g4551.mp3,13.217875,6,0,0.0,1.063129,1.063129
g4551,g4551.mp3,13.217875,6,1,3.160522,3.691859,0.531338
g4551,g4551.mp3,13.217875,6,2,4.491497,5.526145,1.034649
g4551,g4551.mp3,13.217875,6,3,6.286032,7.32551,1.039478
g4551,g4551.mp3,13.217875,6,4,8.393741,9.431973,1.038231
g4551,g4551.mp3,13.217875,6,5,10.304014,11.357551,1.053537
g4552,g4552.mp3,13.583625,6,0,0.0,1.04254,1.04254
g4552,g4552.mp3,13.583625,6,1,3.113946,3.628005,0.514059
g4552,g4552.mp3,13.583625,6,2,4.59356,5.620794,1.027234
g4552,g4552.mp3,13.583625,6,3,6.575488,7.615147,1.03966
g4552,g4552.mp3,13.583625,6,4,8.612268,9.634218,1.02195
g4552,g4552.mp3,13.583625,6,5,10.583016,11.634444,1.051429
g4553,g4553.mp3,7.653875,3,0,0.0,1.041814,1.041814
g4553,g4553.mp3,7.653875,3,1,3.456236,3.994014,0.537778
g4553,g4553.mp3,7.653875,3,2,4.789161,5.821315,1.032154
g4554,g4554.mp3,7.732125,3,0,0.0,1.039116,1.039116
g4554,g4554.mp3,7.732125,3,1,3.249161,3.783946,0.534785
g4554,g4554.mp3,7.732125,3,2,4.730023,5.767732,1.03771
g4555,g4555.mp3,15.2555,6,0,0.0,1.053764,1.053764
g4555,g4555.mp3,15.2555,6,1,3.328912,3.858118,0.529206
g4555,g4555.mp3,15.2555,6,2,4.919637,5.972948,1.053311
g4555,g4555.mp3,15.2555,6,3,7.084943,8.14839,1.063447
g4555,g4555.mp3,15.2555,6,4,10.323583,11.365488,1.041905
g4555,g4555.mp3,15.2555,6,5,12.248322,13.281383,1.033061
g4556,g4556.mp3,7.653875,3,0,0.0,1.041134,1.041134
g4556,g4556.mp3,7.653875,3,1,3.440703,3.966735,0.526032
g4556,g4556.mp3,7.653875,3,2,4.738707,5.798549,1.059841
g4557,g4557.mp3,14.445625,6,0,0.0,1.042063,1.042063
g4557,g4557.mp3,14.445625,6,1,3.375238,3.899955,0.524717
g4557,g4557.mp3,14.445625,6,2,4.944172,5.997959,1.053787
g4557,g4557.mp3,14.445625,6,3,7.002449,8.045057,1.042608
g4557,g4557.mp3,14.445625,6,4,9.010839,10.062313,1.051474
g4557,g4557.mp3,14.445625,6,5,11.225397,12.280045,1.054649
g4558,g4558.mp3,7.131375,3,0,0.0,1.039025,1.039025
g4558,g4558.mp3,7.131375,3,1,3.2039,3.723515,0.519615
g4558,g4558.mp3,7.131375,3,2,4.395034,5.425805,1.030771
g4559,g4559.mp3,8.045625,3,0,0.0,1.034263,1.034263
g4559,g4559.mp3,8.045625,3,1,3.437732,3.957483,0.519751
g4559,g4559.mp3,8.045625,3,2,4.965351,6.002993,1.037642
g4560,g4560.mp3,7.41875,3,0,0.0,1.042222,1.042222
g4560,g4560.mp3,7.41875,3,1,3.093447,3.601814,0.508367
g4560,g4560.mp3,7.41875,3,2,4.470884,5.48542,1.014535
g4561,g4561.mp3,7.41875,3,0,0.0,1.025079,1.025079
g4561,g4561.mp3,7.41875,3,1,3.88907,4.88907,1.0
g4561,g4561.mp3,7.41875,3,2,5.619592,6.619637,1.000045
g4562,g4562.mp3,12.98275,6,0,0.0,1.094512,1.094512
g4562,g4562.mp3,12.98275,6,1,3.587166,4.09102,0.503855
g4562,g4562.mp3,12.98275,6,2,4.750635,5.802744,1.052109
g4562,g4562.mp3,12.98275,6,3,6.437687,7.483084,1.045397
g4562,g4562.mp3,12.98275,6,4,8.456281,9.529955,1.073673
g4562,g4562.mp3,12.98275,6,5,10.239796,11.289751,1.049955
g4563,g4563.mp3,7.471,3,0,0.0,1.048526,1.048526
g4563,g4563.mp3,7.471,3,1,3.510476,4.017211,0.506735
g4563,g4563.mp3,7.471,3,2,4.703175,5.728549,1.025374
g4564,g4564.mp3,6.9485,3,0,0.0,1.038254,1.038254
g4564,g4564.mp3,6.9485,3,1,3.402653,3.914014,0.511361
g4564,g4564.mp3,6.9485,3,2,4.391905,5.40576,1.013855
g4565,g4565.mp3,7.471,3,0,0.0,1.041882,1.041882
g4565,g4565.mp3,7.471,3,1,3.487574,4.018617,0.531043
g4565,g4565.mp3,7.471,3,2,4.659478,5.739569,1.080091
g4566,g4566.mp3,7.653875,3,0,0.0,1.041451,1.041451
g4566,g4566.mp3,7.653875,3,1,3.665261,4.197098,0.531837
g4566,g4566.mp3,7.653875,3,2,4.898912,5.951814,1.052902
g4567,g4567.mp3,13.453,6,0,0.0,1.040159,1.040159
g4567,g4567.mp3,13.453,6,1,3.540726,4.052313,0.511587
g4567,g4567.mp3,13.453,6,2,4.970998,5.998889,1.027891
g4567,g4567.mp3,13.453,6,3,6.876803,7.914331,1.037528
g4567,g4567.mp3,13.453,6,4,8.956871,9.976054,1.019184
g4567,g4567.mp3,13.453,6,5,10.691791,11.706531,1.014739
g4568,g4568.mp3,6.89625,3,0,0.0,1.036825,1.036825
g4568,g4568.mp3,6.89625,3,1,3.328005,3.852313,0.524308
g4568,g4568.mp3,6.89625,3,2,4.379501,5.392925,1.013424
g4569,g4569.mp3,7.601625,3,0,0.0,1.043107,1.043107
g4569,g4569.mp3,7.601625,3,1,3.450975,3.955918,0.504943
g4569,g4569.mp3,7.601625,3,2,4.72712,5.766485,1.039365
g4570,g4570.mp3,7.079125,3,0,0.0,1.032472,1.032472
g4570,g4570.mp3,7.079125,3,1,3.129728,3.657755,0.528027
g4570,g4570.mp3,7.079125,3,2,4.327755,5.369773,1.042018
g4571,g4571.mp3,6.713375,3,0,0.0,1.046984,1.046984
g4571,g4571.mp3,6.713375,3,1,3.24941,3.78229,0.53288
g4571,g4571.mp3,6.713375,3,2,4.180544,5.221202,1.040658
g4572,g4572.mp3,7.52325,3,0,0.0,1.047506,1.047506
g4572,g4572.mp3,7.52325,3,1,3.365351,3.897778,0.532426
g4572,g4572.mp3,7.52325,3,2,4.678413,5.726916,1.048503
g4573,g4573.mp3,7.62775,3,0,0.0,1.056372,1.056372
g4573,g4573.mp3,7.62775,3,1,3.333923,3.883923,0.55
g4573,g4573.mp3,7.62775,3,2,4.716168,5.753741,1.037574
g4574,g4574.mp3,7.10525,3,0,0.0,1.058934,1.058934
g4574,g4574.mp3,7.10525,3,1,3.275805,3.796621,0.520816
g4574,g4574.mp3,7.10525,3,2,4.392313,5.423311,1.030998
g4575,g4575.mp3,7.836625,3,0,0.0,1.029569,1.029569
g4575,g4575.mp3,7.836625,3,1,3.462154,3.962132,0.499977
g4575,g4575.mp3,7.836625,3,2,4.885964,5.897188,1.011224
g4576,g4576.mp3,6.9485,3,0,0.0,1.04254,1.04254
g4576,g4576.mp3,6.9485,3,1,3.355578,3.875578,0.52
g4576,g4576.mp3,6.9485,3,2,4.341361,5.403175,1.061814
g4577,g4577.mp3,7.079125,3,0,0.0,1.03737,1.03737
g4577,g4577.mp3,7.079125,3,1,3.308163,3.832381,0.524218
g4577,g4577.mp3,7.079125,3,2,4.420295,5.450023,1.029728
g4578,g4578.mp3,7.1575,3,0,0.0,1.045986,1.045986
g4578,g4578.mp3,7.1575,3,1,3.132812,3.628141,0.495329
g4578,g4578.mp3,7.1575,3,2,4.472245,5.296213,0.823968
g4579,g4579.mp3,6.922375,3,0,0.0,1.033016,1.033016
g4579,g4579.mp3,6.922375,3,1,3.352336,3.8578,0.505465
g4579,g4579.mp3,6.922375,3,2,4.371179,5.394989,1.02381
g4580,g4580.mp3,7.75825,3,0,0.0,1.035669,1.035669
g4580,g4580.mp3,7.75825,3,1,3.263832,3.791111,0.527279
g4580,g4580.mp3,7.75825,3,2,4.77102,5.784943,1.013923
g4581,g4581.mp3,7.41875,3,0,0.0,1.031769,1.031769
g4581,g4581.mp3,7.41875,3,1,3.306871,3.838027,0.531156
g4581,g4581.mp3,7.41875,3,2,4.626281,5.656644,1.030363
g4582,g4582.mp3,7.41875,3,0,0.0,1.064308,1.064308
g4582,g4582.mp3,7.41875,3,1,3.374059,3.909365,0.535306
g4582,g4582.mp3,7.41875,3,2,4.63161,5.658934,1.027324
g4583,g4583.mp3,8.333,3,0,0.0,1.03229,1.03229
g4583,g4583.mp3,8.333,3,1,3.390272,3.920998,0.530726
g4583,g4583.mp3,8.333,3,2,5.106485,6.122562,1.016077
g4584,g4584.mp3,7.288125,3,0,0.0,1.056939,1.056939
g4584,g4584.mp3,7.288125,3,1,3.233379,3.757029,0.523651
g4584,g4584.mp3,7.288125,3,2,4.512222,5.533764,1.021542
g4585,g4585.mp3,7.706,3,0,0.0,1.04712,1.04712
g4585,g4585.mp3,7.706,3,1,3.268367,3.777438,0.50907
g4585,g4585.mp3,7.706,3,2,4.739773,5.762812,1.023039
g4586,g4586.mp3,7.601625,3,0,0.0,1.0278,1.0278
g4586,g4586.mp3,7.601625,3,1,3.349478,3.86771,0.518231
g4586,g4586.mp3,7.601625,3,2,4.720181,5.741474,1.021293
g4587,g4587.mp3,7.836625,3,0,0.0,1.034104,1.034104
g4587,g4587.mp3,7.836625,3,1,3.286145,3.792109,0.505964
g4587,g4587.mp3,7.836625,3,2,4.794195,5.818662,1.024467
g4588,g4588.mp3,7.392625,3,0,0.0,1.03644,1.03644
g4588,g4588.mp3,7.392625,3,1,3.0539,3.56356,0.50966
g4588,g4588.mp3,7.392625,3,2,4.430454,5.453651,1.023197
g4589,g4589.mp3,6.870125,3,0,0.0,1.043288,1.043288
g4589,g4589.mp3,6.870125,3,1,3.429546,3.93839,0.508844
g4589,g4589.mp3,6.870125,3,2,4.440249,5.394218,0.953968
g4590,g4590.mp3,6.922375,3,0,0.0,1.053447,1.053447
g4590,g4590.mp3,6.922375,3,1,3.207256,3.724717,0.51746
g4590,g4590.mp3,6.922375,3,2,4.289342,5.327256,1.037914
g4591,g4591.mp3,7.3665,3,0,0.0,1.044989,1.044989
g4591,g4591.mp3,7.3665,3,1,3.405057,3.909728,0.504671
g4591,g4591.mp3,7.3665,3,2,4.592948,5.624444,1.031497
g4592,g4592.mp3,7.340375,3,0,0.0,1.04415,1.04415
g4592,g4592.mp3,7.340375,3,1,3.361542,3.879206,0.517664
g4592,g4592.mp3,7.340375,3,2,4.5778,5.611293,1.033492
g4593,g4593.mp3,7.5755,3,0,0.0,1.033175,1.033175
g4593,g4593.mp3,7.5755,3,1,3.367687,3.900726,0.533039
g4593,g4593.mp3,7.5755,3,2,4.696961,5.725578,1.028617
g4594,g4594.mp3,7.20975,3,0,0.0,1.033016,1.033016
g4594,g4594.mp3,7.20975,3,1,3.326463,3.850862,0.524399
g4594,g4594.mp3,7.20975,3,2,4.510431,5.532222,1.021791
g4595,g4595.mp3,6.9485,3,0,0.0,1.032381,1.032381
g4595,g4595.mp3,6.9485,3,1,3.368821,3.885646,0.516825
g4595,g4595.mp3,6.9485,3,2,4.396712,5.40254,1.005828
g4596,g4596.mp3,13.9755,6,0,0.0,1.051179,1.051179
g4596,g4596.mp3,13.9755,6,1,3.372313,3.893651,0.521338
g4596,g4596.mp3,13.9755,6,2,4.846531,5.872154,1.025624
g4596,g4596.mp3,13.9755,6,3,6.82712,7.856463,1.029342
g4596,g4596.mp3,13.9755,6,4,8.873333,9.894853,1.021519
g4596,g4596.mp3,13.9755,6,5,10.937778,11.953787,1.016009
g4597,g4597.mp3,7.053,3,0,0.0,1.041542,1.041542
g4597,g4597.mp3,7.053,3,1,3.326531,3.833492,0.506961
g4597,g4597.mp3,7.053,3,2,4.4122,5.43093,1.01873
g4598,g4598.mp3,7.993375,3,0,0.0,1.032993,1.032993
g4598,g4598.mp3,7.993375,3,1,3.064853,3.580227,0.515374
g4598,g4598.mp3,7.993375,3,2,4.743605,5.772925,1.02932
g4599,g4599.mp3,7.549375,3,0,0.0,1.042676,1.042676
g4599,g4599.mp3,7.549375,3,1,3.487619,4.040045,0.552426
g4599,g4599.mp3,7.549375,3,2,4.766122,5.799728,1.033605
g4600,g4600.mp3,7.20975,3,0,0.0,1.050567,1.050567
g4600,g4600.mp3,7.20975,3,1,2.972041,3.49551,0.523469
g4600,g4600.mp3,7.20975,3,2,4.282063,5.317868,1.035805
g4601,g4601.mp3,7.079125,3,0,0.0,1.029932,1.029932
g4601,g4601.mp3,7.079125,3,1,3.256009,3.784512,0.528503
g4601,g4601.mp3,7.079125,3,2,4.406508,5.429705,1.023197
g4602,g4602.mp3,6.7395,3,0,0.0,1.026984,1.026984
g4602,g4602.mp3,6.7395,3,1,3.138571,3.646485,0.507914
g4602,g4602.mp3,6.7395,3,2,4.188231,5.193175,1.004943
g4603,g4603.mp3,13.792625,6,0,0.0,1.026803,1.026803
g4603,g4603.mp3,13.792625,6,1,3.142517,3.668277,0.52576
g4603,g4603.mp3,13.792625,6,2,4.590907,5.621043,1.030136
g4603,g4603.mp3,13.792625,6,3,6.550612,7.59551,1.044898
g4603,g4603.mp3,13.792625,6,4,8.574376,9.592063,1.017687
g4603,g4603.mp3,13.792625,6,5,10.672902,11.709841,1.036939
g4604,g4604.mp3,7.3665,3,0,0.0,1.039048,1.039048
g4604,g4604.mp3,7.3665,3,1,3.080408,3.602222,0.521814
g4604,g4604.mp3,7.3665,3,2,4.468526,5.485828,1.017302
g4605,g4605.mp3,7.10525,3,0,0.0,1.035442,1.035442
g4605,g4605.mp3,7.10525,3,1,3.100431,3.607596,0.507166
g4605,g4605.mp3,7.10525,3,2,4.32644,5.346735,1.020295
g4606,g4606.mp3,7.549375,3,0,0.0,1.040476,1.040476
g4606,g4606.mp3,7.549375,3,1,3.0922,3.604218,0.512018
g4606,g4606.mp3,7.549375,3,2,4.563175,5.576077,1.012902
g4607,g4607.mp3,7.653875,3,0,0.0,1.035828,1.035828
g4607,g4607.mp3,7.653875,3,1,3.147914,3.685556,0.537642
g4607,g4607.mp3,7.653875,3,2,4.628753,5.659864,1.031111
g4608,g4608.mp3,6.79175,3,0,0.0,1.038776,1.038776
g4608,g4608.mp3,6.79175,3,1,2.968707,3.489297,0.52059
g4608,g4608.mp3,6.79175,3,2,4.125737,5.153968,1.028231
g4609,g4609.mp3,7.1575,3,0,0.0,1.052109,1.052109
g4609,g4609.mp3,7.1575,3,1,3.081247,3.598005,0.516757
g4609,g4609.mp3,7.1575,3,2,4.335556,5.392222,1.056667
g4610,g4610.mp3,7.706,3,0,0.0,1.040454,1.040454
g4610,g4610.mp3,7.706,3,1,2.981338,3.508481,0.527143
g4610,g4610.mp3,7.706,3,2,4.564082,5.58898,1.024898
g4611,g4611.mp3,7.235875,3,0,0.0,1.048186,1.048186
g4611,g4611.mp3,7.235875,3,1,3.122154,3.636576,0.514422
g4611,g4611.mp3,7.235875,3,2,4.389252,5.410454,1.021202
g4612,g4612.mp3,7.444875,3,0,0.0,1.065782,1.065782
g4612,g4612.mp3,7.444875,3,1,2.99059,3.488685,0.498095
g4612,g4612.mp3,7.444875,3,2,4.438299,5.447937,1.009637
g4613,g4613.mp3,7.00075,3,0,0.0,1.028526,1.028526
g4613,g4613.mp3,7.00075,3,1,3.167982,3.665465,0.497483
g4613,g4613.mp3,7.00075,3,2,4.312426,5.319887,1.00746
g4614,g4614.mp3,6.974625,3,0,0.0,1.059342,1.059342
g4614,g4614.mp3,6.974625,3,1,3.29805,3.79483,0.49678
g4614,g4614.mp3,6.974625,3,2,4.357166,5.386531,1.029365
g4615,g4615.mp3,6.89625,3,0,0.0,1.031247,1.031247
g4615,g4615.mp3,6.89625,3,1,3.264694,3.762721,0.498027
g4615,g4615.mp3,6.89625,3,2,4.305805,5.313991,1.008186
g4616,g4616.mp3,7.5755,3,0,0.0,1.043719,1.043719
g4616,g4616.mp3,7.5755,3,1,3.447506,3.968707,0.521202
g4616,g4616.mp3,7.5755,3,2,4.741565,5.768095,1.026531
g4617,g4617.mp3,7.68,3,0,0.0,1.033628,1.033628
g4617,g4617.mp3,7.68,3,1,3.526417,4.054014,0.527596
g4617,g4617.mp3,7.68,3,2,4.813583,5.834626,1.021043
g4618,g4618.mp3,7.5755,3,0,0.0,1.043107,1.043107
g4618,g4618.mp3,7.5755,3,1,3.219274,3.745601,0.526327
g4618,g4618.mp3,7.5755,3,2,4.672041,5.708934,1.036893
g4619,g4619.mp3,7.471,3,0,0.0,1.032449,1.032449
g4619,g4619.mp3,7.471,3,1,3.148254,3.659705,0.511451
g4619,g4619.mp3,7.471,3,2,4.546939,5.568866,1.021927
g4620,g4620.mp3,7.41875,3,0,0.0,1.029025,1.029025
g4620,g4620.mp3,7.41875,3,1,2.817347,3.370363,0.553016
g4620,g4620.mp3,7.41875,3,2,4.350385,5.38415,1.033764
g4621,g4621.mp3,13.688125,6,0,0.0,1.044807,1.044807
g4621,g4621.mp3,13.688125,6,1,3.336349,3.865351,0.529002
g4621,g4621.mp3,13.688125,6,2,4.554898,5.601474,1.046576
g4621,g4621.mp3,13.688125,6,3,6.317574,7.337982,1.020408
g4621,g4621.mp3,13.688125,6,4,9.308571,10.31932,1.010748
g4621,g4621.mp3,13.688125,6,5,10.945986,11.996644,1.050658
g4622,g4622.mp3,7.601625,3,0,0.0,1.045578,1.045578
g4622,g4622.mp3,7.601625,3,1,3.415238,3.956599,0.541361
g4622,g4622.mp3,7.601625,3,2,4.718934,5.757143,1.038209
g4623,g4623.mp3,7.601625,3,0,0.0,1.037732,1.037732
g4623,g4623.mp3,7.601625,3,1,3.453379,3.987166,0.533787
g4623,g4623.mp3,7.601625,3,2,4.75381,5.798821,1.045011
g4624,g4624.mp3,7.75825,3,0,0.0,1.047664,1.047664
g4624,g4624.mp3,7.75825,3,1,3.365646,3.881701,0.516054
g4624,g4624.mp3,7.75825,3,2,4.809048,5.829002,1.019955
g4625,g4625.mp3,7.444875,3,0,0.0,1.043129,1.043129
g4625,g4625.mp3,7.444875,3,1,3.371179,3.888005,0.516825
g4625,g4625.mp3,7.444875,3,2,4.598798,5.6422,1.043401
g4626,g4626.mp3,7.053,3,0,0.0,1.056009,1.056009
g4626,g4626.mp3,7.053,3,1,3.324603,3.820907,0.496304
g4626,g4626.mp3,7.053,3,2,4.393084,5.420272,1.027188
g4627,g4627.mp3,6.9485,3,0,0.0,1.037324,1.037324
g4627,g4627.mp3,6.9485,3,1,3.180612,3.696327,0.515714
g4627,g4627.mp3,6.9485,3,2,4.28263,5.300454,1.017823
g4628,g4628.mp3,7.20975,3,0,0.0,1.035283,1.035283
g4628,g4628.mp3,7.20975,3,1,3.096689,3.645215,0.548526
g4628,g4628.mp3,7.20975,3,2,4.388889,5.418912,1.030023
g4629,g4629.mp3,7.340375,3,0,0.0,1.046485,1.046485
g4629,g4629.mp3,7.340375,3,1,3.373605,3.916531,0.542925
g4629,g4629.mp3,7.340375,3,2,4.604263,5.605397,1.001134
g4630,g4630.mp3,7.288125,3,0,0.0,1.039138,1.039138
g4630,g4630.mp3,7.288125,3,1,3.13458,3.646871,0.51229
g4630,g4630.mp3,7.288125,3,2,4.442653,5.484626,1.041973
g4631,g4631.mp3,7.026875,3,0,0.0,1.046077,1.046077
g4631,g4631.mp3,7.026875,3,1,3.231293,3.774172,0.54288
g4631,g4631.mp3,7.026875,3,2,4.357324,5.411156,1.053832
g4632,g4632.mp3,7.3665,3,0,0.0,1.058435,1.058435
g4632,g4632.mp3,7.3665,3,1,3.274898,3.78254,0.507642
g4632,g4632.mp3,7.3665,3,2,4.541519,5.577982,1.036463
g4633,g4633.mp3,7.392625,3,0,0.0,1.047029,1.047029
g4633,g4633.mp3,7.392625,3,1,3.467438,4.013583,0.546145
g4633,g4633.mp3,7.392625,3,2,4.71576,5.752109,1.036349
g4634,g4634.mp3,7.68,3,0,0.0,1.025964,1.025964
g4634,g4634.mp3,7.68,3,1,3.251338,3.749683,0.498345
g4634,g4634.mp3,7.68,3,2,4.670862,5.691043,1.020181
g4635,g4635.mp3,8.2285,3,0,0.0,1.048163,1.048163
g4635,g4635.mp3,8.2285,3,1,3.468163,3.994807,0.526644
g4635,g4635.mp3,8.2285,3,2,5.052041,6.095488,1.043447
g4636,g4636.mp3,7.62775,3,0,0.0,1.043107,1.043107
g4636,g4636.mp3,7.62775,3,1,3.462381,3.980635,0.518254
g4636,g4636.mp3,7.62775,3,2,4.753401,5.78229,1.028889
g4637,g4637.mp3,7.31425,3,0,0.0,1.037914,1.037914
g4637,g4637.mp3,7.31425,3,1,3.416825,3.935941,0.519116
g4637,g4637.mp3,7.31425,3,2,4.583537,5.593946,1.010408
g4638,g4638.mp3,6.765625,3,0,0.0,1.033129,1.033129
g4638,g4638.mp3,6.765625,3,1,3.087778,3.600612,0.512834
g4638,g4638.mp3,6.765625,3,2,4.150703,5.159252,1.008549
g4639,g4639.mp3,7.1575,3,0,0.0,1.033673,1.033673
g4639,g4639.mp3,7.1575,3,1,3.405533,3.907891,0.502358
g4639,g4639.mp3,7.1575,3,2,4.499683,5.526757,1.027075
g4640,g4640.mp3,7.62775,3,0,0.0,1.035805,1.035805
g4640,g4640.mp3,7.62775,3,1,3.089796,3.617823,0.528027
g4640,g4640.mp3,7.62775,3,2,4.57771,5.620023,1.042313
g4641,g4641.mp3,8.8555,3,0,0.0,1.046667,1.046667
g4641,g4641.mp3,8.8555,3,1,3.449932,3.960907,0.510975
g4641,g4641.mp3,8.8555,3,2,5.39542,6.420884,1.025465
g4642,g4642.mp3,7.96725,3,0,0.0,1.045669,1.045669
g4642,g4642.mp3,7.96725,3,1,3.44712,3.9561,0.50898
g4642,g4642.mp3,7.96725,3,2,4.927778,5.941179,1.013401
g4643,g4643.mp3,8.38525,3,0,0.0,1.04746,1.04746
g4643,g4643.mp3,8.38525,3,1,3.626077,4.14102,0.514943
g4643,g4643.mp3,8.38525,3,2,5.189342,6.228776,1.039433
g4644,g4644.mp3,9.273375,3,0,0.0,1.043583,1.043583
g4644,g4644.mp3,9.273375,3,1,3.660023,4.154104,0.494082
g4644,g4644.mp3,9.273375,3,2,5.65941,6.689546,1.030136
g4645,g4645.mp3,7.836625,3,0,0.0,1.034195,1.034195
g4645,g4645.mp3,7.836625,3,1,3.58712,4.120249,0.533129
g4645,g4645.mp3,7.836625,3,2,4.940952,5.970975,1.030023
g4646,g4646.mp3,8.07175,3,0,0.0,1.042812,1.042812
g4646,g4646.mp3,8.07175,3,1,3.516961,4.053333,0.536372
g4646,g4646.mp3,8.07175,3,2,5.07229,6.106553,1.034263
g4647,g4647.mp3,7.62775,3,0,0.0,1.039615,1.039615
g4647,g4647.mp3,7.62775,3,1,3.587302,4.106553,0.519252
g4647,g4647.mp3,7.62775,3,2,4.815034,5.866961,1.051927
g4648,g4648.mp3,7.1575,3,0,0.0,1.060522,1.060522
g4648,g4648.mp3,7.1575,3,1,3.209955,3.751882,0.541927
g4648,g4648.mp3,7.1575,3,2,4.42483,5.448798,1.023968
g4649,g4649.mp3,7.392625,3,0,0.0,1.031837,1.031837
g4649,g4649.mp3,7.392625,3,1,3.211293,3.718912,0.507619
g4649,g4649.mp3,7.392625,3,2,4.511338,5.536122,1.024785
g4650,g4650.mp3,7.52325,3,0,0.0,1.041202,1.041202
g4650,g4650.mp3,7.52325,3,1,3.130975,3.645556,0.51458
g4650,g4650.mp3,7.52325,3,2,4.556576,5.570522,1.013946
g4651,g4651.mp3,9.41,3,0,0.0,1.167619,1.167619
g4651,g4651.mp3,9.41,3,1,4.159864,5.16068,1.000816
g4651,g4651.mp3,9.41,3,2,6.540499,7.541451,1.000952
g4652,g4652.mp3,7.993375,3,0,0.0,1.032449,1.032449
g4652,g4652.mp3,7.993375,3,1,3.318458,3.851247,0.532789
g4652,g4652.mp3,7.993375,3,2,4.94102,5.982676,1.041655
g4653,g4653.mp3,7.471,3,0,0.0,1.0478,1.0478
g4653,g4653.mp3,7.471,3,1,3.567392,4.089932,0.52254
g4653,g4653.mp3,7.471,3,2,4.771973,5.790476,1.018503
g4654,g4654.mp3,7.41875,3,0,0.0,1.034195,1.034195
g4654,g4654.mp3,7.41875,3,1,3.329819,3.827098,0.497279
g4654,g4654.mp3,7.41875,3,2,4.58585,5.591066,1.005215
g4655,g4655.mp3,7.497125,3,0,0.0,1.027574,1.027574
g4655,g4655.mp3,7.497125,3,1,3.398934,3.900771,0.501837
g4655,g4655.mp3,7.497125,3,2,4.670068,5.690635,1.020567
g4656,g4656.mp3,7.288125,3,0,0.0,1.02941,1.02941
g4656,g4656.mp3,7.288125,3,1,3.369569,3.862562,0.492993
g4656,g4656.mp3,7.288125,3,2,4.55932,5.574127,1.014807
g4657,g4657.mp3,7.288125,3,0,0.0,1.034694,1.034694
g4657,g4657.mp3,7.288125,3,1,3.390476,3.913447,0.522971
g4657,g4657.mp3,7.288125,3,2,4.578163,5.594989,1.016825
g4658,g4658.mp3,7.52325,3,0,0.0,1.032948,1.032948
g4658,g4658.mp3,7.52325,3,1,3.226735,3.737732,0.510998
g4658,g4658.mp3,7.52325,3,2,4.559728,5.586236,1.026508
g4659,g4659.mp3,7.706,3,0,0.0,1.03932,1.03932
g4659,g4659.mp3,7.706,3,1,3.181678,3.694014,0.512336
g4659,g4659.mp3,7.706,3,2,4.661814,5.676485,1.014671
g4660,g4660.mp3,6.713375,3,0,0.0,1.045918,1.045918
g4660,g4660.mp3,6.713375,3,1,3.127596,3.638617,0.51102
g4660,g4660.mp3,6.713375,3,2,4.157234,5.169683,1.012449
g4661,g4661.mp3,7.3665,3,0,0.0,1.040658,1.040658
g4661,g4661.mp3,7.3665,3,1,3.505079,4.040612,0.535533
g4661,g4661.mp3,7.3665,3,2,4.651837,5.68322,1.031383
g4662,g4662.mp3,8.8555,3,0,0.0,1.056327,1.056327
g4662,g4662.mp3,8.8555,3,1,3.486621,4.025057,0.538435
g4662,g4662.mp3,8.8555,3,2,5.406735,6.467619,1.060884
g4663,g4663.mp3,7.706,3,0,0.0,1.029592,1.029592
g4663,g4663.mp3,7.706,3,1,3.473447,3.973968,0.500522
g4663,g4663.mp3,7.706,3,2,4.87034,5.877483,1.007143
g4664,g4664.mp3,8.48975,3,0,0.0,1.026712,1.026712
g4664,g4664.mp3,8.48975,3,1,3.544059,4.052698,0.508639
g4664,g4664.mp3,8.48975,3,2,5.198889,6.212245,1.013356
g4665,g4665.mp3,8.07175,3,0,0.0,1.046735,1.046735
g4665,g4665.mp3,8.07175,3,1,3.499773,4.014694,0.514921
g4665,g4665.mp3,8.07175,3,2,5.020998,6.058118,1.03712
g4666,g4666.mp3,7.75825,3,0,0.0,1.043583,1.043583
g4666,g4666.mp3,7.75825,3,1,3.623696,4.149116,0.52542
g4666,g4666.mp3,7.75825,3,2,4.921519,5.93449,1.012971
g4667,g4667.mp3,14.47175,6,0,0.0,1.072562,1.072562
g4667,g4667.mp3,14.47175,6,1,3.364422,3.879864,0.515442
g4667,g4667.mp3,14.47175,6,2,4.583175,5.60415,1.020975
g4667,g4667.mp3,14.47175,6,3,6.363651,7.441769,1.078118
g4667,g4667.mp3,14.47175,6,4,9.618141,10.688186,1.070045
g4667,g4667.mp3,14.47175,6,5,11.545646,12.593379,1.047732
g4668,g4668.mp3,8.777125,3,0,0.0,1.02712,1.02712
g4668,g4668.mp3,8.777125,3,1,3.891066,4.411746,0.52068
g4668,g4668.mp3,8.777125,3,2,5.542222,6.575941,1.033719
g4669,g4669.mp3,8.045625,3,0,0.0,1.040567,1.040567
g4669,g4669.mp3,8.045625,3,1,3.481701,4.004762,0.523061
g4669,g4669.mp3,8.045625,3,2,4.987392,6.014218,1.026825
g4670,g4670.mp3,7.026875,3,0,0.0,1.044399,1.044399
g4670,g4670.mp3,7.026875,3,1,3.371156,3.887551,0.516395
g4670,g4670.mp3,7.026875,3,2,4.405556,5.43229,1.026735
g4671,g4671.mp3,11.572125,6,0,0.0,1.040159,1.040159
g4671,g4671.mp3,11.572125,6,1,3.377982,3.897029,0.519048
g4671,g4671.mp3,11.572125,6,2,4.324989,5.344127,1.019138
g4671,g4671.mp3,11.572125,6,3,5.767415,6.801814,1.034399
g4671,g4671.mp3,11.572125,6,4,7.692925,8.71551,1.022585
g4671,g4671.mp3,11.572125,6,5,9.113175,10.149138,1.035964
g4672,g4672.mp3,7.5755,3,0,0.0,1.02805,1.02805
g4672,g4672.mp3,7.5755,3,1,3.45161,3.952154,0.500544
g4672,g4672.mp3,7.5755,3,2,4.743379,5.753719,1.01034
g4673,g4673.mp3,7.52325,3,0,0.0,1.034308,1.034308
g4673,g4673.mp3,7.52325,3,1,3.437914,3.940091,0.502177
g4673,g4673.mp3,7.52325,3,2,4.713764,5.733605,1.019841
g4674,g4674.mp3,7.1575,3,0,0.0,1.030045,1.030045
g4674,g4674.mp3,7.1575,3,1,3.475669,4.00229,0.526621
g4674,g4674.mp3,7.1575,3,2,4.567982,5.582517,1.014535
g4675,g4675.mp3,11.755,6,0,0.0,1.042902,1.042902
g4675,g4675.mp3,11.755,6,1,3.612313,4.144376,0.532063
g4675,g4675.mp3,11.755,6,2,4.549909,5.587347,1.037438
g4675,g4675.mp3,11.755,6,3,5.987302,7.026145,1.038844
g4675,g4675.mp3,11.755,6,4,7.928639,8.960136,1.031497
g4675,g4675.mp3,11.755,6,5,9.348503,10.360794,1.01229
g4676,g4676.mp3,7.68,3,0,0.0,1.031338,1.031338
g4676,g4676.mp3,7.68,3,1,3.518821,4.039819,0.520998
g4676,g4676.mp3,7.68,3,2,4.860385,5.89483,1.034444
g4677,g4677.mp3,7.340375,3,0,0.0,1.04102,1.04102
g4677,g4677.mp3,7.340375,3,1,3.533583,4.035918,0.502336
g4677,g4677.mp3,7.340375,3,2,4.668186,5.695125,1.026939
g4678,g4678.mp3,7.131375,3,0,0.0,1.051224,1.051224
g4678,g4678.mp3,7.131375,3,1,3.286463,3.819048,0.532585
g4678,g4678.mp3,7.131375,3,2,4.441791,5.481814,1.040023
g4679,g4679.mp3,7.52325,3,0,0.0,1.026417,1.026417
g4679,g4679.mp3,7.52325,3,1,3.483288,4.01517,0.531882
g4679,g4679.mp3,7.52325,3,2,4.719796,5.766349,1.046553
g4680,g4680.mp3,7.053,3,0,0.0,1.033605,1.033605
g4680,g4680.mp3,7.053,3,1,3.019093,3.528844,0.509751
g4680,g4680.mp3,7.053,3,2,4.270862,5.307302,1.03644
g4681,g4681.mp3,7.3665,3,0,0.0,1.04263,1.04263
g4681,g4681.mp3,7.3665,3,1,3.394376,3.904762,0.510385
g4681,g4681.mp3,7.3665,3,2,4.603787,5.621995,1.018209
g4682,g4682.mp3,7.601625,3,0,0.0,1.039184,1.039184
g4682,g4682.mp3,7.601625,3,1,3.400272,3.928073,0.5278
g4682,g4682.mp3,7.601625,3,2,4.741905,5.774558,1.032653
g4683,g4683.mp3,7.96725,3,0,0.0,1.04576,1.04576
g4683,g4683.mp3,7.96725,3,1,3.475669,3.988027,0.512358
g4683,g4683.mp3,7.96725,3,2,4.908481,5.968571,1.060091
g4684,g4684.mp3,8.07175,3,0,0.0,1.039116,1.039116
g4684,g4684.mp3,8.07175,3,1,3.590975,4.105828,0.514853
g4684,g4684.mp3,8.07175,3,2,5.090068,6.108639,1.018571
g4685,g4685.mp3,7.20975,3,0,0.0,1.049478,1.049478
g4685,g4685.mp3,7.20975,3,1,3.50966,4.01771,0.50805
g4685,g4685.mp3,7.20975,3,2,4.564172,5.59034,1.026168
g4686,g4686.mp3,7.340375,3,0,0.0,1.041202,1.041202
g4686,g4686.mp3,7.340375,3,1,3.475714,4.006757,0.531043
g4686,g4686.mp3,7.340375,3,2,4.616531,5.692721,1.07619
g4687,g4687.mp3,7.262,3,0,0.0,1.037846,1.037846
g4687,g4687.mp3,7.262,3,1,3.440635,3.955556,0.514921
g4687,g4687.mp3,7.262,3,2,4.584286,5.620045,1.03576
g4688,g4688.mp3,7.732125,3,0,0.0,1.040907,1.040907
g4688,g4688.mp3,7.732125,3,1,3.249751,3.766621,0.516871
g4688,g4688.mp3,7.732125,3,2,4.740408,5.76517,1.024762
g4689,g4689.mp3,7.288125,3,0,0.0,1.043243,1.043243
g4689,g4689.mp3,7.288125,3,1,3.574331,4.087256,0.512925
g4689,g4689.mp3,7.288125,3,2,4.67898,5.68771,1.00873
g4690,g4690.mp3,6.974625,3,0,0.0,1.028934,1.028934
g4690,g4690.mp3,6.974625,3,1,3.231224,3.749252,0.518027
g4690,g4690.mp3,6.974625,3,2,4.315669,5.333741,1.018073
g4691,g4691.mp3,8.620375,3,0,0.0,1.030862,1.030862
g4691,g4691.mp3,8.620375,3,1,3.6461,4.150703,0.504603
g4691,g4691.mp3,8.620375,3,2,5.370476,6.396122,1.025646
g4692,g4692.mp3,7.235875,3,0,0.0,1.045805,1.045805
g4692,g4692.mp3,7.235875,3,1,3.434512,3.95932,0.524807
g4692,g4692.mp3,7.235875,3,2,4.568934,5.596735,1.0278
g4693,g4693.mp3,7.836625,3,0,0.0,1.042585,1.042585
g4693,g4693.mp3,7.836625,3,1,3.517188,4.048027,0.530839
g4693,g4693.mp3,7.836625,3,2,4.897483,5.945941,1.048458
g4694,g4694.mp3,7.86275,3,0,0.0,1.029274,1.029274
g4694,g4694.mp3,7.86275,3,1,3.642358,4.167664,0.525306
g4694,g4694.mp3,7.86275,3,2,4.981179,5.998345,1.017166
g4695,g4695.mp3,7.653875,3,0,0.0,1.042971,1.042971
g4695,g4695.mp3,7.653875,3,1,3.705147,4.225079,0.519932
g4695,g4695.mp3,7.653875,3,2,4.934218,5.967664,1.033447
g4696,g4696.mp3,7.784375,3,0,0.0,1.041565,1.041565
g4696,g4696.mp3,7.784375,3,1,3.678254,4.188163,0.509909
g4696,g4696.mp3,7.784375,3,2,4.940476,5.976145,1.035669
g4697,g4697.mp3,8.933875,3,0,0.0,1.057664,1.057664
g4697,g4697.mp3,8.933875,3,1,3.779751,4.326576,0.546825
g4697,g4697.mp3,8.933875,3,2,5.589977,6.62898,1.039002
g4698,g4698.mp3,7.75825,3,0,0.0,1.055079,1.055079
g4698,g4698.mp3,7.75825,3,1,3.231655,3.815102,0.583447
g4698,g4698.mp3,7.75825,3,2,4.741746,5.768707,1.026961
g4699,g4699.mp3,7.62775,3,0,0.0,1.045079,1.045079
g4699,g4699.mp3,7.62775,3,1,3.53059,4.052608,0.522018
g4699,g4699.mp3,7.62775,3,2,4.792222,5.815692,1.023469
g4700,g4700.mp3,7.288125,3,0,0.0,1.027778,1.027778
g4700,g4700.mp3,7.288125,3,1,3.248209,3.760045,0.511837
g4700,g4700.mp3,7.288125,3,2,4.497846,5.513243,1.015397
g4701,g4701.mp3,7.10525,3,0,0.0,1.038027,1.038027
g4701,g4701.mp3,7.10525,3,1,3.272018,3.818821,0.546803
g4701,g4701.mp3,7.10525,3,2,4.424422,5.448322,1.0239
g4702,g4702.mp3,7.497125,3,0,0.0,1.038141,1.038141
g4702,g4702.mp3,7.497125,3,1,3.108005,3.635941,0.527937
g4702,g4702.mp3,7.497125,3,2,4.50644,5.518118,1.011678
g4703,g4703.mp3,7.3665,3,0,0.0,1.039615,1.039615
g4703,g4703.mp3,7.3665,3,1,3.201315,3.704853,0.503537
g4703,g4703.mp3,7.3665,3,2,4.478707,5.508367,1.02966
g4704,g4704.mp3,7.52325,3,0,0.0,1.048186,1.048186
g4704,g4704.mp3,7.52325,3,1,3.361769,3.891293,0.529524
g4704,g4704.mp3,7.52325,3,2,4.686236,5.718685,1.032449
g4705,g4705.mp3,7.653875,3,0,0.0,1.026621,1.026621
g4705,g4705.mp3,7.653875,3,1,3.292041,3.826757,0.534717
g4705,g4705.mp3,7.653875,3,2,4.712789,5.750431,1.037642
g4706,g4706.mp3,19.31025,6,0,0.0,1.062676,1.062676
g4706,g4706.mp3,19.31025,6,1,4.521406,5.521451,1.000045
g4706,g4706.mp3,19.31025,6,2,7.24127,8.242585,1.001315
g4706,g4706.mp3,19.31025,6,3,10.227528,11.227029,0.999501
g4706,g4706.mp3,19.31025,6,4,14.053515,15.054376,1.000862
g4706,g4706.mp3,19.31025,6,5,16.448481,17.449705,1.001224
g4707,g4707.mp3,14.001625,6,0,0.0,1.025057,1.025057
g4707,g4707.mp3,14.001625,6,1,3.786667,4.786644,0.999977
g4707,g4707.mp3,14.001625,6,2,6.018685,7.018685,1.0
g4707,g4707.mp3,14.001625,6,3,8.285533,8.780522,0.494989
g4707,g4707.mp3,14.001625,6,4,9.960272,10.960295,1.000023
g4707,g4707.mp3,14.001625,6,5,11.958639,12.958639,1.0
g4708,g4708.mp3,13.871,6,0,0.0,1.033107,1.033107
g4708,g4708.mp3,13.871,6,1,3.08034,3.60356,0.52322
g4708,g4708.mp3,13.871,6,2,4.793311,5.824308,1.030998
g4708,g4708.mp3,13.871,6,3,7.014263,8.057868,1.043605
g4708,g4708.mp3,13.871,6,4,9.02068,10.05542,1.034739
g4708,g4708.mp3,13.871,6,5,10.973764,12.016599,1.042834
g4709,g4709.mp3,7.5755,3,0,0.0,1.044286,1.044286
g4709,g4709.mp3,7.5755,3,1,3.208821,3.738503,0.529683
g4709,g4709.mp3,7.5755,3,2,4.624512,5.660181,1.035669
g4710,g4710.mp3,6.765625,3,0,0.0,1.028617,1.028617
g4710,g4710.mp3,6.765625,3,1,3.013968,3.537347,0.523379
g4710,g4710.mp3,6.765625,3,2,4.139274,5.15449,1.015215
g4711,g4711.mp3,14.68075,6,0,0.0,1.025533,1.025533
g4711,g4711.mp3,14.68075,6,1,3.224082,3.734376,0.510295
g4711,g4711.mp3,14.68075,6,2,4.568027,5.575283,1.007256
g4711,g4711.mp3,14.68075,6,3,6.458277,7.494036,1.03576
g4711,g4711.mp3,14.68075,6,4,9.693197,10.717052,1.023855
g4711,g4711.mp3,14.68075,6,5,11.675714,12.705125,1.02941
g4712,g4712.mp3,7.262,3,0,0.0,1.039864,1.039864
g4712,g4712.mp3,7.262,3,1,3.342562,3.847687,0.505125
g4712,g4712.mp3,7.262,3,2,4.487778,5.504467,1.016689
g4713,g4713.mp3,7.3665,3,0,0.0,1.033265,1.033265
g4713,g4713.mp3,7.3665,3,1,3.256281,3.775714,0.519433
g4713,g4713.mp3,7.3665,3,2,4.540295,5.568889,1.028594
g4714,g4714.mp3,7.601625,3,0,0.0,1.054082,1.054082
g4714,g4714.mp3,7.601625,3,1,3.554943,4.059705,0.504762
g4714,g4714.mp3,7.601625,3,2,4.784966,5.806281,1.021315
g4715,g4715.mp3,7.392625,3,0,0.0,1.03381,1.03381
g4715,g4715.mp3,7.392625,3,1,3.434059,3.939909,0.50585
g4715,g4715.mp3,7.392625,3,2,4.63449,5.65873,1.02424
g4716,g4716.mp3,7.706,3,0,0.0,1.042063,1.042063
g4716,g4716.mp3,7.706,3,1,3.385261,3.910635,0.525374
g4716,g4716.mp3,7.706,3,2,4.775646,5.810159,1.034512
g4717,g4717.mp3,7.62775,3,0,0.0,1.0578,1.0578
g4717,g4717.mp3,7.62775,3,1,3.569932,4.087891,0.517959
g4717,g4717.mp3,7.62775,3,2,4.818458,5.83644,1.017982
g4718,g4718.mp3,7.41875,3,0,0.0,1.041769,1.041769
g4718,g4718.mp3,7.41875,3,1,3.324014,3.832721,0.508707
g4718,g4718.mp3,7.41875,3,2,4.581633,5.603401,1.021769
g4719,g4719.mp3,7.471,3,0,0.0,1.046168,1.046168
g4719,g4719.mp3,7.471,3,1,3.370522,3.866984,0.496463
g4719,g4719.mp3,7.471,3,2,4.640771,5.658866,1.018095
g4720,g4720.mp3,7.262,3,0,0.0,1.033832,1.033832
g4720,g4720.mp3,7.262,3,1,3.09771,3.591156,0.493447
g4720,g4720.mp3,7.262,3,2,4.398435,5.410476,1.012041
g4721,g4721.mp3,7.1575,3,0,0.0,1.025714,1.025714
g4721,g4721.mp3,7.1575,3,1,3.352857,3.866803,0.513946
g4721,g4721.mp3,7.1575,3,2,4.483061,5.503039,1.019977
g4722,g4722.mp3,7.1575,3,0,0.0,1.04737,1.04737
g4722,g4722.mp3,7.1575,3,1,3.396054,3.901655,0.505601
g4722,g4722.mp3,7.1575,3,2,4.533243,5.551542,1.018299
g4723,g4723.mp3,12.87825,6,0,0.0,1.045238,1.045238
g4723,g4723.mp3,12.87825,6,1,3.361066,3.871338,0.510272
g4723,g4723.mp3,12.87825,6,2,4.522381,5.557732,1.035351
g4723,g4723.mp3,12.87825,6,3,6.177506,7.219637,1.042132
g4723,g4723.mp3,12.87825,6,4,8.151859,9.176825,1.024966
g4723,g4723.mp3,12.87825,6,5,9.985193,11.020227,1.035034
g4724,g4724.mp3,7.235875,3,0,0.0,1.044059,1.044059
g4724,g4724.mp3,7.235875,3,1,3.56737,4.099456,0.532086
g4724,g4724.mp3,7.235875,3,2,4.648753,5.693946,1.045193
g4725,g4725.mp3,7.31425,3,0,0.0,1.03941,1.03941
g4725,g4725.mp3,7.31425,3,1,3.655669,4.181882,0.526213
g4725,g4725.mp3,7.31425,3,2,4.73381,5.756644,1.022834
g4726,g4726.mp3,8.0195,3,0,0.0,1.0461,1.0461
g4726,g4726.mp3,8.0195,3,1,3.49483,4.033311,0.538481
g4726,g4726.mp3,8.0195,3,2,4.996916,6.024671,1.027755
g4727,g4727.mp3,7.52325,3,0,0.0,1.040499,1.040499
g4727,g4727.mp3,7.52325,3,1,3.546553,4.045283,0.49873
g4727,g4727.mp3,7.52325,3,2,4.756304,5.771859,1.015556
g4728,g4728.mp3,7.471,3,0,0.0,1.050658,1.050658
g4728,g4728.mp3,7.471,3,1,3.402948,3.91161,0.508662
g4728,g4728.mp3,7.471,3,2,4.66322,5.687619,1.024399
g4729,g4729.mp3,8.411375,3,0,0.0,1.036281,1.036281
g4729,g4729.mp3,8.411375,3,1,3.647234,4.164127,0.516893
g4729,g4729.mp3,8.411375,3,2,5.248934,6.298027,1.049093
g4730,g4730.mp3,7.836625,3,0,0.0,1.039206,1.039206
g4730,g4730.mp3,7.836625,3,1,3.216689,3.737664,0.520975
g4730,g4730.mp3,7.836625,3,2,4.761474,5.777438,1.015964
g4731,g4731.mp3,7.888875,3,0,0.0,1.026667,1.026667
g4731,g4731.mp3,7.888875,3,1,3.473265,3.986417,0.513152
g4731,g4731.mp3,7.888875,3,2,4.925533,5.951678,1.026145
g4732,g4732.mp3,7.915,3,0,0.0,1.032222,1.032222
g4732,g4732.mp3,7.915,3,1,3.489161,4.007937,0.518776
g4732,g4732.mp3,7.915,3,2,4.937302,5.98517,1.047868
g4733,g4733.mp3,7.706,3,0,0.0,1.04483,1.04483
g4733,g4733.mp3,7.706,3,1,3.48415,4.012676,0.528526
g4733,g4733.mp3,7.706,3,2,4.793673,5.827098,1.033424
g4734,g4734.mp3,7.915,3,0,0.0,1.027959,1.027959
g4734,g4734.mp3,7.915,3,1,3.568163,4.077868,0.509705
g4734,g4734.mp3,7.915,3,2,4.964785,6.007143,1.042358
g4735,g4735.mp3,7.549375,3,0,0.0,1.037982,1.037982
g4735,g4735.mp3,7.549375,3,1,3.424875,3.943878,0.519002
g4735,g4735.mp3,7.549375,3,2,4.705147,5.733333,1.028186
g4736,g4736.mp3,7.888875,3,0,0.0,1.044717,1.044717
g4736,g4736.mp3,7.888875,3,1,3.63161,4.14288,0.51127
g4736,g4736.mp3,7.888875,3,2,5.010363,6.032834,1.022472
g4737,g4737.mp3,7.52325,3,0,0.0,1.049048,1.049048
g4737,g4737.mp3,7.52325,3,1,3.413265,3.942857,0.529592
g4737,g4737.mp3,7.52325,3,2,4.700363,5.715964,1.015601
g4738,g4738.mp3,7.471,3,0,0.0,1.036372,1.036372
g4738,g4738.mp3,7.471,3,1,3.285057,3.800567,0.51551
g4738,g4738.mp3,7.471,3,2,4.604626,5.629138,1.024512
g4739,g4739.mp3,7.1575,3,0,0.0,1.027211,1.027211
g4739,g4739.mp3,7.1575,3,1,3.446009,3.958118,0.512109
g4739,g4739.mp3,7.1575,3,2,4.5261,5.55127,1.02517
g4740,g4740.mp3,7.8105,3,0,0.0,1.044422,1.044422
g4740,g4740.mp3,7.8105,3,1,3.227052,3.74059,0.513537
g4740,g4740.mp3,7.8105,3,2,4.728753,5.755306,1.026553
g4741,g4741.mp3,7.471,3,0,0.0,1.036213,1.036213
g4741,g4741.mp3,7.471,3,1,3.35932,3.889637,0.530317
g4741,g4741.mp3,7.471,3,2,4.678073,5.701995,1.023923
g4742,g4742.mp3,7.10525,3,0,0.0,1.052789,1.052789
g4742,g4742.mp3,7.10525,3,1,3.436304,3.977551,0.541247
g4742,g4742.mp3,7.10525,3,2,4.49127,5.538367,1.047098
g4743,g4743.mp3,7.340375,3,0,0.0,1.027982,1.027982
g4743,g4743.mp3,7.340375,3,1,3.523696,4.03737,0.513673
g4743,g4743.mp3,7.340375,3,2,4.678141,5.692925,1.014785
g4744,g4744.mp3,7.31425,3,0,0.0,1.037415,1.037415
g4744,g4744.mp3,7.31425,3,1,3.571202,4.08034,0.509138
g4744,g4744.mp3,7.31425,3,2,4.688095,5.712109,1.024014
g4745,g4745.mp3,7.444875,3,0,0.0,1.041293,1.041293
g4745,g4745.mp3,7.444875,3,1,3.611746,4.105986,0.49424
g4745,g4745.mp3,7.444875,3,2,4.772449,5.783175,1.010726
g4746,g4746.mp3,13.531375,6,0,0.0,1.040862,1.040862
g4746,g4746.mp3,13.531375,6,1,3.561542,4.083855,0.522313
g4746,g4746.mp3,13.531375,6,2,4.819569,5.869796,1.050227
g4746,g4746.mp3,13.531375,6,3,6.601202,7.636848,1.035646
g4746,g4746.mp3,13.531375,6,4,8.654444,9.703243,1.048798
g4746,g4746.mp3,13.531375,6,5,10.612426,11.663923,1.051497
g4747,g4747.mp3,8.124,3,0,0.0,1.036757,1.036757
g4747,g4747.mp3,8.124,3,1,3.779456,4.300023,0.520567
g4747,g4747.mp3,8.124,3,2,5.133878,6.162902,1.029025
g4748,g4748.mp3,7.8105,3,0,0.0,1.04424,1.04424
g4748,g4748.mp3,7.8105,3,1,3.536372,4.076599,0.540227
g4748,g4748.mp3,7.8105,3,2,4.908776,5.950522,1.041746
g4749,g4749.mp3,7.471,3,0,0.0,1.045011,1.045011
g4749,g4749.mp3,7.471,3,1,3.630227,4.140272,0.510045
g4749,g4749.mp3,7.471,3,2,4.769388,5.808027,1.038639
g4750,g4750.mp3,6.7395,3,0,0.0,1.031247,1.031247
g4750,g4750.mp3,6.7395,3,1,3.235828,3.747234,0.511406
g4750,g4750.mp3,6.7395,3,2,4.220522,5.231202,1.01068
g4751,g4751.mp3,7.915,3,0,0.0,1.047438,1.047438
g4751,g4751.mp3,7.915,3,1,3.540816,4.060703,0.519887
g4751,g4751.mp3,7.915,3,2,4.955737,5.981429,1.025692
g4752,g4752.mp3,7.86275,3,0,0.0,1.042812,1.042812
g4752,g4752.mp3,7.86275,3,1,3.566395,4.075964,0.509569
g4752,g4752.mp3,7.86275,3,2,4.936757,5.9661,1.029342
g4753,g4753.mp3,7.732125,3,0,0.0,1.050431,1.050431
g4753,g4753.mp3,7.732125,3,1,3.497392,4.021678,0.524286
g4753,g4753.mp3,7.732125,3,2,4.83644,5.877098,1.040658
g4754,g4754.mp3,7.96725,3,0,0.0,1.053583,1.053583
g4754,g4754.mp3,7.96725,3,1,3.582789,4.105896,0.523107
g4754,g4754.mp3,7.96725,3,2,4.980998,6.02737,1.046372
g4755,g4755.mp3,8.411375,3,0,0.0,1.063107,1.063107
g4755,g4755.mp3,8.411375,3,1,3.701429,4.222857,0.521429
g4755,g4755.mp3,8.411375,3,2,5.269161,6.314354,1.045193
g4756,g4756.mp3,8.097875,3,0,0.0,1.045488,1.045488
g4756,g4756.mp3,8.097875,3,1,3.74449,4.27229,0.5278
g4756,g4756.mp3,8.097875,3,2,5.108866,6.15771,1.048844
g4757,g4757.mp3,8.568125,3,0,0.0,1.040385,1.040385
g4757,g4757.mp3,8.568125,3,1,3.652381,4.191723,0.539342
g4757,g4757.mp3,8.568125,3,2,5.308118,6.340975,1.032857
g4758,g4758.mp3,8.2285,3,0,0.0,1.059274,1.059274
g4758,g4758.mp3,8.2285,3,1,3.494739,4.006803,0.512063
g4758,g4758.mp3,8.2285,3,2,5.102132,6.126689,1.024558
g4759,g4759.mp3,9.273375,3,0,0.0,1.047528,1.047528
g4759,g4759.mp3,9.273375,3,1,3.608503,4.143583,0.535079
g4759,g4759.mp3,9.273375,3,2,5.648367,6.680794,1.032426
g4760,g4760.mp3,7.732125,3,0,0.0,1.032449,1.032449
g4760,g4760.mp3,7.732125,3,1,3.312472,3.818503,0.506032
g4760,g4760.mp3,7.732125,3,2,4.724331,5.744989,1.020658
g4761,g4761.mp3,8.0195,3,0,0.0,1.041746,1.041746
g4761,g4761.mp3,8.0195,3,1,3.751451,4.322812,0.571361
g4761,g4761.mp3,8.0195,3,2,5.145034,6.15263,1.007596
g4762,g4762.mp3,7.601625,3,0,0.0,1.039796,1.039796
g4762,g4762.mp3,7.601625,3,1,3.701088,4.209592,0.508503
g4762,g4762.mp3,7.601625,3,2,4.831383,5.892268,1.060884
g4763,g4763.mp3,8.150125,3,0,0.0,1.042698,1.042698
g4763,g4763.mp3,8.150125,3,1,3.677211,4.203787,0.526576
g4763,g4763.mp3,8.150125,3,2,5.127778,6.150862,1.023084
g4764,g4764.mp3,8.045625,3,0,0.0,1.028776,1.028776
g4764,g4764.mp3,8.045625,3,1,3.650272,4.192517,0.542245
g4764,g4764.mp3,8.045625,3,2,5.062857,6.097211,1.034354
g4765,g4765.mp3,8.59425,3,0,0.0,1.054626,1.054626
g4765,g4765.mp3,8.59425,3,1,3.834354,4.355079,0.520726
g4765,g4765.mp3,8.59425,3,2,5.433333,6.444603,1.01127
g4766,g4766.mp3,8.07175,3,0,0.0,1.050045,1.050045
g4766,g4766.mp3,8.07175,3,1,3.682018,4.195941,0.513923
g4766,g4766.mp3,8.07175,3,2,5.075737,6.101927,1.02619
g4767,g4767.mp3,7.993375,3,0,0.0,1.048707,1.048707
g4767,g4767.mp3,7.993375,3,1,3.5178,4.023741,0.505941
g4767,g4767.mp3,7.993375,3,2,4.98576,6.010317,1.024558
g4768,g4768.mp3,7.444875,3,0,0.0,1.027619,1.027619
g4768,g4768.mp3,7.444875,3,1,3.276032,3.785442,0.50941
g4768,g4768.mp3,7.444875,3,2,4.596508,5.604422,1.007914
g4769,g4769.mp3,7.497125,3,0,0.0,1.035238,1.035238
g4769,g4769.mp3,7.497125,3,1,3.467619,3.974467,0.506848
g4769,g4769.mp3,7.497125,3,2,4.716122,5.732789,1.016667
g4770,g4770.mp3,13.40075,6,0,0.0,1.035125,1.035125
g4770,g4770.mp3,13.40075,6,1,3.148571,3.66229,0.513719
g4770,g4770.mp3,13.40075,6,2,4.4739,5.503447,1.029546
g4770,g4770.mp3,13.40075,6,3,6.303175,7.321837,1.018662
g4770,g4770.mp3,13.40075,6,4,8.336599,9.352404,1.015805
g4770,g4770.mp3,13.40075,6,5,10.379184,11.404558,1.025374
g4771,g4771.mp3,6.870125,3,0,0.0,1.042494,1.042494
g4771,g4771.mp3,6.870125,3,1,3.450023,3.952993,0.502971
g4771,g4771.mp3,6.870125,3,2,4.359501,5.399365,1.039864
g4772,g4772.mp3,7.75825,3,0,0.0,1.056304,1.056304
g4772,g4772.mp3,7.75825,3,1,3.544535,4.05102,0.506485
g4772,g4772.mp3,7.75825,3,2,4.875714,5.884558,1.008844
g4773,g4773.mp3,8.150125,3,0,0.0,1.04356,1.04356
g4773,g4773.mp3,8.150125,3,1,3.5478,4.071293,0.523492
g4773,g4773.mp3,8.150125,3,2,5.075102,6.103197,1.028095
g4774,g4774.mp3,7.8105,3,0,0.0,1.044444,1.044444
g4774,g4774.mp3,7.8105,3,1,3.578798,4.108005,0.529206
g4774,g4774.mp3,7.8105,3,2,4.948685,5.969955,1.02127
g4775,g4775.mp3,8.202375,3,0,0.0,1.043333,1.043333
g4775,g4775.mp3,8.202375,3,1,3.579138,4.104603,0.525465
g4775,g4775.mp3,8.202375,3,2,5.103991,6.151361,1.04737
g4776,g4776.mp3,8.306875,3,0,0.0,1.046825,1.046825
g4776,g4776.mp3,8.306875,3,1,3.58941,4.098526,0.509116
g4776,g4776.mp3,8.306875,3,2,5.134104,6.165873,1.031769
g4777,g4777.mp3,8.986,3,0,0.0,1.037778,1.037778
g4777,g4777.mp3,8.986,3,1,3.677823,4.206417,0.528594
g4777,g4777.mp3,8.986,3,2,5.51458,6.549751,1.03517
g4778,g4778.mp3,8.8555,4,0,0.0,1.045193,1.045193
g4778,g4778.mp3,8.8555,4,1,3.471655,3.981383,0.509728
g4778,g4778.mp3,8.8555,4,2,5.386939,6.412948,1.026009
g4778,g4778.mp3,8.8555,4,3,6.787438,6.929048,0.14161
g4779,g4779.mp3,8.359125,3,0,0.0,1.039161,1.039161
g4779,g4779.mp3,8.359125,3,1,3.672154,4.189819,0.517664
g4779,g4779.mp3,8.359125,3,2,5.229728,6.275692,1.045964
g4780,g4780.mp3,8.07175,3,0,0.0,1.044082,1.044082
g4780,g4780.mp3,8.07175,3,1,3.139887,3.668073,0.528186
g4780,g4780.mp3,8.07175,3,2,4.824966,5.870295,1.045329
g4781,g4781.mp3,7.86275,3,0,0.0,1.048367,1.048367
g4781,g4781.mp3,7.86275,3,1,3.344376,3.859864,0.515488
g4781,g4781.mp3,7.86275,3,2,4.823107,5.85746,1.034354
g4782,g4782.mp3,8.48975,3,0,0.0,1.043401,1.043401
g4782,g4782.mp3,8.48975,3,1,3.492449,4.015556,0.523107
g4782,g4782.mp3,8.48975,3,2,5.207914,6.243288,1.035374
g4783,g4783.mp3,8.515875,3,0,0.0,1.041111,1.041111
g4783,g4783.mp3,8.515875,3,1,3.398367,3.933628,0.535261
g4783,g4783.mp3,8.515875,3,2,5.144512,6.185283,1.040771
g4784,g4784.mp3,9.35775,3,0,0.0,0.618413,0.618413
g4784,g4784.mp3,9.35775,3,1,3.811701,4.18322,0.371519
g4784,g4784.mp3,9.35775,3,2,7.062857,7.467528,0.404671
g4786,g4786.mp3,8.254625,3,0,0.0,1.053129,1.053129
g4786,g4786.mp3,8.254625,3,1,3.645805,4.153537,0.507732
g4786,g4786.mp3,8.254625,3,2,5.098707,6.140113,1.041406
g4787,g4787.mp3,8.0195,3,0,0.0,1.041451,1.041451
g4787,g4787.mp3,8.0195,3,1,3.38195,3.916757,0.534807
g4787,g4787.mp3,8.0195,3,2,4.890363,5.935261,1.044898
g4788,g4788.mp3,7.41875,3,0,0.0,1.04059,1.04059
g4788,g4788.mp3,7.41875,3,1,3.085646,3.612268,0.526621
g4788,g4788.mp3,7.41875,3,2,4.434014,5.479841,1.045828
g4789,g4789.mp3,8.777125,3,0,0.0,1.058594,1.058594
g4789,g4789.mp3,8.777125,3,1,3.406327,3.925374,0.519048
g4789,g4789.mp3,8.777125,3,2,5.306757,6.345601,1.038844
g4790,g4790.mp3,7.941125,3,0,0.0,1.046281,1.046281
g4790,g4790.mp3,7.941125,3,1,3.234082,3.7561,0.522018
g4790,g4790.mp3,7.941125,3,2,4.787551,5.821633,1.034082
g4791,g4791.mp3,8.28075,3,0,0.0,1.038957,1.038957
g4791,g4791.mp3,8.28075,3,1,3.410658,3.929229,0.518571
g4791,g4791.mp3,8.28075,3,2,5.023764,6.071134,1.04737
g4792,g4792.mp3,8.150125,3,0,0.0,1.037256,1.037256
g4792,g4792.mp3,8.150125,3,1,3.459161,3.991814,0.532653
g4792,g4792.mp3,8.150125,3,2,5.014671,6.056848,1.042177
g4793,g4793.mp3,7.653875,3,0,0.0,1.042676,1.042676
g4793,g4793.mp3,7.653875,3,1,3.413968,3.920522,0.506553
g4793,g4793.mp3,7.653875,3,2,4.752358,5.786712,1.034354
g4794,g4794.mp3,7.75825,3,0,0.0,1.031565,1.031565
g4794,g4794.mp3,7.75825,3,1,3.4139,3.927324,0.513424
g4794,g4794.mp3,7.75825,3,2,4.812268,5.841995,1.029728
g4795,g4795.mp3,8.045625,3,0,0.0,1.033016,1.033016
g4795,g4795.mp3,8.045625,3,1,3.579705,4.118095,0.53839
g4795,g4795.mp3,8.045625,3,2,5.005964,6.036281,1.030317
g4796,g4796.mp3,8.2285,3,0,0.0,1.05542,1.05542
g4796,g4796.mp3,8.2285,3,1,3.665215,4.195079,0.529864
g4796,g4796.mp3,8.2285,3,2,5.149637,6.184558,1.034921
g4797,g4797.mp3,7.96725,3,0,0.0,1.041088,1.041088
g4797,g4797.mp3,7.96725,3,1,3.560975,4.076213,0.515238
g4797,g4797.mp3,7.96725,3,2,5.002336,6.04229,1.039955
g4798,g4798.mp3,8.17625,3,0,0.0,1.055578,1.055578
g4798,g4798.mp3,8.17625,3,1,3.270068,3.797324,0.527256
g4798,g4798.mp3,8.17625,3,2,4.893991,5.97483,1.080839
g4799,g4799.mp3,8.48975,3,0,0.0,1.042653,1.042653
g4799,g4799.mp3,8.48975,3,1,3.610091,4.138186,0.528095
g4799,g4799.mp3,8.48975,3,2,5.317143,6.338186,1.021043
g4800,g4800.mp3,7.131375,3,0,0.0,1.028413,1.028413
g4800,g4800.mp3,7.131375,3,1,3.056372,3.590045,0.533673
g4800,g4800.mp3,7.131375,3,2,4.335782,5.372744,1.036961
g4801,g4801.mp3,7.941125,3,0,0.0,1.062358,1.062358
g4801,g4801.mp3,7.941125,3,1,3.579388,4.122358,0.542971
g4801,g4801.mp3,7.941125,3,2,5.017619,6.04585,1.028231
g4802,g4802.mp3,7.836625,3,0,0.0,1.035283,1.035283
g4802,g4802.mp3,7.836625,3,1,3.444195,3.964898,0.520703
g4802,g4802.mp3,7.836625,3,2,4.875215,5.900635,1.02542
g4803,g4803.mp3,8.6465,3,0,0.0,1.069615,1.069615
g4803,g4803.mp3,8.6465,3,1,3.417392,3.942948,0.525556
g4803,g4803.mp3,8.6465,3,2,5.242676,6.28839,1.045714
g4804,g4804.mp3,8.254625,3,0,0.0,1.049161,1.049161
g4804,g4804.mp3,8.254625,3,1,3.144127,3.693379,0.549252
g4804,g4804.mp3,8.254625,3,2,4.925488,5.991224,1.065737
g4805,g4805.mp3,7.68,3,0,0.0,1.03771,1.03771
g4805,g4805.mp3,7.68,3,1,3.159138,3.692857,0.533719
g4805,g4805.mp3,7.68,3,2,4.686077,5.705737,1.01966
g4806,g4806.mp3,8.28075,3,0,0.0,1.029546,1.029546
g4806,g4806.mp3,8.28075,3,1,3.200249,3.771156,0.570907
g4806,g4806.mp3,8.28075,3,2,5.001383,6.010363,1.00898
g4807,g4807.mp3,7.68,3,0,0.0,1.030136,1.030136
g4807,g4807.mp3,7.68,3,1,3.17898,3.673084,0.494104
g4807,g4807.mp3,7.68,3,2,4.685964,5.694376,1.008413
g4808,g4808.mp3,6.89625,3,0,0.0,1.02941,1.02941
g4808,g4808.mp3,6.89625,3,1,3.004649,3.539342,0.534694
g4808,g4808.mp3,6.89625,3,2,4.174762,5.230431,1.055669
g4809,g4809.mp3,7.732125,3,0,0.0,1.047982,1.047982
g4809,g4809.mp3,7.732125,3,1,3.242834,3.743129,0.500295
g4809,g4809.mp3,7.732125,3,2,4.694921,5.715896,1.020975
g4810,g4810.mp3,6.713375,3,0,0.0,1.04093,1.04093
g4810,g4810.mp3,6.713375,3,1,3.05966,3.550136,0.490476
g4810,g4810.mp3,6.713375,3,2,4.136803,5.141701,1.004898
g4811,g4811.mp3,8.07175,3,0,0.0,1.057029,1.057029
g4811,g4811.mp3,8.07175,3,1,3.348141,3.895669,0.547528
g4811,g4811.mp3,8.07175,3,2,4.950839,5.968617,1.017778
g4812,g4812.mp3,7.497125,3,0,0.0,1.052721,1.052721
g4812,g4812.mp3,7.497125,3,1,2.993764,3.490181,0.496417
g4812,g4812.mp3,7.497125,3,2,4.490975,5.52381,1.032834
g4813,g4813.mp3,7.131375,3,0,0.0,1.031769,1.031769
g4813,g4813.mp3,7.131375,3,1,3.2439,3.772449,0.528549
g4813,g4813.mp3,7.131375,3,2,4.407551,5.445306,1.037755
g4814,g4814.mp3,7.471,3,0,0.0,1.035193,1.035193
g4814,g4814.mp3,7.471,3,1,3.287438,3.835465,0.548027
g4814,g4814.mp3,7.471,3,2,4.613719,5.64771,1.033991
g4815,g4815.mp3,7.601625,3,0,0.0,1.048277,1.048277
g4815,g4815.mp3,7.601625,3,1,3.247506,3.778277,0.530771
g4815,g4815.mp3,7.601625,3,2,4.644603,5.705828,1.061224
g4816,g4816.mp3,7.131375,3,0,0.0,1.056531,1.056531
g4816,g4816.mp3,7.131375,3,1,3.250499,3.764331,0.513832
g4816,g4816.mp3,7.131375,3,2,4.41483,5.437914,1.023084
g4817,g4817.mp3,8.150125,3,0,0.0,1.053651,1.053651
g4817,g4817.mp3,8.150125,3,1,3.365646,3.885329,0.519683
g4817,g4817.mp3,8.150125,3,2,4.969796,6.007823,1.038027
g4818,g4818.mp3,7.444875,3,0,0.0,1.049478,1.049478
g4818,g4818.mp3,7.444875,3,1,3.194535,3.707596,0.513061
g4818,g4818.mp3,7.444875,3,2,4.557324,5.611134,1.05381
g4819,g4819.mp3,7.5755,3,0,0.0,1.036032,1.036032
g4819,g4819.mp3,7.5755,3,1,3.453741,3.96288,0.509138
g4819,g4819.mp3,7.5755,3,2,4.742041,5.748345,1.006304
g4820,g4820.mp3,7.20975,3,0,0.0,1.043787,1.043787
g4820,g4820.mp3,7.20975,3,1,3.05542,3.570703,0.515283
g4820,g4820.mp3,7.20975,3,2,4.362517,5.388277,1.02576
g4821,g4821.mp3,7.915,3,0,0.0,1.031542,1.031542
g4821,g4821.mp3,7.915,3,1,3.22127,3.767075,0.545805
g4821,g4821.mp3,7.915,3,2,4.805578,5.823175,1.017596
g4822,g4822.mp3,7.601625,3,0,0.0,1.041723,1.041723
g4822,g4822.mp3,7.601625,3,1,3.24898,3.766825,0.517846
g4822,g4822.mp3,7.601625,3,2,4.655147,5.677234,1.022086
g4823,g4823.mp3,7.41875,3,0,0.0,1.027075,1.027075
g4823,g4823.mp3,7.41875,3,1,3.217937,3.729048,0.511111
g4823,g4823.mp3,7.41875,3,2,4.503787,5.534399,1.030612
g4824,g4824.mp3,7.62775,3,0,0.0,1.053946,1.053946
g4824,g4824.mp3,7.62775,3,1,3.321519,3.83839,0.516871
g4824,g4824.mp3,7.62775,3,2,4.707868,5.741066,1.033197
g4825,g4825.mp3,7.52325,3,0,0.0,1.035941,1.035941
g4825,g4825.mp3,7.52325,3,1,3.202336,3.732948,0.530612
g4825,g4825.mp3,7.52325,3,2,4.611088,5.629615,1.018526
g4826,g4826.mp3,7.8105,3,0,0.0,1.045646,1.045646
g4826,g4826.mp3,7.8105,3,1,3.373968,3.901315,0.527347
g4826,g4826.mp3,7.8105,3,2,4.771519,5.809025,1.037506
g4827,g4827.mp3,8.202375,3,0,0.0,1.037075,1.037075
g4827,g4827.mp3,8.202375,3,1,3.402426,3.944082,0.541655
g4827,g4827.mp3,8.202375,3,2,5.038118,6.052698,1.01458
g4828,g4828.mp3,8.07175,3,0,0.0,1.038526,1.038526
g4828,g4828.mp3,8.07175,3,1,3.062744,3.610204,0.54746
g4828,g4828.mp3,8.07175,3,2,4.806508,5.83127,1.024762
g4829,g4829.mp3,7.68,3,0,0.0,1.032154,1.032154
g4829,g4829.mp3,7.68,3,1,3.121859,3.629909,0.50805
g4829,g4829.mp3,7.68,3,2,4.634717,5.649977,1.015261
g4830,g4830.mp3,7.653875,3,0,0.0,1.038503,1.038503
g4830,g4830.mp3,7.653875,3,1,2.853537,3.364694,0.511156
g4830,g4830.mp3,7.653875,3,2,4.476893,5.511043,1.03415
g4831,g4831.mp3,7.68,3,0,0.0,1.037029,1.037029
g4831,g4831.mp3,7.68,3,1,3.008957,3.520635,0.511678
g4831,g4831.mp3,7.68,3,2,4.575714,5.601995,1.026281
g4832,g4832.mp3,7.86275,3,0,0.0,1.02712,1.02712
g4832,g4832.mp3,7.86275,3,1,3.184966,3.698707,0.513741
g4832,g4832.mp3,7.86275,3,2,4.762993,5.779887,1.016893
g4833,g4833.mp3,7.836625,3,0,0.0,1.031361,1.031361
g4833,g4833.mp3,7.836625,3,1,3.104853,3.600862,0.496009
g4833,g4833.mp3,7.836625,3,2,4.672653,5.704036,1.031383
g4834,g4834.mp3,7.62775,3,0,0.0,1.045533,1.045533
g4834,g4834.mp3,7.62775,3,1,3.157166,3.695079,0.537914
g4834,g4834.mp3,7.62775,3,2,4.658435,5.70415,1.045714
g4835,g4835.mp3,7.86275,3,0,0.0,1.058571,1.058571
g4835,g4835.mp3,7.86275,3,1,3.213741,3.743016,0.529274
g4835,g4835.mp3,7.86275,3,2,4.775283,5.804331,1.029048
g4836,g4836.mp3,8.17625,3,0,0.0,1.050204,1.050204
g4836,g4836.mp3,8.17625,3,1,3.356644,3.888503,0.531859
g4836,g4836.mp3,8.17625,3,2,4.975601,6.019887,1.044286
g4837,g4837.mp3,7.96725,3,0,0.0,1.045079,1.045079
g4837,g4837.mp3,7.96725,3,1,3.205601,3.719909,0.514308
g4837,g4837.mp3,7.96725,3,2,4.818934,5.835397,1.016463
g4838,g4838.mp3,7.784375,3,0,0.0,1.032245,1.032245
g4838,g4838.mp3,7.784375,3,1,2.910884,3.450317,0.539433
g4838,g4838.mp3,7.784375,3,2,4.577029,5.630499,1.053469
g4839,g4839.mp3,7.706,3,0,0.0,1.040862,1.040862
g4839,g4839.mp3,7.706,3,1,3.265986,3.779048,0.513061
g4839,g4839.mp3,7.706,3,2,4.715351,5.751769,1.036417
g4840,g4840.mp3,7.10525,3,0,0.0,1.044921,1.044921
g4840,g4840.mp3,7.10525,3,1,2.900499,3.411882,0.511383
g4840,g4840.mp3,7.10525,3,2,4.210363,5.263107,1.052744
g4841,g4841.mp3,7.3665,3,0,0.0,1.034603,1.034603
g4841,g4841.mp3,7.3665,3,1,3.163991,3.691791,0.5278
g4841,g4841.mp3,7.3665,3,2,4.481315,5.503719,1.022404
g4842,g4842.mp3,7.471,3,0,0.0,1.055828,1.055828
g4842,g4842.mp3,7.471,3,1,3.333084,3.847438,0.514354
g4842,g4842.mp3,7.471,3,2,4.661134,5.69195,1.030816
g4843,g4843.mp3,8.202375,3,0,0.0,1.03576,1.03576
g4843,g4843.mp3,8.202375,3,1,3.389705,3.925488,0.535782
g4843,g4843.mp3,8.202375,3,2,5.040408,6.068707,1.028299
g4844,g4844.mp3,7.1575,3,0,0.0,1.04542,1.04542
g4844,g4844.mp3,7.1575,3,1,3.155102,3.675533,0.520431
g4844,g4844.mp3,7.1575,3,2,4.388821,5.418141,1.02932
g4845,g4845.mp3,7.601625,3,0,0.0,1.042721,1.042721
g4845,g4845.mp3,7.601625,3,1,3.250023,3.783379,0.533356
g4845,g4845.mp3,7.601625,3,2,4.668209,5.682698,1.01449
g4846,g4846.mp3,7.497125,3,0,0.0,1.035873,1.035873
g4846,g4846.mp3,7.497125,3,1,3.229796,3.753333,0.523537
g4846,g4846.mp3,7.497125,3,2,4.572154,5.616621,1.044467
g4847,g4847.mp3,7.836625,3,0,0.0,1.038912,1.038912
g4847,g4847.mp3,7.836625,3,1,3.068753,3.596122,0.52737
g4847,g4847.mp3,7.836625,3,2,4.677256,5.705986,1.02873
g4848,g4848.mp3,7.497125,3,0,0.0,1.044739,1.044739
g4848,g4848.mp3,7.497125,3,1,2.878821,3.412494,0.533673
g4848,g4848.mp3,7.497125,3,2,4.400703,5.422608,1.021905
g4849,g4849.mp3,7.653875,3,0,0.0,1.042472,1.042472
g4849,g4849.mp3,7.653875,3,1,3.36712,3.911565,0.544444
g4849,g4849.mp3,7.653875,3,2,4.733991,5.769546,1.035556
g4850,g4850.mp3,8.463625,3,0,0.0,1.040998,1.040998
g4850,g4850.mp3,8.463625,3,1,3.104263,3.613401,0.509138
g4850,g4850.mp3,8.463625,3,2,4.974717,5.988707,1.013991
g4851,g4851.mp3,7.00075,3,0,0.0,1.033265,1.033265
g4851,g4851.mp3,7.00075,3,1,2.917302,3.420771,0.503469
g4851,g4851.mp3,7.00075,3,2,4.142517,5.176712,1.034195
g4852,g4852.mp3,7.079125,3,0,0.0,1.031655,1.031655
g4852,g4852.mp3,7.079125,3,1,3.150227,3.658662,0.508435
g4852,g4852.mp3,7.079125,3,2,4.325034,5.347052,1.022018
g4853,g4853.mp3,7.941125,3,0,0.0,1.026122,1.026122
g4853,g4853.mp3,7.941125,3,1,3.14839,3.663424,0.515034
g4853,g4853.mp3,7.941125,3,2,4.857324,5.821701,0.964376
g4854,g4854.mp3,7.52325,3,0,0.0,1.039048,1.039048
g4854,g4854.mp3,7.52325,3,1,3.143832,3.653039,0.509206
g4854,g4854.mp3,7.52325,3,2,4.530249,5.544444,1.014195
g4855,g4855.mp3,7.131375,3,0,0.0,1.038186,1.038186
g4855,g4855.mp3,7.131375,3,1,3.196009,3.713968,0.517959
g4855,g4855.mp3,7.131375,3,2,4.398798,5.418367,1.019569
g4856,g4856.mp3,7.497125,3,0,0.0,1.031973,1.031973
g4856,g4856.mp3,7.497125,3,1,3.276848,3.794989,0.518141
g4856,g4856.mp3,7.497125,3,2,4.639977,5.658277,1.018299
g4857,g4857.mp3,7.86275,3,0,0.0,1.025714,1.025714
g4857,g4857.mp3,7.86275,3,1,3.10966,3.621066,0.511406
g4857,g4857.mp3,7.86275,3,2,4.711542,5.765714,1.054172
g4858,g4858.mp3,7.444875,3,0,0.0,1.043878,1.043878
g4858,g4858.mp3,7.444875,3,1,3.146349,3.680385,0.534036
g4858,g4858.mp3,7.444875,3,2,4.507959,5.538367,1.030408
g4859,g4859.mp3,7.471,3,0,0.0,1.032245,1.032245
g4859,g4859.mp3,7.471,3,1,3.106712,3.611791,0.505079
g4859,g4859.mp3,7.471,3,2,4.503651,5.513265,1.009615
g4860,g4860.mp3,7.5755,3,0,0.0,1.03093,1.03093
g4860,g4860.mp3,7.5755,3,1,2.98542,3.496893,0.511474
g4860,g4860.mp3,7.5755,3,2,4.466757,5.487823,1.021066
g4861,g4861.mp3,7.549375,3,0,0.0,1.034218,1.034218
g4861,g4861.mp3,7.549375,3,1,3.092268,3.582086,0.489819
g4861,g4861.mp3,7.549375,3,2,4.573356,5.584943,1.011587
g4862,g4862.mp3,6.817875,3,0,0.0,1.032971,1.032971
g4862,g4862.mp3,6.817875,3,1,3.196848,3.700385,0.503537
g4862,g4862.mp3,6.817875,3,2,4.248458,5.262018,1.01356
g4863,g4863.mp3,7.288125,3,0,0.0,1.042472,1.042472
g4863,g4863.mp3,7.288125,3,1,3.340363,3.879909,0.539546
g4863,g4863.mp3,7.288125,3,2,4.561791,5.579728,1.017937
g4864,g4864.mp3,7.784375,3,0,0.0,1.048005,1.048005
g4864,g4864.mp3,7.784375,3,1,3.43941,3.950975,0.511565
g4864,g4864.mp3,7.784375,3,2,4.830045,5.861202,1.031156
g4865,g4865.mp3,8.254625,3,0,0.0,1.040295,1.040295
g4865,g4865.mp3,8.254625,3,1,3.385034,3.882834,0.4978
g4865,g4865.mp3,8.254625,3,2,5.006009,6.028481,1.022472
g4866,g4866.mp3,7.8105,3,0,0.0,1.038254,1.038254
g4866,g4866.mp3,7.8105,3,1,3.500431,4.030227,0.529796
g4866,g4866.mp3,7.8105,3,2,4.888526,5.911383,1.022857
g4867,g4867.mp3,14.602375,6,0,0.0,1.026485,1.026485
g4867,g4867.mp3,14.602375,6,1,3.282857,3.785918,0.503061
g4867,g4867.mp3,14.602375,6,2,4.786327,5.819841,1.033515
g4867,g4867.mp3,14.602375,6,3,6.782109,7.823356,1.041247
g4867,g4867.mp3,14.602375,6,4,9.989002,11.017846,1.028844
g4867,g4867.mp3,14.602375,6,5,11.808277,12.8239,1.015624
g4868,g4868.mp3,7.079125,3,0,0.0,1.03746,1.03746
g4868,g4868.mp3,7.079125,3,1,3.128118,3.658231,0.530113
g4868,g4868.mp3,7.079125,3,2,4.347483,5.37576,1.028277
g4869,g4869.mp3,8.4375,3,0,0.0,1.042245,1.042245
g4869,g4869.mp3,8.4375,3,1,3.241066,3.752222,0.511156
g4869,g4869.mp3,8.4375,3,2,5.071655,6.089796,1.018141
g4870,g4870.mp3,7.96725,3,0,0.0,1.052494,1.052494
g4870,g4870.mp3,7.96725,3,1,3.148662,3.678413,0.529751
g4870,g4870.mp3,7.96725,3,2,4.776939,5.802948,1.026009
g4871,g4871.mp3,7.497125,3,0,0.0,1.032426,1.032426
g4871,g4871.mp3,7.497125,3,1,3.072222,3.590454,0.518231
g4871,g4871.mp3,7.497125,3,2,4.510363,5.552245,1.041882
g4872,g4872.mp3,7.52325,3,0,0.0,1.0378,1.0378
g4872,g4872.mp3,7.52325,3,1,3.091134,3.585578,0.494444
g4872,g4872.mp3,7.52325,3,2,4.52737,5.540862,1.013492
g4873,g4873.mp3,7.86275,3,0,0.0,1.043197,1.043197
g4873,g4873.mp3,7.86275,3,1,3.238435,3.735215,0.49678
g4873,g4873.mp3,7.86275,3,2,4.739592,5.762313,1.022721
g4874,g4874.mp3,8.28075,3,0,0.0,1.035714,1.035714
g4874,g4874.mp3,8.28075,3,1,3.390023,3.89551,0.505488
g4874,g4874.mp3,8.28075,3,2,5.053469,6.077891,1.024422
g4875,g4875.mp3,8.28075,3,0,0.0,1.025873,1.025873
g4875,g4875.mp3,8.28075,3,1,3.266463,3.780952,0.51449
g4875,g4875.mp3,8.28075,3,2,5.015533,6.037166,1.021633
g4876,g4876.mp3,7.96725,3,0,0.0,1.05805,1.05805
g4876,g4876.mp3,7.96725,3,1,3.588549,4.109796,0.521247
g4876,g4876.mp3,7.96725,3,2,4.998458,6.011837,1.013379
g4877,g4877.mp3,8.150125,3,0,0.0,1.036054,1.036054
g4877,g4877.mp3,8.150125,3,1,3.292766,3.842358,0.549592
g4877,g4877.mp3,8.150125,3,2,4.975261,5.986417,1.011156
g4878,g4878.mp3,8.69875,3,0,0.0,1.034875,1.034875
g4878,g4878.mp3,8.69875,3,1,3.127075,3.628435,0.501361
g4878,g4878.mp3,8.69875,3,2,5.095533,6.126961,1.031429
g4879,g4879.mp3,7.75825,3,0,0.0,1.049252,1.049252
g4879,g4879.mp3,7.75825,3,1,3.487982,4.032063,0.544082
g4879,g4879.mp3,7.75825,3,2,4.839433,5.878662,1.039229
g4880,g4880.mp3,7.653875,3,0,0.0,1.057234,1.057234
g4880,g4880.mp3,7.653875,3,1,2.88093,3.410227,0.529297
g4880,g4880.mp3,7.653875,3,2,4.502744,5.5322,1.029456
g4881,g4881.mp3,7.653875,3,0,0.0,1.032018,1.032018
g4881,g4881.mp3,7.653875,3,1,3.236054,3.742585,0.506531
g4881,g4881.mp3,7.653875,3,2,4.721655,5.739524,1.017868
g4882,g4882.mp3,7.732125,3,0,0.0,1.028254,1.028254
g4882,g4882.mp3,7.732125,3,1,3.254036,3.769569,0.515533
g4882,g4882.mp3,7.732125,3,2,4.728912,5.746848,1.017937
g4883,g4883.mp3,8.333,3,0,0.0,1.049887,1.049887
g4883,g4883.mp3,8.333,3,1,3.275261,3.782177,0.506916
g4883,g4883.mp3,8.333,3,2,5.042948,6.062245,1.019297
g4884,g4884.mp3,7.836625,3,0,0.0,1.032766,1.032766
g4884,g4884.mp3,7.836625,3,1,3.243832,3.750771,0.506939
g4884,g4884.mp3,7.836625,3,2,4.770567,5.784331,1.013764
g4885,g4885.mp3,7.52325,3,0,0.0,1.037937,1.037937
g4885,g4885.mp3,7.52325,3,1,3.2239,3.727528,0.503628
g4885,g4885.mp3,7.52325,3,2,4.595578,5.611723,1.016145
g4886,g4886.mp3,7.96725,3,0,0.0,1.03288,1.03288
g4886,g4886.mp3,7.96725,3,1,3.545306,4.054014,0.508707
g4886,g4886.mp3,7.96725,3,2,5.020023,6.029977,1.009955
g4887,g4887.mp3,7.235875,3,0,0.0,1.048934,1.048934
g4887,g4887.mp3,7.235875,3,1,3.255057,3.759229,0.504172
g4887,g4887.mp3,7.235875,3,2,4.452766,5.470045,1.017279
g4888,g4888.mp3,7.8105,3,0,0.0,1.028912,1.028912
g4888,g4888.mp3,7.8105,3,1,3.245918,3.759297,0.513379
g4888,g4888.mp3,7.8105,3,2,4.748866,5.754286,1.00542
g4889,g4889.mp3,7.471,3,0,0.0,1.029524,1.029524
g4889,g4889.mp3,7.471,3,1,3.144603,3.646644,0.502041
g4889,g4889.mp3,7.471,3,2,4.550408,5.571156,1.020748
g4890,g4890.mp3,7.262,3,0,0.0,1.056848,1.056848
g4890,g4890.mp3,7.262,3,1,3.067075,3.583537,0.516463
g4890,g4890.mp3,7.262,3,2,4.371519,5.388322,1.016803
g4891,g4891.mp3,7.444875,3,0,0.0,1.03034,1.03034
g4891,g4891.mp3,7.444875,3,1,3.127075,3.620385,0.493311
g4891,g4891.mp3,7.444875,3,2,4.458027,5.470091,1.012063
g4892,g4892.mp3,7.549375,3,0,0.0,1.039569,1.039569
g4892,g4892.mp3,7.549375,3,1,3.188186,3.703537,0.515351
g4892,g4892.mp3,7.549375,3,2,4.57381,5.601746,1.027937
g4893,g4893.mp3,8.0195,3,0,0.0,1.041134,1.041134
g4893,g4893.mp3,8.0195,3,1,3.327483,3.8339,0.506417
g4893,g4893.mp3,8.0195,3,2,4.905556,5.917596,1.012041
g4894,g4894.mp3,13.113375,6,0,0.0,1.02941,1.02941
g4894,g4894.mp3,13.113375,6,1,3.21966,3.718685,0.499025
g4894,g4894.mp3,13.113375,6,2,4.560227,5.566077,1.00585
g4894,g4894.mp3,13.113375,6,3,6.426304,7.429864,1.00356
g4894,g4894.mp3,13.113375,6,4,8.542676,9.55898,1.016304
g4894,g4894.mp3,13.113375,6,5,10.309546,11.32941,1.019864
g4895,g4895.mp3,6.89625,3,0,0.0,1.025714,1.025714
g4895,g4895.mp3,6.89625,3,1,3.227868,3.739909,0.512041
g4895,g4895.mp3,6.89625,3,2,4.287234,5.296825,1.009592
g4896,g4896.mp3,13.531375,6,0,0.0,1.039728,1.039728
g4896,g4896.mp3,13.531375,6,1,3.503197,3.993673,0.490476
g4896,g4896.mp3,13.531375,6,2,4.655941,5.666576,1.010635
g4896,g4896.mp3,13.531375,6,3,6.274807,7.291429,1.016621
g4896,g4896.mp3,13.531375,6,4,9.655782,10.659161,1.003379
g4896,g4896.mp3,13.531375,6,5,11.111995,12.124966,1.012971
g4897,g4897.mp3,8.4375,3,0,0.0,1.047075,1.047075
g4897,g4897.mp3,8.4375,3,1,3.68093,4.18254,0.50161
g4897,g4897.mp3,8.4375,3,2,5.274172,6.306893,1.032721
g4898,g4898.mp3,7.993375,3,0,0.0,1.04381,1.04381
g4898,g4898.mp3,7.993375,3,1,3.404785,3.895873,0.491088
g4898,g4898.mp3,7.993375,3,2,4.945918,5.949229,1.003311
g4899,g4899.mp3,8.515875,3,0,0.0,1.052948,1.052948
g4899,g4899.mp3,8.515875,3,1,3.704036,4.202154,0.498118
g4899,g4899.mp3,8.515875,3,2,5.357007,6.37712,1.020113
g4900,g4900.mp3,13.60975,6,0,0.0,1.040998,1.040998
g4900,g4900.mp3,13.60975,6,1,3.159728,3.668594,0.508866
g4900,g4900.mp3,13.60975,6,2,4.510726,5.543492,1.032766
g4900,g4900.mp3,13.60975,6,3,6.380476,7.40127,1.020794
g4900,g4900.mp3,13.60975,6,4,8.754807,9.794603,1.039796
g4900,g4900.mp3,13.60975,6,5,10.657732,11.673288,1.015556
g4901,g4901.mp3,8.8555,3,0,0.0,1.048254,1.048254
g4901,g4901.mp3,8.8555,3,1,3.444172,3.956508,0.512336
g4901,g4901.mp3,8.8555,3,2,5.342086,6.374195,1.032109
g4902,g4902.mp3,7.079125,3,0,0.0,1.031542,1.031542
g4902,g4902.mp3,7.079125,3,1,3.197506,3.711927,0.514422
g4902,g4902.mp3,7.079125,3,2,4.42932,5.379751,0.950431
g4903,g4903.mp3,7.52325,3,0,0.0,1.026281,1.026281
g4903,g4903.mp3,7.52325,3,1,3.157279,3.654263,0.496984
g4903,g4903.mp3,7.52325,3,2,4.574694,5.591678,1.016984
g4904,g4904.mp3,7.75825,3,0,0.0,1.032426,1.032426
g4904,g4904.mp3,7.75825,3,1,3.199342,3.705873,0.506531
g4904,g4904.mp3,7.75825,3,2,4.702268,5.709388,1.00712
g4905,g4905.mp3,7.784375,3,0,0.0,1.043107,1.043107
g4905,g4905.mp3,7.784375,3,1,3.439093,3.947324,0.508231
g4905,g4905.mp3,7.784375,3,2,4.846644,5.86102,1.014376
g4906,g4906.mp3,14.6285,6,0,0.0,1.030839,1.030839
g4906,g4906.mp3,14.6285,6,1,3.300748,3.813764,0.513016
g4906,g4906.mp3,14.6285,6,2,4.638549,5.647642,1.009093
g4906,g4906.mp3,14.6285,6,3,6.544263,7.568073,1.02381
g4906,g4906.mp3,14.6285,6,4,9.933628,10.962744,1.029116
g4906,g4906.mp3,14.6285,6,5,11.842426,12.778549,0.936122
g4907,g4907.mp3,7.3665,3,0,0.0,1.035306,1.035306
g4907,g4907.mp3,7.3665,3,1,3.208571,3.716893,0.508322
g4907,g4907.mp3,7.3665,3,2,4.531859,5.540544,1.008685
g4908,g4908.mp3,7.653875,3,0,0.0,1.046032,1.046032
g4908,g4908.mp3,7.653875,3,1,3.390839,3.875556,0.484717
g4908,g4908.mp3,7.653875,3,2,4.755374,5.752472,0.997098
g4909,g4909.mp3,7.993375,3,0,0.0,1.035306,1.035306
g4909,g4909.mp3,7.993375,3,1,3.465147,3.977574,0.512426
g4909,g4909.mp3,7.993375,3,2,5.014512,6.026553,1.012041
g4910,g4910.mp3,8.17625,3,0,0.0,1.043401,1.043401
g4910,g4910.mp3,8.17625,3,1,3.38381,3.895918,0.512109
g4910,g4910.mp3,8.17625,3,2,4.99805,6.018685,1.020635
g4911,g4911.mp3,7.732125,3,0,0.0,1.043878,1.043878
g4911,g4911.mp3,7.732125,3,1,3.382517,3.886168,0.503651
g4911,g4911.mp3,7.732125,3,2,4.779546,5.79517,1.015624
g4912,g4912.mp3,7.20975,3,0,0.0,1.025714,1.025714
g4912,g4912.mp3,7.20975,3,1,3.361769,3.858639,0.496871
g4912,g4912.mp3,7.20975,3,2,4.526825,5.532608,1.005782
g4913,g4913.mp3,7.471,3,0,0.0,1.045442,1.045442
g4913,g4913.mp3,7.471,3,1,3.432585,3.931837,0.499252
g4913,g4913.mp3,7.471,3,2,4.64576,5.653605,1.007846
g4914,g4914.mp3,7.52325,3,0,0.0,1.027166,1.027166
g4914,g4914.mp3,7.52325,3,1,3.431474,3.9522,0.520726
g4914,g4914.mp3,7.52325,3,2,4.702041,5.712744,1.010703
g4915,g4915.mp3,8.69875,3,0,0.0,1.025714,1.025714
g4915,g4915.mp3,8.69875,3,1,3.420816,3.927959,0.507143
g4915,g4915.mp3,8.69875,3,2,5.294172,6.30415,1.009977
g4916,g4916.mp3,7.915,3,0,0.0,1.033923,1.033923
g4916,g4916.mp3,7.915,3,1,3.658753,4.165556,0.506803
g4916,g4916.mp3,7.915,3,2,4.989002,6.004331,1.015329
g4917,g4917.mp3,7.784375,3,0,0.0,1.036621,1.036621
g4917,g4917.mp3,7.784375,3,1,3.51932,4.029025,0.509705
g4917,g4917.mp3,7.784375,3,2,4.830499,5.850295,1.019796
g4918,g4918.mp3,7.784375,3,0,0.0,1.045193,1.045193
g4918,g4918.mp3,7.784375,3,1,3.504104,4.043401,0.539297
g4918,g4918.mp3,7.784375,3,2,4.921927,5.931315,1.009388
g4919,g4919.mp3,7.86275,3,0,0.0,1.039002,1.039002
g4919,g4919.mp3,7.86275,3,1,3.513265,4.020045,0.50678
g4919,g4919.mp3,7.86275,3,2,4.873696,5.88873,1.015034
g4920,g4920.mp3,7.235875,3,0,0.0,1.036485,1.036485
g4920,g4920.mp3,7.235875,3,1,3.2722,3.774195,0.501995
g4920,g4920.mp3,7.235875,3,2,4.469864,5.481905,1.012041
g4921,g4921.mp3,7.392625,3,0,0.0,1.032177,1.032177
g4921,g4921.mp3,7.392625,3,1,3.379615,3.8778,0.498186
g4921,g4921.mp3,7.392625,3,2,4.629229,5.63585,1.006621
g4922,g4922.mp3,7.601625,3,0,0.0,1.027846,1.027846
g4922,g4922.mp3,7.601625,3,1,3.455714,3.963764,0.50805
g4922,g4922.mp3,7.601625,3,2,4.74551,5.758639,1.013129
g4923,g4923.mp3,7.31425,3,0,0.0,1.044943,1.044943
g4923,g4923.mp3,7.31425,3,1,3.241429,3.755556,0.514127
g4923,g4923.mp3,7.31425,3,2,4.51424,5.515601,1.001361
g4924,g4924.mp3,7.62775,3,0,0.0,1.035351,1.035351
g4924,g4924.mp3,7.62775,3,1,3.398231,3.901565,0.503333
g4924,g4924.mp3,7.62775,3,2,4.736168,5.744739,1.008571
g4925,g4925.mp3,8.38525,3,0,0.0,1.047029,1.047029
g4925,g4925.mp3,8.38525,3,1,3.612517,4.112404,0.499887
g4925,g4925.mp3,8.38525,3,2,5.229138,6.25542,1.026281
g4926,g4926.mp3,7.941125,3,0,0.0,1.034059,1.034059
g4926,g4926.mp3,7.941125,3,1,3.599615,4.11746,0.517846
g4926,g4926.mp3,7.941125,3,2,5.012834,6.027574,1.014739
g4927,g4927.mp3,7.915,3,0,0.0,1.041338,1.041338
g4927,g4927.mp3,7.915,3,1,3.462177,3.974444,0.512268
g4927,g4927.mp3,7.915,3,2,4.932766,5.943855,1.011088
g4928,g4928.mp3,7.471,3,0,0.0,1.041134,1.041134
g4928,g4928.mp3,7.471,3,1,3.357846,3.862993,0.505147
g4928,g4928.mp3,7.471,3,2,4.63127,5.633515,1.002245
g4929,g4929.mp3,7.5755,3,0,0.0,1.038662,1.038662
g4929,g4929.mp3,7.5755,3,1,3.474762,3.98263,0.507868
g4929,g4929.mp3,7.5755,3,2,4.770522,5.776599,1.006077
g4930,g4930.mp3,7.392625,3,0,0.0,1.052744,1.052744
g4930,g4930.mp3,7.392625,3,1,3.130408,3.640045,0.509637
g4930,g4930.mp3,7.392625,3,2,4.496531,5.503039,1.006508
g4931,g4931.mp3,7.732125,3,0,0.0,1.039796,1.039796
g4931,g4931.mp3,7.732125,3,1,3.463152,3.970045,0.506893
g4931,g4931.mp3,7.732125,3,2,4.817052,5.850181,1.033129
g4932,g4932.mp3,7.732125,3,0,0.0,1.055941,1.055941
g4932,g4932.mp3,7.732125,3,1,3.487007,4.019864,0.532857
g4932,g4932.mp3,7.732125,3,2,4.838526,5.883855,1.045329
g4933,g4933.mp3,7.732125,3,0,0.0,1.032834,1.032834
g4933,g4933.mp3,7.732125,3,1,3.515714,4.044195,0.528481
g4933,g4933.mp3,7.732125,3,2,4.866236,5.891315,1.025079
g4934,g4934.mp3,7.601625,3,0,0.0,1.041905,1.041905
g4934,g4934.mp3,7.601625,3,1,3.426304,3.952381,0.526077
g4934,g4934.mp3,7.601625,3,2,4.786417,5.791995,1.005578
g4935,g4935.mp3,7.8105,3,0,0.0,1.03483,1.03483
g4935,g4935.mp3,7.8105,3,1,3.484195,4.002177,0.517982
g4935,g4935.mp3,7.8105,3,2,4.851451,5.860703,1.009252
g4936,g4936.mp3,7.653875,3,0,0.0,1.030227,1.030227
g4936,g4936.mp3,7.653875,3,1,3.561429,4.07059,0.509161
g4936,g4936.mp3,7.653875,3,2,4.822517,5.843288,1.020771
g4937,g4937.mp3,7.5755,3,0,0.0,1.0461,1.0461
g4937,g4937.mp3,7.5755,3,1,3.536077,4.034263,0.498186
g4937,g4937.mp3,7.5755,3,2,4.760476,5.761791,1.001315
g4938,g4938.mp3,7.235875,3,0,0.0,1.031179,1.031179
g4938,g4938.mp3,7.235875,3,1,3.162245,3.705261,0.543016
g4938,g4938.mp3,7.235875,3,2,4.427914,5.451542,1.023628
g4939,g4939.mp3,8.124,3,0,0.0,1.028367,1.028367
g4939,g4939.mp3,8.124,3,1,3.530839,4.049138,0.518299
g4939,g4939.mp3,8.124,3,2,5.021587,6.034331,1.012744
g4940,g4940.mp3,7.5755,3,0,0.0,1.038005,1.038005
g4940,g4940.mp3,7.5755,3,1,3.187937,3.717551,0.529615
g4940,g4940.mp3,7.5755,3,2,4.633107,5.654059,1.020952
g4941,g4941.mp3,7.444875,3,0,0.0,1.059864,1.059864
g4941,g4941.mp3,7.444875,3,1,3.298844,3.828095,0.529252
g4941,g4941.mp3,7.444875,3,2,4.597823,5.651156,1.053333
g4942,g4942.mp3,8.542,3,0,0.0,1.031723,1.031723
g4942,g4942.mp3,8.542,3,1,3.598322,4.140431,0.542109
g4942,g4942.mp3,8.542,3,2,5.323243,6.348367,1.025125
g4943,g4943.mp3,8.38525,3,0,0.0,1.030363,1.030363
g4943,g4943.mp3,8.38525,3,1,3.58932,4.131179,0.541859
g4943,g4943.mp3,8.38525,3,2,5.255215,6.279478,1.024263
g4944,g4944.mp3,7.706,3,0,0.0,1.037029,1.037029
g4944,g4944.mp3,7.706,3,1,3.537574,4.062336,0.524762
g4944,g4944.mp3,7.706,3,2,4.851927,5.872857,1.02093
g4945,g4945.mp3,8.17625,3,0,0.0,1.045238,1.045238
g4945,g4945.mp3,8.17625,3,1,3.587302,4.102132,0.51483
g4945,g4945.mp3,8.17625,3,2,5.110748,6.147392,1.036644
g4946,g4946.mp3,8.254625,3,0,0.0,1.034014,1.034014
g4946,g4946.mp3,8.254625,3,1,3.649274,4.15102,0.501746
g4946,g4946.mp3,8.254625,3,2,5.141723,6.174218,1.032494
g4947,g4947.mp3,7.471,3,0,0.0,1.043515,1.043515
g4947,g4947.mp3,7.471,3,1,3.554218,4.061179,0.506961
g4947,g4947.mp3,7.471,3,2,4.719841,5.724127,1.004286
g4948,g4948.mp3,7.262,3,0,0.0,1.033016,1.033016
g4948,g4948.mp3,7.262,3,1,3.251678,3.754603,0.502925
g4948,g4948.mp3,7.262,3,2,4.484649,5.493107,1.008458
g4949,g4949.mp3,9.064375,3,0,0.0,1.042041,1.042041
g4949,g4949.mp3,9.064375,3,1,3.695986,4.203741,0.507755
g4949,g4949.mp3,9.064375,3,2,5.577188,6.620045,1.042857
g4950,g4950.mp3,7.444875,3,0,0.0,1.037279,1.037279
g4950,g4950.mp3,7.444875,3,1,3.136168,3.629093,0.492925
g4950,g4950.mp3,7.444875,3,2,4.518299,5.531905,1.013605
g4951,g4951.mp3,6.817875,3,0,0.0,1.030952,1.030952
g4951,g4951.mp3,6.817875,3,1,3.367392,3.872562,0.50517
g4951,g4951.mp3,6.817875,3,2,4.327506,5.340703,1.013197
g4952,g4952.mp3,7.8105,3,0,0.0,1.056213,1.056213
g4952,g4952.mp3,7.8105,3,1,3.425941,3.93288,0.506939
g4952,g4952.mp3,7.8105,3,2,4.84898,5.864104,1.015125
g4953,g4953.mp3,7.183625,3,0,0.0,1.031678,1.031678
g4953,g4953.mp3,7.183625,3,1,3.43712,3.948934,0.511814
g4953,g4953.mp3,7.183625,3,2,4.540408,5.556304,1.015896
g4954,g4954.mp3,7.5755,3,0,0.0,1.025918,1.025918
g4954,g4954.mp3,7.5755,3,1,3.430771,3.930385,0.499615
g4954,g4954.mp3,7.5755,3,2,4.744512,5.749524,1.005011
g4955,g4955.mp3,15.072625,6,0,0.0,1.028639,1.028639
g4955,g4955.mp3,15.072625,6,1,3.338571,3.845805,0.507234
g4955,g4955.mp3,15.072625,6,2,4.968413,5.973764,1.005351
g4955,g4955.mp3,15.072625,6,3,7.105374,8.136531,1.031156
g4955,g4955.mp3,15.072625,6,4,9.29,10.31805,1.02805
g4955,g4955.mp3,15.072625,6,5,11.671111,12.686848,1.015737
g4956,g4956.mp3,8.463625,3,0,0.0,1.028095,1.028095
g4956,g4956.mp3,8.463625,3,1,3.63737,4.141769,0.504399
g4956,g4956.mp3,8.463625,3,2,5.270499,6.277256,1.006757
g4957,g4957.mp3,7.941125,3,0,0.0,1.034059,1.034059
g4957,g4957.mp3,7.941125,3,1,3.521837,4.043061,0.521224
g4957,g4957.mp3,7.941125,3,2,4.972789,5.979841,1.007052
g4958,g4958.mp3,7.1575,3,0,0.0,1.04263,1.04263
g4958,g4958.mp3,7.1575,3,1,3.314195,3.830023,0.515828
g4958,g4958.mp3,7.1575,3,2,4.465465,5.50068,1.035215
g4959,g4959.mp3,8.150125,3,0,0.0,1.038209,1.038209
g4959,g4959.mp3,8.150125,3,1,3.656848,4.168163,0.511315
g4959,g4959.mp3,8.150125,3,2,5.12322,6.147256,1.024036
g4960,g4960.mp3,7.601625,3,0,0.0,1.042109,1.042109
g4960,g4960.mp3,7.601625,3,1,3.289637,3.796939,0.507302
g4960,g4960.mp3,7.601625,3,2,4.696599,5.705329,1.00873
g4961,g4961.mp3,8.933875,3,0,0.0,1.051043,1.051043
g4961,g4961.mp3,8.933875,3,1,3.530635,4.077188,0.546553
g4961,g4961.mp3,8.933875,3,2,5.432245,6.458277,1.026032
g4962,g4962.mp3,7.601625,3,0,0.0,1.035374,1.035374
g4962,g4962.mp3,7.601625,3,1,3.330113,3.84483,0.514717
g4962,g4962.mp3,7.601625,3,2,4.694966,5.713741,1.018776
g4963,g4963.mp3,7.68,3,0,0.0,1.040748,1.040748
g4963,g4963.mp3,7.68,3,1,3.326372,3.837075,0.510703
g4963,g4963.mp3,7.68,3,2,4.735624,5.743583,1.007959
g4964,g4964.mp3,8.411375,3,0,0.0,1.050113,1.050113
g4964,g4964.mp3,8.411375,3,1,3.497392,3.993107,0.495714
g4964,g4964.mp3,8.411375,3,2,5.195079,6.204104,1.009025
g4965,g4965.mp3,7.41875,3,0,0.0,1.044875,1.044875
g4965,g4965.mp3,7.41875,3,1,3.449206,3.979206,0.53
g4965,g4965.mp3,7.41875,3,2,4.661927,5.685533,1.023605
g4966,g4966.mp3,7.444875,3,0,0.0,1.025805,1.025805
g4966,g4966.mp3,7.444875,3,1,3.565125,4.09585,0.530726
g4966,g4966.mp3,7.444875,3,2,4.743039,5.772041,1.029002
g4967,g4967.mp3,7.444875,3,0,0.0,1.036054,1.036054
g4967,g4967.mp3,7.444875,3,1,3.479637,3.978299,0.498662
g4967,g4967.mp3,7.444875,3,2,4.683311,5.705941,1.02263
g4968,g4968.mp3,7.183625,3,0,0.0,1.028435,1.028435
g4968,g4968.mp3,7.183625,3,1,3.317075,3.809592,0.492517
g4968,g4968.mp3,7.183625,3,2,4.461406,5.475941,1.014535
g4969,g4969.mp3,7.131375,3,0,0.0,1.025964,1.025964
g4969,g4969.mp3,7.131375,3,1,3.361655,3.860952,0.499297
g4969,g4969.mp3,7.131375,3,2,4.462472,5.478073,1.015601
g4970,g4970.mp3,7.053,3,0,0.0,1.042381,1.042381
g4970,g4970.mp3,7.053,3,1,3.193107,3.701383,0.508277
g4970,g4970.mp3,7.053,3,2,4.347506,5.359887,1.012381
g4971,g4971.mp3,7.784375,3,0,0.0,1.027483,1.027483
g4971,g4971.mp3,7.784375,3,1,3.419819,3.921383,0.501565
g4971,g4971.mp3,7.784375,3,2,4.827732,5.848027,1.020295
g4972,g4972.mp3,7.8105,3,0,0.0,1.030385,1.030385
g4972,g4972.mp3,7.8105,3,1,3.375351,3.870658,0.495306
g4972,g4972.mp3,7.8105,3,2,4.823288,5.836508,1.01322
g4973,g4973.mp3,8.2285,3,0,0.0,1.03542,1.03542
g4973,g4973.mp3,8.2285,3,1,3.643719,4.14068,0.496961
g4973,g4973.mp3,8.2285,3,2,5.154807,6.16907,1.014263
g4974,g4974.mp3,14.524,6,0,0.0,1.054853,1.054853
g4974,g4974.mp3,14.524,6,1,3.71288,4.238163,0.525283
g4974,g4974.mp3,14.524,6,2,5.100794,6.127279,1.026485
g4974,g4974.mp3,14.524,6,3,7.105442,8.112948,1.007506
g4974,g4974.mp3,14.524,6,4,9.301542,10.329569,1.028027
g4974,g4974.mp3,14.524,6,5,11.364467,12.382222,1.017755
g4975,g4975.mp3,8.150125,3,0,0.0,1.033016,1.033016
g4975,g4975.mp3,8.150125,3,1,3.625329,4.121429,0.4961
g4975,g4975.mp3,8.150125,3,2,5.079751,6.089683,1.009932
g4976,g4976.mp3,7.706,3,0,0.0,1.02805,1.02805
g4976,g4976.mp3,7.706,3,1,3.79966,4.310249,0.51059
g4976,g4976.mp3,7.706,3,2,5.021565,6.041474,1.019909
g4977,g4977.mp3,7.993375,3,0,0.0,1.033991,1.033991
g4977,g4977.mp3,7.993375,3,1,3.866213,4.367392,0.501179
g4977,g4977.mp3,7.993375,3,2,5.152177,6.176803,1.024626
g4978,g4978.mp3,7.444875,3,0,0.0,1.026871,1.026871
g4978,g4978.mp3,7.444875,3,1,3.481859,3.998526,0.516667
g4978,g4978.mp3,7.444875,3,2,4.682812,5.683628,1.000816
g4979,g4979.mp3,8.254625,3,0,0.0,1.036916,1.036916
g4979,g4979.mp3,8.254625,3,1,3.737574,4.27381,0.536236
g4979,g4979.mp3,8.254625,3,2,5.226712,6.256803,1.030091
g4980,g4980.mp3,7.68,3,0,0.0,1.033039,1.033039
g4980,g4980.mp3,7.68,3,1,3.264671,3.766961,0.50229
g4980,g4980.mp3,7.68,3,2,4.680862,5.714943,1.034082
g4981,g4981.mp3,7.497125,3,0,0.0,1.040794,1.040794
g4981,g4981.mp3,7.497125,3,1,3.273061,3.840907,0.567846
g4981,g4981.mp3,7.497125,3,2,4.65678,5.681497,1.024717
g4982,g4982.mp3,7.053,3,0,0.0,1.044558,1.044558
g4982,g4982.mp3,7.053,3,1,3.448707,3.950363,0.501655
g4982,g4982.mp3,7.053,3,2,4.496553,5.515828,1.019274
g4983,g4983.mp3,6.765625,3,0,0.0,1.040952,1.040952
g4983,g4983.mp3,6.765625,3,1,3.347551,3.86161,0.514059
g4983,g4983.mp3,6.765625,3,2,4.28737,5.306077,1.018707
g4984,g4984.mp3,8.17625,3,0,0.0,1.051224,1.051224
g4984,g4984.mp3,8.17625,3,1,3.395601,3.929252,0.533651
g4984,g4984.mp3,8.17625,3,2,4.990295,6.050249,1.059955
g4985,g4985.mp3,8.045625,3,0,0.0,1.035238,1.035238
g4985,g4985.mp3,8.045625,3,1,3.390839,3.907256,0.516417
g4985,g4985.mp3,8.045625,3,2,4.960181,5.980476,1.020295
g4986,g4986.mp3,7.86275,3,0,0.0,1.06805,1.06805
g4986,g4986.mp3,7.86275,3,1,3.540612,4.050023,0.50941
g4986,g4986.mp3,7.86275,3,2,4.902789,5.911837,1.009048
g4987,g4987.mp3,7.653875,3,0,0.0,1.046848,1.046848
g4987,g4987.mp3,7.653875,3,1,3.608617,4.126825,0.518209
g4987,g4987.mp3,7.653875,3,2,4.83737,5.862744,1.025374
g4988,g4988.mp3,7.96725,3,0,0.0,1.033061,1.033061
g4988,g4988.mp3,7.96725,3,1,3.590431,4.09415,0.503719
g4988,g4988.mp3,7.96725,3,2,5.007891,6.032358,1.024467
g4989,g4989.mp3,8.17625,3,0,0.0,1.035601,1.035601
g4989,g4989.mp3,8.17625,3,1,3.658526,4.16483,0.506304
g4989,g4989.mp3,8.17625,3,2,5.140295,6.158299,1.018005
g4990,g4990.mp3,7.079125,3,0,0.0,1.029342,1.029342
g4990,g4990.mp3,7.079125,3,1,3.194535,3.699887,0.505351
g4990,g4990.mp3,7.079125,3,2,4.34839,5.368571,1.020181
g4991,g4991.mp3,8.0195,3,0,0.0,1.051882,1.051882
g4991,g4991.mp3,8.0195,3,1,3.806916,4.324807,0.517891
g4991,g4991.mp3,8.0195,3,2,5.154649,6.192971,1.038322
g4992,g4992.mp3,8.359125,3,0,0.0,1.045125,1.045125
g4992,g4992.mp3,8.359125,3,1,3.687347,4.200522,0.513175
g4992,g4992.mp3,8.359125,3,2,5.261156,6.280499,1.019342
g4993,g4993.mp3,7.96725,3,0,0.0,1.035193,1.035193
g4993,g4993.mp3,7.96725,3,1,3.604354,4.135057,0.530703
g4993,g4993.mp3,7.96725,3,2,5.03161,6.044376,1.012766
g4994,g4994.mp3,8.150125,3,0,0.0,1.042971,1.042971
g4994,g4994.mp3,8.150125,3,1,3.730794,4.230227,0.499433
g4994,g4994.mp3,8.150125,3,2,5.195828,6.196712,1.000884
g4995,g4995.mp3,8.48975,3,0,0.0,1.054172,1.054172
g4995,g4995.mp3,8.48975,3,1,3.508322,4.028866,0.520544
g4995,g4995.mp3,8.48975,3,2,5.243107,6.272585,1.029478
g4996,g4996.mp3,8.07175,3,0,0.0,1.05068,1.05068
g4996,g4996.mp3,8.07175,3,1,3.634717,4.15229,0.517574
g4996,g4996.mp3,8.07175,3,2,5.068027,6.100023,1.031995
g4997,g4997.mp3,7.993375,3,0,0.0,1.036848,1.036848
g4997,g4997.mp3,7.993375,3,1,3.559025,4.080998,0.521973
g4997,g4997.mp3,7.993375,3,2,4.999161,6.042086,1.042925
g4998,g4998.mp3,6.974625,3,0,0.0,1.038027,1.038027
g4998,g4998.mp3,6.974625,3,1,3.246395,3.745918,0.499524
g4998,g4998.mp3,6.974625,3,2,4.344354,5.37322,1.028866
g5000,g5000.mp3,7.235875,3,0,0.0,1.047483,1.047483
g5000,g5000.mp3,7.235875,3,1,3.227324,3.773424,0.5461
g5000,g5000.mp3,7.235875,3,2,4.444014,5.494671,1.050658
g5001,g5001.mp3,6.844,3,0,0.0,1.040862,1.040862
g5001,g5001.mp3,6.844,3,1,3.555215,4.073946,0.51873
g5001,g5001.mp3,6.844,3,2,4.455215,5.4661,1.010884
g5002,g5002.mp3,7.3665,3,0,0.0,1.040658,1.040658
g5002,g5002.mp3,7.3665,3,1,3.205306,3.710726,0.50542
g5002,g5002.mp3,7.3665,3,2,4.538571,5.581134,1.042562
g5003,g5003.mp3,7.941125,3,0,0.0,1.029388,1.029388
g5003,g5003.mp3,7.941125,3,1,3.346871,3.854218,0.507347
g5003,g5003.mp3,7.941125,3,2,4.91517,5.854286,0.939116
g5004,g5004.mp3,7.86275,3,0,0.0,1.040975,1.040975
g5004,g5004.mp3,7.86275,3,1,3.369819,3.889161,0.519342
g5004,g5004.mp3,7.86275,3,2,4.834626,5.869841,1.035215
g5005,g5005.mp3,7.888875,3,0,0.0,1.038662,1.038662
g5005,g5005.mp3,7.888875,3,1,3.268481,3.783311,0.51483
g5005,g5005.mp3,7.888875,3,2,4.814286,5.845737,1.031451
g5006,g5006.mp3,8.38525,3,0,0.0,1.051587,1.051587
g5006,g5006.mp3,8.38525,3,1,3.462268,3.982653,0.520385
g5006,g5006.mp3,8.38525,3,2,5.106236,6.155147,1.048912
g5007,g5007.mp3,7.3665,3,0,0.0,1.04254,1.04254
g5007,g5007.mp3,7.3665,3,1,3.370884,3.895351,0.524467
g5007,g5007.mp3,7.3665,3,2,4.610816,5.653469,1.042653
g5008,g5008.mp3,7.183625,3,0,0.0,1.038231,1.038231
g5008,g5008.mp3,7.183625,3,1,3.230159,3.768707,0.538549
g5008,g5008.mp3,7.183625,3,2,4.417664,5.439093,1.021429
g5009,g5009.mp3,7.235875,3,0,0.0,1.043447,1.043447
g5009,g5009.mp3,7.235875,3,1,3.360816,3.884331,0.523515
g5009,g5009.mp3,7.235875,3,2,4.557302,5.575646,1.018345
g5010,g5010.mp3,7.288125,3,0,0.0,1.034694,1.034694
g5010,g5010.mp3,7.288125,3,1,3.291927,3.803039,0.511111
g5010,g5010.mp3,7.288125,3,2,4.506236,5.513991,1.007755
g5011,g5011.mp3,7.941125,3,0,0.0,1.047755,1.047755
g5011,g5011.mp3,7.941125,3,1,3.421247,3.950431,0.529184
g5011,g5011.mp3,7.941125,3,2,4.909297,5.954308,1.045011
g5012,g5012.mp3,8.6465,3,0,0.0,1.040612,1.040612
g5012,g5012.mp3,8.6465,3,1,3.370907,3.88458,0.513673
g5012,g5012.mp3,8.6465,3,2,5.238889,6.277302,1.038413
g5013,g5013.mp3,7.601625,3,0,0.0,1.048163,1.048163
g5013,g5013.mp3,7.601625,3,1,3.425238,3.950794,0.525556
g5013,g5013.mp3,7.601625,3,2,4.710295,5.752789,1.042494
g5014,g5014.mp3,8.07175,3,0,0.0,1.050884,1.050884
g5014,g5014.mp3,8.07175,3,1,3.519524,4.068299,0.548776
g5014,g5014.mp3,8.07175,3,2,5.050658,6.082789,1.032132
g5015,g5015.mp3,7.706,3,0,0.0,1.032245,1.032245
g5015,g5015.mp3,7.706,3,1,3.672766,4.187256,0.51449
g5015,g5015.mp3,7.706,3,2,4.919615,5.951723,1.032109
g5016,g5016.mp3,7.601625,3,0,0.0,1.027392,1.027392
g5016,g5016.mp3,7.601625,3,1,3.567438,4.080703,0.513265
g5016,g5016.mp3,7.601625,3,2,4.805193,5.84381,1.038617
g5017,g5017.mp3,7.706,3,0,0.0,1.033583,1.033583
g5017,g5017.mp3,7.706,3,1,3.443583,3.97449,0.530907
g5017,g5017.mp3,7.706,3,2,4.803787,5.82288,1.019093
g5018,g5018.mp3,7.784375,3,0,0.0,1.026259,1.026259
g5018,g5018.mp3,7.784375,3,1,3.520113,4.055556,0.535442
g5018,g5018.mp3,7.784375,3,2,4.882993,5.914444,1.031451
g5019,g5019.mp3,7.653875,3,0,0.0,1.044762,1.044762
g5019,g5019.mp3,7.653875,3,1,3.347052,3.868549,0.521497
g5019,g5019.mp3,7.653875,3,2,4.725986,5.75737,1.031383
g5020,g5020.mp3,8.07175,3,0,0.0,1.045351,1.045351
g5020,g5020.mp3,8.07175,3,1,3.283039,3.836984,0.553946
g5020,g5020.mp3,8.07175,3,2,4.907392,5.93839,1.030998
g5021,g5021.mp3,7.079125,3,0,0.0,1.03127,1.03127
g5021,g5021.mp3,7.079125,3,1,3.56771,4.076712,0.509002
g5021,g5021.mp3,7.079125,3,2,4.567596,5.585918,1.018322
g5022,g5022.mp3,7.68,3,0,0.0,1.03458,1.03458
g5022,g5022.mp3,7.68,3,1,3.557166,4.074354,0.517188
g5022,g5022.mp3,7.68,3,2,4.840317,5.845556,1.005238
g5024,g5024.mp3,7.31425,3,0,0.0,1.053039,1.053039
g5024,g5024.mp3,7.31425,3,1,3.612018,4.12551,0.513492
g5024,g5024.mp3,7.31425,3,2,4.694422,5.72322,1.028798
g5027,g5027.mp3,7.288125,3,0,0.0,1.050816,1.050816
g5027,g5027.mp3,7.288125,3,1,3.62907,4.15585,0.52678
g5027,g5027.mp3,7.288125,3,2,4.702018,5.742653,1.040635
g5028,g5028.mp3,7.262,3,0,0.0,1.034195,1.034195
g5028,g5028.mp3,7.262,3,1,3.342041,3.859116,0.517075
g5028,g5028.mp3,7.262,3,2,4.522404,5.531247,1.008844
g5029,g5029.mp3,7.183625,3,0,0.0,1.036213,1.036213
g5029,g5029.mp3,7.183625,3,1,3.672766,4.195397,0.52263
g5029,g5029.mp3,7.183625,3,2,4.650068,5.675374,1.025306
g5030,g5030.mp3,7.706,3,0,0.0,1.025986,1.025986
g5030,g5030.mp3,7.706,3,1,3.410136,3.952018,0.541882
g5030,g5030.mp3,7.706,3,2,4.817619,5.849138,1.031519
g5031,g5031.mp3,7.52325,3,0,0.0,1.023968,1.023968
g5031,g5031.mp3,7.52325,3,1,3.492245,4.489184,0.996939
g5031,g5031.mp3,7.52325,3,2,5.50356,6.509546,1.005986
g5032,g5032.mp3,14.053875,6,0,0.0,1.043243,1.043243
g5032,g5032.mp3,14.053875,6,1,3.493243,4.008549,0.515306
g5032,g5032.mp3,14.053875,6,2,4.60195,5.653583,1.051633
g5032,g5032.mp3,14.053875,6,3,6.235918,7.243764,1.007846
g5032,g5032.mp3,14.053875,6,4,9.424603,10.458594,1.033991
g5032,g5032.mp3,14.053875,6,5,11.191995,12.232426,1.040431
g5033,g5033.mp3,7.497125,3,0,0.0,1.03195,1.03195
g5033,g5033.mp3,7.497125,3,1,3.594512,4.112041,0.517528
g5033,g5033.mp3,7.497125,3,2,4.77,5.790612,1.020612
g5034,g5034.mp3,7.549375,3,0,0.0,1.039546,1.039546
g5034,g5034.mp3,7.549375,3,1,3.614286,4.118413,0.504127
g5034,g5034.mp3,7.549375,3,2,4.812109,5.836553,1.024444
g5035,g5035.mp3,7.31425,3,0,0.0,1.037347,1.037347
g5035,g5035.mp3,7.31425,3,1,3.705057,4.22356,0.518503
g5035,g5035.mp3,7.31425,3,2,4.731633,5.77102,1.039388
g5036,g5036.mp3,7.75825,3,0,0.0,1.033469,1.033469
g5036,g5036.mp3,7.75825,3,1,3.749161,4.256689,0.507528
g5036,g5036.mp3,7.75825,3,2,5.014444,6.025646,1.011202
g5037,g5037.mp3,6.844,3,0,0.0,1.037755,1.037755
g5037,g5037.mp3,6.844,3,1,3.651406,4.17322,0.521814
g5037,g5037.mp3,6.844,3,2,4.498639,5.530023,1.031383
g5038,g5038.mp3,7.75825,3,0,0.0,1.040612,1.040612
g5038,g5038.mp3,7.75825,3,1,3.623333,4.187937,0.564603
g5038,g5038.mp3,7.75825,3,2,4.98161,5.96746,0.98585
g5039,g5039.mp3,8.202375,3,0,0.0,1.029501,1.029501
g5039,g5039.mp3,8.202375,3,1,3.730295,4.268844,0.538549
g5039,g5039.mp3,8.202375,3,2,5.200862,6.213243,1.012381
g5040,g5040.mp3,7.444875,3,0,0.0,1.037256,1.037256
g5040,g5040.mp3,7.444875,3,1,3.457687,3.964172,0.506485
g5040,g5040.mp3,7.444875,3,2,4.659138,5.674558,1.01542
g5041,g5041.mp3,8.2285,3,0,0.0,1.047506,1.047506
g5041,g5041.mp3,8.2285,3,1,3.640952,4.158027,0.517075
g5041,g5041.mp3,8.2285,3,2,5.139388,6.162404,1.023016
g5042,g5042.mp3,8.28075,3,0,0.0,1.036712,1.036712
g5042,g5042.mp3,8.28075,3,1,3.706395,4.250816,0.544422
g5042,g5042.mp3,8.28075,3,2,5.211655,6.254354,1.042698
g5043,g5043.mp3,7.340375,3,0,0.0,1.031927,1.031927
g5043,g5043.mp3,7.340375,3,1,3.722132,4.230385,0.508254
g5043,g5043.mp3,7.340375,3,2,4.737823,5.754263,1.01644
g5044,g5044.mp3,8.48975,3,0,0.0,1.032245,1.032245
g5044,g5044.mp3,8.48975,3,1,3.730159,4.247392,0.517234
g5044,g5044.mp3,8.48975,3,2,5.381202,6.395397,1.014195
g5045,g5045.mp3,7.262,3,0,0.0,1.031224,1.031224
g5045,g5045.mp3,7.262,3,1,3.594263,4.104853,0.51059
g5045,g5045.mp3,7.262,3,2,4.637211,5.660249,1.023039
g5046,g5046.mp3,7.96725,3,0,0.0,1.037279,1.037279
g5046,g5046.mp3,7.96725,3,1,3.916553,4.458299,0.541746
g5046,g5046.mp3,7.96725,3,2,5.167143,6.217528,1.050385
g5047,g5047.mp3,8.150125,3,0,0.0,1.036122,1.036122
g5047,g5047.mp3,8.150125,3,1,3.70966,4.241474,0.531814
g5047,g5047.mp3,8.150125,3,2,5.150181,6.175215,1.025034
g5048,g5048.mp3,7.549375,3,0,0.0,1.048526,1.048526
g5048,g5048.mp3,7.549375,3,1,3.486712,4.001202,0.51449
g5048,g5048.mp3,7.549375,3,2,4.749388,5.789932,1.040544
g5049,g5049.mp3,7.836625,3,0,0.0,1.036077,1.036077
g5049,g5049.mp3,7.836625,3,1,3.550544,4.081633,0.531088
g5049,g5049.mp3,7.836625,3,2,4.892857,5.928776,1.035918
g5050,g5050.mp3,7.836625,3,0,0.0,1.039274,1.039274
g5050,g5050.mp3,7.836625,3,1,3.423605,3.93093,0.507324
g5050,g5050.mp3,7.836625,3,2,4.83458,5.87068,1.0361
g5051,g5051.mp3,8.17625,3,0,0.0,1.037959,1.037959
g5051,g5051.mp3,8.17625,3,1,3.605283,4.134263,0.52898
g5051,g5051.mp3,8.17625,3,2,5.109274,6.160385,1.051111
g5052,g5052.mp3,8.254625,3,0,0.0,1.04415,1.04415
g5052,g5052.mp3,8.254625,3,1,3.637007,4.159592,0.522585
g5052,g5052.mp3,8.254625,3,2,5.169138,6.212857,1.043719
g5053,g5053.mp3,7.836625,3,0,0.0,1.036712,1.036712
g5053,g5053.mp3,7.836625,3,1,3.824966,4.331088,0.506122
g5053,g5053.mp3,7.836625,3,2,5.062313,6.078254,1.015941
g5054,g5054.mp3,7.5755,3,0,0.0,1.049116,1.049116
g5054,g5054.mp3,7.5755,3,1,3.579751,4.100272,0.520522
g5054,g5054.mp3,7.5755,3,2,4.810385,5.858844,1.048458
g5055,g5055.mp3,7.1575,3,0,0.0,1.031179,1.031179
g5055,g5055.mp3,7.1575,3,1,3.459388,3.966213,0.506825
g5055,g5055.mp3,7.1575,3,2,4.517528,5.540272,1.022744
g5056,g5056.mp3,7.444875,3,0,0.0,1.03458,1.03458
g5056,g5056.mp3,7.444875,3,1,3.65898,4.163651,0.504671
g5056,g5056.mp3,7.444875,3,2,4.7639,5.783379,1.019478
g5057,g5057.mp3,7.993375,3,0,0.0,1.040295,1.040295
g5057,g5057.mp3,7.993375,3,1,3.640227,4.20449,0.564263
g5057,g5057.mp3,7.993375,3,2,5.087823,6.124308,1.036485
g5058,g5058.mp3,7.497125,3,0,0.0,1.047438,1.047438
g5058,g5058.mp3,7.497125,3,1,3.370204,4.084807,0.7146029999999994
g5058,g5058.mp3,7.497125,3,2,4.713991,5.766712,1.052721
g5059,g5059.mp3,7.262,3,0,0.0,1.038141,1.038141
g5059,g5059.mp3,7.262,3,1,3.440068,3.959501,0.519433
g5059,g5059.mp3,7.262,3,2,4.608118,5.642358,1.03424
g5060,g5060.mp3,7.75825,3,0,0.0,1.046712,1.046712
g5060,g5060.mp3,7.75825,3,1,3.292653,3.829093,0.53644
g5060,g5060.mp3,7.75825,3,2,4.723039,5.770317,1.047279
g5061,g5061.mp3,8.333,3,0,0.0,1.057098,1.057098
g5061,g5061.mp3,8.333,3,1,3.689773,4.218458,0.528685
g5061,g5061.mp3,8.333,3,2,5.224717,6.275329,1.050612
g5062,g5062.mp3,8.254625,3,0,0.0,1.031927,1.031927
g5062,g5062.mp3,8.254625,3,1,3.637868,4.167551,0.529683
g5062,g5062.mp3,8.254625,3,2,5.160204,6.201429,1.041224
g5063,g5063.mp3,9.639125,3,0,0.0,1.02678,1.02678
g5063,g5063.mp3,9.639125,3,1,3.701134,4.199478,0.498345
g5063,g5063.mp3,9.639125,3,2,5.876281,6.918571,1.04229
g5064,g5064.mp3,18.703625,9,0,0.0,1.030091,1.030091
g5064,g5064.mp3,18.703625,9,1,3.659932,4.192585,0.532653
g5064,g5064.mp3,18.703625,9,2,4.969887,5.980816,1.01093
g5064,g5064.mp3,18.703625,9,3,6.791066,7.836145,1.045079
g5064,g5064.mp3,18.703625,9,4,8.79712,9.822109,1.024989
g5064,g5064.mp3,18.703625,9,5,10.447166,11.456871,1.009705
g5064,g5064.mp3,18.703625,9,6,12.07195,13.118549,1.046599
g5064,g5064.mp3,18.703625,9,7,14.485261,15.534875,1.049615
g5064,g5064.mp3,18.703625,9,8,16.059592,17.089229,1.029637
g5065,g5065.mp3,9.848125,3,0,0.0,1.062857,1.062857
g5065,g5065.mp3,9.848125,3,1,3.747551,4.269615,0.522063
g5065,g5065.mp3,9.848125,3,2,5.982404,7.059546,1.077143
g5066,g5066.mp3,8.90775,3,0,0.0,1.049909,1.049909
g5066,g5066.mp3,8.90775,3,1,3.866281,4.392018,0.525737
g5066,g5066.mp3,8.90775,3,2,5.575714,6.60093,1.025215
g5067,g5067.mp3,7.993375,3,0,0.0,1.037302,1.037302
g5067,g5067.mp3,7.993375,3,1,3.578118,4.105465,0.527347
g5067,g5067.mp3,7.993375,3,2,5.005737,6.055011,1.049274
g5068,g5068.mp3,7.86275,3,0,0.0,1.044739,1.044739
g5068,g5068.mp3,7.86275,3,1,3.469796,3.986304,0.516508
g5068,g5068.mp3,7.86275,3,2,4.998458,5.94483,0.946372
g5069,g5069.mp3,8.0195,3,0,0.0,1.029773,1.029773
g5069,g5069.mp3,8.0195,3,1,3.738005,4.264331,0.526327
g5069,g5069.mp3,8.0195,3,2,5.089751,6.137937,1.048186
g5070,g5070.mp3,8.6465,3,0,0.0,1.048005,1.048005
g5070,g5070.mp3,8.6465,3,1,3.405737,3.956281,0.550544
g5070,g5070.mp3,8.6465,3,2,5.26873,6.306712,1.037982
g5071,g5071.mp3,8.28075,3,0,0.0,1.053741,1.053741
g5071,g5071.mp3,8.28075,3,1,3.741655,4.261224,0.519569
g5071,g5071.mp3,8.28075,3,2,5.224263,6.252245,1.027982
g5072,g5072.mp3,7.75825,3,0,0.0,1.043855,1.043855
g5072,g5072.mp3,7.75825,3,1,3.649342,4.170635,0.521293
g5072,g5072.mp3,7.75825,3,2,5.106508,5.964014,0.857506
g5073,g5073.mp3,14.57625,6,0,0.0,1.042857,1.042857
g5073,g5073.mp3,14.57625,6,1,3.58449,4.134875,0.550385
g5073,g5073.mp3,14.57625,6,2,5.016803,6.035873,1.01907
g5073,g5073.mp3,14.57625,6,3,6.958413,7.984694,1.026281
g5073,g5073.mp3,14.57625,6,4,9.35322,10.3922,1.03898
g5073,g5073.mp3,14.57625,6,5,11.424785,12.476372,1.051587
g5074,g5074.mp3,7.941125,3,0,0.0,1.043537,1.043537
g5074,g5074.mp3,7.941125,3,1,3.745714,4.275215,0.529501
g5074,g5074.mp3,7.941125,3,2,5.085714,6.022063,0.936349
g5075,g5075.mp3,14.654625,6,0,0.0,1.0361,1.0361
g5075,g5075.mp3,14.654625,6,1,3.912449,4.431519,0.51907
g5075,g5075.mp3,14.654625,6,2,5.499796,6.538141,1.038345
g5075,g5075.mp3,14.654625,6,3,7.637007,8.662268,1.025261
g5075,g5075.mp3,14.654625,6,4,9.806984,10.864059,1.057075
g5075,g5075.mp3,14.654625,6,5,11.729887,12.742472,1.012585
g5076,g5076.mp3,15.2555,6,0,0.0,1.062948,1.062948
g5076,g5076.mp3,15.2555,6,1,3.805918,4.340907,0.534989
g5076,g5076.mp3,15.2555,6,2,5.528209,6.566576,1.038367
g5076,g5076.mp3,15.2555,6,3,7.769751,8.814467,1.044717
g5076,g5076.mp3,15.2555,6,4,9.951565,10.987619,1.036054
g5076,g5076.mp3,15.2555,6,5,12.053265,13.092948,1.039683
g5077,g5077.mp3,8.0195,3,0,0.0,1.043469,1.043469
g5077,g5077.mp3,8.0195,3,1,3.958617,4.4861,0.527483
g5077,g5077.mp3,8.0195,3,2,5.190794,6.218594,1.0278
g5078,g5078.mp3,7.5755,3,0,0.0,1.026599,1.026599
g5078,g5078.mp3,7.5755,3,1,3.756803,4.291043,0.53424
g5078,g5078.mp3,7.5755,3,2,4.889433,5.922608,1.033175
g5079,g5079.mp3,8.515875,3,0,0.0,1.038027,1.038027
g5079,g5079.mp3,8.515875,3,1,3.829478,4.342902,0.513424
g5079,g5079.mp3,8.515875,3,2,5.385737,6.400635,1.014898
g5080,g5080.mp3,6.922375,3,0,0.0,1.029819,1.029819
g5080,g5080.mp3,6.922375,3,1,3.453129,3.983424,0.530295
g5080,g5080.mp3,6.922375,3,2,4.412948,5.43229,1.019342
g5081,g5081.mp3,7.86275,3,0,0.0,1.031814,1.031814
g5081,g5081.mp3,7.86275,3,1,3.444785,3.956236,0.511451
g5081,g5081.mp3,7.86275,3,2,4.857415,5.886145,1.02873
g5082,g5082.mp3,8.515875,3,0,0.0,1.032857,1.032857
g5082,g5082.mp3,8.515875,3,1,3.846893,4.360998,0.514104
g5082,g5082.mp3,8.515875,3,2,5.391406,6.422812,1.031406
g5083,g5083.mp3,7.62775,3,0,0.0,1.03551,1.03551
g5083,g5083.mp3,7.62775,3,1,3.786168,4.311973,0.525805
g5083,g5083.mp3,7.62775,3,2,4.926281,5.983764,1.057483
g5084,g5084.mp3,8.045625,3,0,0.0,1.046327,1.046327
g5084,g5084.mp3,8.045625,3,1,3.675193,4.228163,0.552971
g5084,g5084.mp3,8.045625,3,2,5.122766,6.167324,1.044558
g5085,g5085.mp3,8.2285,3,0,0.0,1.033764,1.033764
g5085,g5085.mp3,8.2285,3,1,3.741315,4.274989,0.533673
g5085,g5085.mp3,8.2285,3,2,5.248027,6.190975,0.942948
g5086,g5086.mp3,8.150125,3,0,0.0,1.043447,1.043447
g5086,g5086.mp3,8.150125,3,1,3.756281,4.290204,0.533923
g5086,g5086.mp3,8.150125,3,2,5.208821,6.255964,1.047143
g5087,g5087.mp3,7.183625,3,0,0.0,1.02941,1.02941
g5087,g5087.mp3,7.183625,3,1,3.752971,4.269637,0.516667
g5087,g5087.mp3,7.183625,3,2,4.719546,5.737528,1.017982
g5088,g5088.mp3,7.053,3,0,0.0,1.029433,1.029433
g5088,g5088.mp3,7.053,3,1,3.540113,4.076803,0.536689
g5088,g5088.mp3,7.053,3,2,4.528776,5.57771,1.048934
g5089,g5089.mp3,6.922375,3,0,0.0,1.05458,1.05458
g5089,g5089.mp3,6.922375,3,1,3.58356,4.103333,0.519773
g5089,g5089.mp3,6.922375,3,2,4.486984,5.543832,1.056848
g5090,g5090.mp3,7.288125,3,0,0.0,1.028707,1.028707
g5090,g5090.mp3,7.288125,3,1,3.155374,3.682177,0.526803
g5090,g5090.mp3,7.288125,3,2,4.45966,5.50093,1.04127
g5091,g5091.mp3,7.471,3,0,0.0,1.056395,1.056395
g5091,g5091.mp3,7.471,3,1,3.710998,4.231179,0.520181
g5091,g5091.mp3,7.471,3,2,4.810998,5.829615,1.018617
g5092,g5092.mp3,7.235875,3,0,0.0,1.029093,1.029093
g5092,g5092.mp3,7.235875,3,1,3.730816,4.256599,0.525782
g5092,g5092.mp3,7.235875,3,2,4.682834,5.721111,1.038277
g5093,g5093.mp3,7.86275,3,0,0.0,1.054512,1.054512
g5093,g5093.mp3,7.86275,3,1,3.774535,4.317256,0.542721
g5093,g5093.mp3,7.86275,3,2,5.064104,6.110295,1.04619
g5094,g5094.mp3,8.17625,3,0,0.0,1.053288,1.053288
g5094,g5094.mp3,8.17625,3,1,3.716122,4.24873,0.532608
g5094,g5094.mp3,8.17625,3,2,5.182109,6.222177,1.040068
g5095,g5095.mp3,8.045625,3,0,0.0,1.038753,1.038753
g5095,g5095.mp3,8.045625,3,1,3.64932,4.174059,0.524739
g5095,g5095.mp3,8.045625,3,2,5.045079,6.098118,1.053039
g5096,g5096.mp3,7.00075,3,0,0.0,1.048571,1.048571
g5096,g5096.mp3,7.00075,3,1,3.625737,4.13737,0.511633
g5096,g5096.mp3,7.00075,3,2,4.527528,5.560317,1.032789
g5097,g5097.mp3,7.888875,3,0,0.0,1.039002,1.039002
g5097,g5097.mp3,7.888875,3,1,3.699365,4.240794,0.541429
g5097,g5097.mp3,7.888875,3,2,5.018571,6.067256,1.048685
g5098,g5098.mp3,7.5755,3,0,0.0,1.053333,1.053333
g5098,g5098.mp3,7.5755,3,1,3.462063,3.99619,0.534127
g5098,g5098.mp3,7.5755,3,2,4.738549,5.77576,1.037211
g5099,g5099.mp3,11.937875,6,0,0.0,1.038571,1.038571
g5099,g5099.mp3,11.937875,6,1,3.752721,4.263469,0.510748
g5099,g5099.mp3,11.937875,6,2,4.672766,5.69746,1.024694
g5099,g5099.mp3,11.937875,6,3,6.041633,7.056304,1.014671
g5099,g5099.mp3,11.937875,6,4,8.038821,9.048322,1.009501
g5099,g5099.mp3,11.937875,6,5,9.45288,10.471859,1.01898
g5100,g5100.mp3,6.817875,3,0,0.0,1.047279,1.047279
g5100,g5100.mp3,6.817875,3,1,3.119841,3.662177,0.542336
g5100,g5100.mp3,6.817875,3,2,4.207098,5.243673,1.036576
g5101,g5101.mp3,6.974625,3,0,0.0,1.052562,1.052562
g5101,g5101.mp3,6.974625,3,1,3.253991,3.786395,0.532404
g5101,g5101.mp3,6.974625,3,2,4.358571,5.389977,1.031406
g5102,g5102.mp3,7.20975,3,0,0.0,1.042744,1.042744
g5102,g5102.mp3,7.20975,3,1,3.202971,3.728844,0.525873
g5102,g5102.mp3,7.20975,3,2,4.42898,5.447506,1.018526
g5103,g5103.mp3,7.079125,3,0,0.0,1.025873,1.025873
g5103,g5103.mp3,7.079125,3,1,3.184036,3.732676,0.548639
g5103,g5103.mp3,7.079125,3,2,4.381995,5.408141,1.026145
g5105,g5105.mp3,7.471,3,0,0.0,1.045782,1.045782
g5105,g5105.mp3,7.471,3,1,3.075397,3.604263,0.528866
g5105,g5105.mp3,7.471,3,2,4.473968,5.52034,1.046372
g5106,g5106.mp3,6.89625,3,0,0.0,1.035397,1.035397
g5106,g5106.mp3,6.89625,3,1,3.244376,3.773311,0.528934
g5106,g5106.mp3,6.89625,3,2,4.30932,5.35542,1.0461
g5107,g5107.mp3,7.235875,3,0,0.0,1.050703,1.050703
g5107,g5107.mp3,7.235875,3,1,3.230907,3.764331,0.533424
g5107,g5107.mp3,7.235875,3,2,4.441066,5.476122,1.035057
g5108,g5108.mp3,7.340375,3,0,0.0,1.027234,1.027234
g5108,g5108.mp3,7.340375,3,1,3.101088,3.610113,0.509025
g5108,g5108.mp3,7.340375,3,2,4.460023,5.478231,1.018209
g5109,g5109.mp3,7.1575,3,0,0.0,1.059796,1.059796
g5109,g5109.mp3,7.1575,3,1,3.179365,3.691837,0.512472
g5109,g5109.mp3,7.1575,3,2,4.408707,5.420181,1.011474
g5110,g5110.mp3,7.1575,3,0,0.0,1.038209,1.038209
g5110,g5110.mp3,7.1575,3,1,3.218912,3.71805,0.499138
g5110,g5110.mp3,7.1575,3,2,4.410816,5.426168,1.015351
g5111,g5111.mp3,6.922375,3,0,0.0,1.039229,1.039229
g5111,g5111.mp3,6.922375,3,1,3.07576,3.594331,0.518571
g5111,g5111.mp3,6.922375,3,2,4.242676,5.261973,1.019297
g5112,g5112.mp3,14.15825,6,0,0.0,1.029161,1.029161
g5112,g5112.mp3,14.15825,6,1,3.021791,3.540522,0.51873
g5112,g5112.mp3,14.15825,6,2,4.543152,5.582381,1.039229
g5112,g5112.mp3,14.15825,6,3,6.578866,7.615624,1.036757
g5112,g5112.mp3,14.15825,6,4,8.843991,9.884671,1.04068
g5112,g5112.mp3,14.15825,6,5,10.957029,11.99093,1.0339
g5113,g5113.mp3,8.045625,3,0,0.0,1.037574,1.037574
g5113,g5113.mp3,8.045625,3,1,3.529138,4.084853,0.555714
g5113,g5113.mp3,8.045625,3,2,5.030544,6.072018,1.041474
g5114,g5114.mp3,13.374625,6,0,0.0,1.05746,1.05746
g5114,g5114.mp3,13.374625,6,1,3.35712,3.864762,0.507642
g5114,g5114.mp3,13.374625,6,2,4.519161,5.537007,1.017846
g5114,g5114.mp3,13.374625,6,3,6.223878,7.244649,1.020771
g5114,g5114.mp3,13.374625,6,4,8.279728,9.295624,1.015896
g5114,g5114.mp3,13.374625,6,5,10.305692,11.32551,1.019819
g5115,g5115.mp3,6.817875,3,0,0.0,1.060567,1.060567
g5115,g5115.mp3,6.817875,3,1,3.275193,3.79644,0.521247
g5115,g5115.mp3,6.817875,3,2,4.276077,5.323696,1.047619
g5116,g5116.mp3,7.340375,3,0,0.0,1.042971,1.042971
g5116,g5116.mp3,7.340375,3,1,3.277619,3.794512,0.516893
g5116,g5116.mp3,7.340375,3,2,4.523084,5.552517,1.029433
g5117,g5117.mp3,7.262,3,0,0.0,1.045034,1.045034
g5117,g5117.mp3,7.262,3,1,3.34093,3.877234,0.536304
g5117,g5117.mp3,7.262,3,2,4.532222,5.553243,1.02102
g5118,g5118.mp3,7.75825,3,0,0.0,1.046848,1.046848
g5118,g5118.mp3,7.75825,3,1,3.386145,3.912086,0.525941
g5118,g5118.mp3,7.75825,3,2,4.802132,5.854694,1.052562
g5119,g5119.mp3,6.7395,3,0,0.0,1.041406,1.041406
g5119,g5119.mp3,6.7395,3,1,3.245578,3.756372,0.510794
g5119,g5119.mp3,6.7395,3,2,4.237279,5.266735,1.029456
g5121,g5121.mp3,7.5755,3,0,0.0,1.051995,1.051995
g5121,g5121.mp3,7.5755,3,1,3.252381,3.772608,0.520227
g5121,g5121.mp3,7.5755,3,2,4.60093,5.644467,1.043537
g5122,g5122.mp3,6.68725,3,0,0.0,1.031859,1.031859
g5122,g5122.mp3,6.68725,3,1,3.199637,3.709456,0.509819
g5122,g5122.mp3,6.68725,3,2,4.174172,5.194921,1.020748
g5131,g5131.mp3,7.52325,3,0,0.0,1.052404,1.052404
g5131,g5131.mp3,7.52325,3,1,3.42034,3.947823,0.527483
g5131,g5131.mp3,7.52325,3,2,4.668481,5.69805,1.029569
g5132,g5132.mp3,7.549375,3,0,0.0,1.045669,1.045669
g5132,g5132.mp3,7.549375,3,1,3.610068,4.130113,0.520045
g5132,g5132.mp3,7.549375,3,2,4.792449,5.848549,1.0561
g5133,g5133.mp3,8.359125,3,0,0.0,1.030975,1.030975
g5133,g5133.mp3,8.359125,3,1,3.588662,4.083719,0.495057
g5133,g5133.mp3,8.359125,3,2,5.191474,6.214354,1.02288
g5134,g5134.mp3,7.183625,3,0,0.0,1.03517,1.03517
g5134,g5134.mp3,7.183625,3,1,3.583424,4.119955,0.536531
g5134,g5134.mp3,7.183625,3,2,4.608141,5.64458,1.03644
g5135,g5135.mp3,8.17625,3,0,0.0,1.047914,1.047914
g5135,g5135.mp3,8.17625,3,1,3.50161,4.032993,0.531383
g5135,g5135.mp3,8.17625,3,2,5.032336,6.059909,1.027574
g5136,g5136.mp3,8.07175,3,0,0.0,1.03746,1.03746
g5136,g5136.mp3,8.07175,3,1,3.404558,3.941451,0.536893
g5136,g5136.mp3,8.07175,3,2,4.937914,5.980159,1.042245
g5137,g5137.mp3,7.8105,3,0,0.0,1.045102,1.045102
g5137,g5137.mp3,7.8105,3,1,3.342358,3.857506,0.515147
g5137,g5137.mp3,7.8105,3,2,4.764512,5.805941,1.041429
g5138,g5138.mp3,7.62775,3,0,0.0,1.030295,1.030295
g5138,g5138.mp3,7.62775,3,1,3.410522,3.935079,0.524558
g5138,g5138.mp3,7.62775,3,2,4.753356,5.786735,1.033379
g5139,g5139.mp3,8.4375,3,0,0.0,1.040499,1.040499
g5139,g5139.mp3,8.4375,3,1,3.510227,4.01941,0.509184
g5139,g5139.mp3,8.4375,3,2,5.147551,6.173651,1.0261
g5140,g5140.mp3,6.922375,3,0,0.0,1.030635,1.030635
g5140,g5140.mp3,6.922375,3,1,3.145964,3.653741,0.507778
g5140,g5140.mp3,6.922375,3,2,4.261134,5.277347,1.016213
g5141,g5141.mp3,7.053,3,0,0.0,1.037914,1.037914
g5141,g5141.mp3,7.053,3,1,3.464762,3.996712,0.53195
g5141,g5141.mp3,7.053,3,2,4.47839,5.507778,1.029388
g5142,g5142.mp3,7.053,3,0,0.0,1.032789,1.032789
g5142,g5142.mp3,7.053,3,1,3.369909,3.910522,0.540612
g5142,g5142.mp3,7.053,3,2,4.429274,5.467823,1.038549
g5143,g5143.mp3,7.262,3,0,0.0,1.0322,1.0322
g5143,g5143.mp3,7.262,3,1,3.611338,4.143197,0.531859
g5143,g5143.mp3,7.262,3,2,4.666757,5.69254,1.025782
g5144,g5144.mp3,7.653875,3,0,0.0,1.045351,1.045351
g5144,g5144.mp3,7.653875,3,1,3.418254,3.945238,0.526984
g5144,g5144.mp3,7.653875,3,2,4.730363,5.75619,1.025828
g5145,g5145.mp3,8.045625,3,0,0.0,1.036259,1.036259
g5145,g5145.mp3,8.045625,3,1,3.448594,3.95449,0.505896
g5145,g5145.mp3,8.045625,3,2,4.960544,5.984082,1.023537
g5146,g5146.mp3,7.601625,3,0,0.0,1.027642,1.027642
g5146,g5146.mp3,7.601625,3,1,3.48644,4.002789,0.516349
g5146,g5146.mp3,7.601625,3,2,4.76449,5.784717,1.020227
g5147,g5147.mp3,7.41875,3,0,0.0,1.034649,1.034649
g5147,g5147.mp3,7.41875,3,1,3.435692,3.949388,0.513696
g5147,g5147.mp3,7.41875,3,2,4.643243,5.658662,1.01542
g5148,g5148.mp3,7.444875,3,0,0.0,1.053016,1.053016
g5148,g5148.mp3,7.444875,3,1,3.271451,3.794535,0.523084
g5148,g5148.mp3,7.444875,3,2,4.556712,5.585397,1.028685
g5149,g5149.mp3,7.026875,3,0,0.0,1.046304,1.046304
g5149,g5149.mp3,7.026875,3,1,3.306372,3.825578,0.519206
g5149,g5149.mp3,7.026875,3,2,4.376304,5.398231,1.021927
g5150,g5150.mp3,7.20975,3,0,0.0,1.036553,1.036553
g5150,g5150.mp3,7.20975,3,1,2.968073,3.483016,0.514943
g5150,g5150.mp3,7.20975,3,2,4.327279,5.339683,1.012404
g5151,g5151.mp3,7.026875,3,0,0.0,1.033379,1.033379
g5151,g5151.mp3,7.026875,3,1,3.208186,3.736621,0.528435
g5151,g5151.mp3,7.026875,3,2,4.310544,5.352041,1.041497
g5152,g5152.mp3,13.479125,6,0,0.0,1.041293,1.041293
g5152,g5152.mp3,13.479125,6,1,3.382517,3.935918,0.553401
g5152,g5152.mp3,13.479125,6,2,4.576871,5.849977,1.2731060000000003
g5152,g5152.mp3,13.479125,6,3,6.48424,7.547551,1.063311
g5152,g5152.mp3,13.479125,6,4,8.576531,9.593379,1.016848
g5152,g5152.mp3,13.479125,6,5,10.539887,11.575079,1.035193
g5153,g5153.mp3,8.07175,3,0,0.0,1.04068,1.04068
g5153,g5153.mp3,8.07175,3,1,3.520975,4.06229,0.541315
g5153,g5153.mp3,8.07175,3,2,5.010907,6.05678,1.045873
g5154,g5154.mp3,7.601625,3,0,0.0,1.050136,1.050136
g5154,g5154.mp3,7.601625,3,1,3.46322,3.966485,0.503265
g5154,g5154.mp3,7.601625,3,2,4.721723,5.749615,1.027891
g5155,g5155.mp3,7.836625,3,0,0.0,1.031406,1.031406
g5155,g5155.mp3,7.836625,3,1,3.284467,3.8122,0.527732
g5155,g5155.mp3,7.836625,3,2,4.757732,5.796463,1.03873
g5156,g5156.mp3,7.836625,3,0,0.0,1.038163,1.038163
g5156,g5156.mp3,7.836625,3,1,3.472041,4.059546,0.587506
g5156,g5156.mp3,7.836625,3,2,4.862222,5.938798,1.076576
g5157,g5157.mp3,7.31425,3,0,0.0,1.029864,1.029864
g5157,g5157.mp3,7.31425,3,1,3.39288,3.940023,0.547143
g5157,g5157.mp3,7.31425,3,2,4.563265,5.624807,1.061542
g5158,g5158.mp3,7.288125,3,0,0.0,1.029932,1.029932
g5158,g5158.mp3,7.288125,3,1,3.218209,3.730181,0.511973
g5158,g5158.mp3,7.288125,3,2,4.464195,5.491791,1.027596
g5159,g5159.mp3,7.706,3,0,0.0,1.058005,1.058005
g5159,g5159.mp3,7.706,3,1,3.180227,3.701519,0.521293
g5159,g5159.mp3,7.706,3,2,4.697506,5.72932,1.031814
g5160,g5160.mp3,7.053,3,0,0.0,1.067029,1.067029
g5160,g5160.mp3,7.053,3,1,3.122358,3.632608,0.510249
g5160,g5160.mp3,7.053,3,2,4.280748,5.319252,1.038503
g5161,g5161.mp3,7.75825,3,0,0.0,1.037914,1.037914
g5161,g5161.mp3,7.75825,3,1,3.398322,3.925896,0.527574
g5161,g5161.mp3,7.75825,3,2,4.770816,5.837392,1.066576
g5162,g5162.mp3,7.471,3,0,0.0,1.04737,1.04737
g5162,g5162.mp3,7.471,3,1,3.289683,3.796032,0.506349
g5162,g5162.mp3,7.471,3,2,4.612608,5.627914,1.015306
g5163,g5163.mp3,7.392625,3,0,0.0,1.045828,1.045828
g5163,g5163.mp3,7.392625,3,1,3.179864,3.707098,0.527234
g5163,g5163.mp3,7.392625,3,2,4.48932,5.539297,1.049977
g5164,g5164.mp3,7.653875,3,0,0.0,1.035692,1.035692
g5164,g5164.mp3,7.653875,3,1,3.391587,3.926871,0.535283
g5164,g5164.mp3,7.653875,3,2,4.732494,5.771111,1.038617
g5165,g5165.mp3,7.288125,3,0,0.0,1.038254,1.038254
g5165,g5165.mp3,7.288125,3,1,3.293469,3.836531,0.543061
g5165,g5165.mp3,7.288125,3,2,4.534059,5.555646,1.021587
g5166,g5166.mp3,7.444875,3,0,0.0,1.039796,1.039796
g5166,g5166.mp3,7.444875,3,1,3.439365,3.967438,0.528073
g5166,g5166.mp3,7.444875,3,2,4.661429,5.693129,1.031701
g5167,g5167.mp3,7.62775,3,0,0.0,1.039569,1.039569
g5167,g5167.mp3,7.62775,3,1,3.315306,3.842154,0.526848
g5167,g5167.mp3,7.62775,3,2,4.660771,5.69644,1.035669
g5168,g5168.mp3,13.792625,6,0,0.0,1.028435,1.028435
g5168,g5168.mp3,13.792625,6,1,3.149184,3.673379,0.524195
g5168,g5168.mp3,13.792625,6,2,4.537755,5.563061,1.025306
g5168,g5168.mp3,13.792625,6,3,6.472268,7.502222,1.029955
g5168,g5168.mp3,13.792625,6,4,9.754218,10.772245,1.018027
g5168,g5168.mp3,13.792625,6,5,11.238186,12.282381,1.044195
g5169,g5169.mp3,7.41875,3,0,0.0,1.02839,1.02839
g5169,g5169.mp3,7.41875,3,1,3.559909,4.087959,0.52805
g5169,g5169.mp3,7.41875,3,2,4.720023,5.750839,1.030816
g5170,g5170.mp3,7.262,3,0,0.0,1.052834,1.052834
g5170,g5170.mp3,7.262,3,1,3.277392,3.795147,0.517755
g5170,g5170.mp3,7.262,3,2,4.487052,5.526009,1.038957
g5171,g5171.mp3,7.340375,3,0,0.0,1.037823,1.037823
g5171,g5171.mp3,7.340375,3,1,3.292721,3.816893,0.524172
g5171,g5171.mp3,7.340375,3,2,4.503583,5.535669,1.032086
g5172,g5172.mp3,7.1575,3,0,0.0,1.048458,1.048458
g5172,g5172.mp3,7.1575,3,1,3.316349,3.842585,0.526236
g5172,g5172.mp3,7.1575,3,2,4.442993,5.481542,1.038549
g5173,g5173.mp3,7.549375,3,0,0.0,1.047279,1.047279
g5173,g5173.mp3,7.549375,3,1,3.425147,3.957868,0.532721
g5173,g5173.mp3,7.549375,3,2,4.72619,5.756961,1.030771
g5174,g5174.mp3,7.836625,3,0,0.0,1.039342,1.039342
g5174,g5174.mp3,7.836625,3,1,3.551111,4.073039,0.521927
g5174,g5174.mp3,7.836625,3,2,4.887551,5.938413,1.050862
g5175,g5175.mp3,7.915,3,0,0.0,1.047098,1.047098
g5175,g5175.mp3,7.915,3,1,3.68415,4.197392,0.513243
g5175,g5175.mp3,7.915,3,2,5.009728,6.053197,1.043469
g5176,g5176.mp3,7.235875,3,0,0.0,1.035057,1.035057
g5176,g5176.mp3,7.235875,3,1,3.696667,4.204649,0.507982
g5176,g5176.mp3,7.235875,3,2,4.693333,5.713832,1.020499
g5177,g5177.mp3,7.915,3,0,0.0,1.043673,1.043673
g5177,g5177.mp3,7.915,3,1,3.486735,4.002698,0.515964
g5177,g5177.mp3,7.915,3,2,4.93907,5.953968,1.014898
g5178,g5178.mp3,7.75825,3,0,0.0,1.037483,1.037483
g5178,g5178.mp3,7.75825,3,1,3.177392,3.678254,0.500862
g5178,g5178.mp3,7.75825,3,2,4.677007,5.7078,1.030794
g5179,g5179.mp3,7.497125,3,0,0.0,1.057868,1.057868
g5179,g5179.mp3,7.497125,3,1,3.5122,4.026599,0.514399
g5179,g5179.mp3,7.497125,3,2,4.692268,5.73229,1.040023
g5180,g5180.mp3,6.68725,3,0,0.0,1.041655,1.041655
g5180,g5180.mp3,6.68725,3,1,3.163016,3.675351,0.512336
g5180,g5180.mp3,6.68725,3,2,4.152109,5.189274,1.037166
g5181,g5181.mp3,7.68,3,0,0.0,1.037755,1.037755
g5181,g5181.mp3,7.68,3,1,3.457982,3.968503,0.510522
g5181,g5181.mp3,7.68,3,2,4.804966,5.836803,1.031837
g5182,g5182.mp3,14.053875,6,0,0.0,1.049546,1.049546
g5182,g5182.mp3,14.053875,6,1,3.479093,4.054354,0.575261
g5182,g5182.mp3,14.053875,6,2,4.97263,5.999365,1.026735
g5182,g5182.mp3,14.053875,6,3,6.996848,8.007324,1.010476
g5182,g5182.mp3,14.053875,6,4,9.259637,10.320544,1.060907
g5182,g5182.mp3,14.053875,6,5,11.112789,12.150454,1.037664
g5183,g5183.mp3,7.41875,3,0,0.0,1.045193,1.045193
g5183,g5183.mp3,7.41875,3,1,3.441111,3.95424,0.513129
g5183,g5183.mp3,7.41875,3,2,4.68805,5.69161,1.00356
g5184,g5184.mp3,7.262,3,0,0.0,1.025692,1.025692
g5184,g5184.mp3,7.262,3,1,3.368503,3.883832,0.515329
g5184,g5184.mp3,7.262,3,2,4.543469,5.560068,1.016599
g5185,g5185.mp3,15.09875,6,0,0.0,1.037574,1.037574
g5185,g5185.mp3,15.09875,6,1,3.633492,4.144807,0.511315
g5185,g5185.mp3,15.09875,6,2,4.871973,5.897256,1.025283
g5185,g5185.mp3,15.09875,6,3,6.650975,7.685941,1.034966
g5185,g5185.mp3,15.09875,6,4,10.11,11.122744,1.012744
g5185,g5185.mp3,15.09875,6,5,12.063605,13.07873,1.015125
g5186,g5186.mp3,7.392625,3,0,0.0,1.041088,1.041088
g5186,g5186.mp3,7.392625,3,1,3.608753,4.117302,0.508549
g5186,g5186.mp3,7.392625,3,2,4.706553,5.725692,1.019138
g5187,g5187.mp3,7.131375,3,0,0.0,1.035873,1.035873
g5187,g5187.mp3,7.131375,3,1,3.447937,3.956508,0.508571
g5187,g5187.mp3,7.131375,3,2,4.52932,5.509365,0.980045
g5188,g5188.mp3,6.844,3,0,0.0,1.040748,1.040748
g5188,g5188.mp3,6.844,3,1,3.364535,3.886168,0.521633
g5188,g5188.mp3,6.844,3,2,4.307279,5.333084,1.025805
g5189,g5189.mp3,8.28075,3,0,0.0,1.035692,1.035692
g5189,g5189.mp3,8.28075,3,1,3.49483,4.000726,0.505896
g5189,g5189.mp3,8.28075,3,2,5.108345,6.136576,1.028231
g5190,g5190.mp3,7.62775,3,0,0.0,1.030748,1.030748
g5190,g5190.mp3,7.62775,3,1,3.062653,3.591088,0.528435
g5190,g5190.mp3,7.62775,3,2,4.559751,5.593946,1.034195
g5191,g5191.mp3,8.568125,3,0,0.0,1.058027,1.058027
g5191,g5191.mp3,8.568125,3,1,3.46068,3.953787,0.493107
g5191,g5191.mp3,8.568125,3,2,5.167732,6.223401,1.055669
g5192,g5192.mp3,7.75825,3,0,0.0,1.032812,1.032812
g5192,g5192.mp3,7.75825,3,1,3.238685,3.757891,0.519206
g5192,g5192.mp3,7.75825,3,2,4.721859,5.745102,1.023243
g5193,g5193.mp3,7.86275,3,0,0.0,1.040839,1.040839
g5193,g5193.mp3,7.86275,3,1,3.449615,3.966803,0.517188
g5193,g5193.mp3,7.86275,3,2,4.856531,5.895215,1.038685
g5194,g5194.mp3,7.471,3,0,0.0,1.043469,1.043469
g5194,g5194.mp3,7.471,3,1,3.472086,3.996508,0.524422
g5194,g5194.mp3,7.471,3,2,4.698458,5.76551,1.067052
g5195,g5195.mp3,7.549375,3,0,0.0,1.046803,1.046803
g5195,g5195.mp3,7.549375,3,1,3.431361,3.947596,0.516236
g5195,g5195.mp3,7.549375,3,2,4.697914,5.713787,1.015873
g5196,g5196.mp3,7.31425,3,0,0.0,1.033673,1.033673
g5196,g5196.mp3,7.31425,3,1,3.397483,3.903175,0.505692
g5196,g5196.mp3,7.31425,3,2,4.613832,5.62381,1.009977
g5197,g5197.mp3,7.96725,3,0,0.0,1.028005,1.028005
g5197,g5197.mp3,7.96725,3,1,3.465465,3.988503,0.523039
g5197,g5197.mp3,7.96725,3,2,4.970748,5.984036,1.013288
g5198,g5198.mp3,7.52325,3,0,0.0,1.041995,1.041995
g5198,g5198.mp3,7.52325,3,1,3.274966,3.927687,0.6527210000000001
g5198,g5198.mp3,7.52325,3,2,4.682063,5.715873,1.03381
g5199,g5199.mp3,7.836625,3,0,0.0,1.041066,1.041066
g5199,g5199.mp3,7.836625,3,1,3.647868,4.16356,0.515692
g5199,g5199.mp3,7.836625,3,2,4.968571,6.00195,1.033379
g5200,g5200.mp3,7.444875,3,0,0.0,1.040385,1.040385
g5200,g5200.mp3,7.444875,3,1,3.231905,3.745079,0.513175
g5200,g5200.mp3,7.444875,3,2,4.556281,5.584082,1.0278
g5201,g5201.mp3,7.52325,3,0,0.0,1.062472,1.062472
g5201,g5201.mp3,7.52325,3,1,3.532086,4.025147,0.493061
g5201,g5201.mp3,7.52325,3,2,4.742721,5.746032,1.003311
g5202,g5202.mp3,7.471,3,0,0.0,1.029274,1.029274
g5202,g5202.mp3,7.471,3,1,3.057438,3.5561,0.498662
g5202,g5202.mp3,7.471,3,2,4.498957,5.504104,1.005147
g5203,g5203.mp3,7.75825,3,0,0.0,1.032018,1.032018
g5203,g5203.mp3,7.75825,3,1,2.971633,3.479501,0.507868
g5203,g5203.mp3,7.75825,3,2,4.568889,5.569569,1.00068
g5204,g5204.mp3,6.661125,3,0,0.0,1.047302,1.047302
g5204,g5204.mp3,6.661125,3,1,3.101429,3.602585,0.501156
g5204,g5204.mp3,6.661125,3,2,4.114717,5.11839,1.003673
g5205,g5205.mp3,7.00075,3,0,0.0,1.033311,1.033311
g5205,g5205.mp3,7.00075,3,1,2.987755,3.483401,0.495646
g5205,g5205.mp3,7.00075,3,2,4.231973,5.239184,1.007211
g5206,g5206.mp3,7.5755,3,0,0.0,1.033129,1.033129
g5206,g5206.mp3,7.5755,3,1,3.133492,3.644649,0.511156
g5206,g5206.mp3,7.5755,3,2,4.568889,5.57966,1.010771
g5207,g5207.mp3,6.870125,3,0,0.0,1.048934,1.048934
g5207,g5207.mp3,6.870125,3,1,3.012426,3.534036,0.52161
g5207,g5207.mp3,6.870125,3,2,4.161315,5.168957,1.007642
g5208,g5208.mp3,6.47825,3,0,0.0,1.044059,1.044059
g5208,g5208.mp3,6.47825,3,1,2.950181,3.45898,0.508798
g5208,g5208.mp3,6.47825,3,2,3.916463,4.950363,1.0339
g5209,g5209.mp3,11.8595,6,0,0.0,1.034444,1.034444
g5209,g5209.mp3,11.8595,6,1,3.042358,3.541723,0.499365
g5209,g5209.mp3,11.8595,6,2,4.249569,5.250522,1.000952
g5209,g5209.mp3,11.8595,6,3,5.952902,6.96966,1.016757
g5209,g5209.mp3,11.8595,6,4,7.951769,8.962336,1.010567
g5209,g5209.mp3,11.8595,6,5,9.405669,10.427483,1.021814
g5210,g5210.mp3,11.885625,6,0,0.0,1.033832,1.033832
g5210,g5210.mp3,11.885625,6,1,3.07898,3.596531,0.517551
g5210,g5210.mp3,11.885625,6,2,4.262358,5.275488,1.013129
g5210,g5210.mp3,11.885625,6,3,5.943719,6.954195,1.010476
g5210,g5210.mp3,11.885625,6,4,7.916916,8.933288,1.016372
g5210,g5210.mp3,11.885625,6,5,9.392608,10.40517,1.012562
g5211,g5211.mp3,7.41875,3,0,0.0,1.030181,1.030181
g5211,g5211.mp3,7.41875,3,1,2.983288,3.502834,0.519546
g5211,g5211.mp3,7.41875,3,2,4.363243,5.407596,1.044354
g5212,g5212.mp3,7.444875,3,0,0.0,1.071905,1.071905
g5212,g5212.mp3,7.444875,3,1,3.054535,3.546735,0.4922
g5212,g5212.mp3,7.444875,3,2,4.43932,5.466757,1.027438
g5213,g5213.mp3,11.937875,6,0,0.0,1.030295,1.030295
g5213,g5213.mp3,11.937875,6,1,3.235714,3.744603,0.508889
g5213,g5213.mp3,11.937875,6,2,4.379501,5.38966,1.010159
g5213,g5213.mp3,11.937875,6,3,6.048844,7.061723,1.01288
g5213,g5213.mp3,11.937875,6,4,8.085442,9.093673,1.008231
g5213,g5213.mp3,11.937875,6,5,9.517755,10.533696,1.015941
g5214,g5214.mp3,7.053,3,0,0.0,1.039116,1.039116
g5214,g5214.mp3,7.053,3,1,3.275351,3.78551,0.510159
g5214,g5214.mp3,7.053,3,2,4.408481,5.437959,1.029478
g5215,g5215.mp3,7.235875,3,0,0.0,1.025692,1.025692
g5215,g5215.mp3,7.235875,3,1,3.198776,3.703991,0.505215
g5215,g5215.mp3,7.235875,3,2,4.414127,5.43424,1.020113
g5216,g5216.mp3,12.094625,6,0,0.0,1.034014,1.034014
g5216,g5216.mp3,12.094625,6,1,3.318367,3.826893,0.508526
g5216,g5216.mp3,12.094625,6,2,4.430884,5.454467,1.023583
g5216,g5216.mp3,12.094625,6,3,6.009025,7.076984,1.067959
g5216,g5216.mp3,12.094625,6,4,8.145669,9.185011,1.039342
g5216,g5216.mp3,12.094625,6,5,9.570136,10.627846,1.05771
g5217,g5217.mp3,7.262,3,0,0.0,1.048163,1.048163
g5217,g5217.mp3,7.262,3,1,3.439048,3.9622,0.523152
g5217,g5217.mp3,7.262,3,2,4.569252,5.614739,1.045488
g5218,g5218.mp3,7.549375,3,0,0.0,1.041519,1.041519
g5218,g5218.mp3,7.549375,3,1,3.271791,3.784308,0.512517
g5218,g5218.mp3,7.549375,3,2,4.664739,5.694218,1.029478
g5219,g5219.mp3,7.183625,3,0,0.0,1.040544,1.040544
g5219,g5219.mp3,7.183625,3,1,3.120023,3.648889,0.528866
g5219,g5219.mp3,7.183625,3,2,4.380363,5.404694,1.024331
g5220,g5220.mp3,7.026875,3,0,0.0,1.02576,1.02576
g5220,g5220.mp3,7.026875,3,1,2.839002,3.333651,0.494649
g5220,g5220.mp3,7.026875,3,2,4.144195,5.173764,1.029569
g5221,g5221.mp3,7.10525,3,0,0.0,1.051814,1.051814
g5221,g5221.mp3,7.10525,3,1,3.127528,3.6322,0.504671
g5221,g5221.mp3,7.10525,3,2,4.343197,5.345329,1.002132
g5222,g5222.mp3,7.601625,3,0,0.0,1.056984,1.056984
g5222,g5222.mp3,7.601625,3,1,3.096757,3.630023,0.533265
g5222,g5222.mp3,7.601625,3,2,4.586281,5.622063,1.035782
g5223,g5223.mp3,7.888875,3,0,0.0,1.047574,1.047574
g5223,g5223.mp3,7.888875,3,1,3.16093,3.667506,0.506576
g5223,g5223.mp3,7.888875,3,2,4.754603,5.755646,1.001043
g5224,g5224.mp3,7.5755,3,0,0.0,1.043855,1.043855
g5224,g5224.mp3,7.5755,3,1,3.145692,3.659138,0.513447
g5224,g5224.mp3,7.5755,3,2,4.561927,5.57712,1.015193
g5225,g5225.mp3,7.20975,3,0,0.0,1.054422,1.054422
g5225,g5225.mp3,7.20975,3,1,3.159206,3.677937,0.51873
g5225,g5225.mp3,7.20975,3,2,4.399909,5.436825,1.036916
g5226,g5226.mp3,7.10525,3,0,0.0,1.045215,1.045215
g5226,g5226.mp3,7.10525,3,1,3.276735,3.815215,0.538481
g5226,g5226.mp3,7.10525,3,2,4.392109,5.429161,1.037052
g5227,g5227.mp3,8.097875,3,0,0.0,1.052789,1.052789
g5227,g5227.mp3,8.097875,3,1,3.39356,3.932517,0.538957
g5227,g5227.mp3,8.097875,3,2,4.97839,6.007732,1.029342
g5228,g5228.mp3,6.7395,3,0,0.0,1.03678,1.03678
g5228,g5228.mp3,6.7395,3,1,3.161769,3.657528,0.49576
g5228,g5228.mp3,6.7395,3,2,4.191383,5.19746,1.006077
g5229,g5229.mp3,7.392625,3,0,0.0,1.031655,1.031655
g5229,g5229.mp3,7.392625,3,1,3.169909,3.689864,0.519955
g5229,g5229.mp3,7.392625,3,2,4.504082,5.517959,1.013878
g5230,g5230.mp3,7.52325,3,0,0.0,1.033356,1.033356
g5230,g5230.mp3,7.52325,3,1,3.111519,3.613265,0.501746
g5230,g5230.mp3,7.52325,3,2,4.507868,5.545465,1.037596
g5231,g5231.mp3,7.10525,3,0,0.0,1.037166,1.037166
g5231,g5231.mp3,7.10525,3,1,3.129501,3.648844,0.519342
g5231,g5231.mp3,7.10525,3,2,4.357438,5.372018,1.01458
g5232,g5232.mp3,7.732125,3,0,0.0,1.035896,1.035896
g5232,g5232.mp3,7.732125,3,1,3.135488,3.654535,0.519048
g5232,g5232.mp3,7.732125,3,2,4.63771,5.664422,1.026712
g5233,g5233.mp3,7.549375,3,0,0.0,1.039161,1.039161
g5233,g5233.mp3,7.549375,3,1,3.305147,3.811497,0.506349
g5233,g5233.mp3,7.549375,3,2,4.680045,5.691678,1.011633
g5234,g5234.mp3,8.333,3,0,0.0,1.036531,1.036531
g5234,g5234.mp3,8.333,3,1,3.201156,3.703356,0.5022
g5234,g5234.mp3,8.333,3,2,4.937143,5.969161,1.032018
g5235,g5235.mp3,7.41875,3,0,0.0,1.044376,1.044376
g5235,g5235.mp3,7.41875,3,1,3.136213,3.674331,0.538118
g5235,g5235.mp3,7.41875,3,2,4.503379,5.540091,1.036712
g5236,g5236.mp3,7.732125,3,0,0.0,1.043696,1.043696
g5236,g5236.mp3,7.732125,3,1,3.54059,4.057098,0.516508
g5236,g5236.mp3,7.732125,3,2,4.890204,5.902744,1.01254
g5237,g5237.mp3,13.871,6,0,0.0,1.032744,1.032744
g5237,g5237.mp3,13.871,6,1,3.268322,3.775079,0.506757
g5237,g5237.mp3,13.871,6,2,4.738141,5.74746,1.00932
g5237,g5237.mp3,13.871,6,3,6.79288,7.834966,1.042086
g5237,g5237.mp3,13.871,6,4,8.844943,9.897256,1.052313
g5237,g5237.mp3,13.871,6,5,10.834218,11.862222,1.028005
g5238,g5238.mp3,7.444875,3,0,0.0,1.045782,1.045782
g5238,g5238.mp3,7.444875,3,1,3.001315,3.520907,0.519592
g5238,g5238.mp3,7.444875,3,2,4.483061,5.498277,1.015215
g5239,g5239.mp3,7.784375,4,0,0.0,1.037483,1.037483
g5239,g5239.mp3,7.784375,4,1,3.32093,3.819569,0.498639
g5239,g5239.mp3,7.784375,4,2,4.758141,5.77771,1.019569
g5239,g5239.mp3,7.784375,4,3,6.208707,6.33678,0.128073
g5240,g5240.mp3,7.41875,3,0,0.0,1.026848,1.026848
g5240,g5240.mp3,7.41875,3,1,2.84517,3.347982,0.502812
g5240,g5240.mp3,7.41875,3,2,4.362426,5.374444,1.012018
g5241,g5241.mp3,8.69875,3,0,0.0,1.036508,1.036508
g5241,g5241.mp3,8.69875,3,1,3.345669,3.892018,0.546349
g5241,g5241.mp3,8.69875,3,2,5.2661,6.28458,1.018481
g5242,g5242.mp3,7.601625,3,0,0.0,1.033855,1.033855
g5242,g5242.mp3,7.601625,3,1,3.294014,3.808254,0.51424
g5242,g5242.mp3,7.601625,3,2,4.696485,5.705624,1.009138
g5243,g5243.mp3,8.0195,3,0,0.0,1.040227,1.040227
g5243,g5243.mp3,8.0195,3,1,3.301066,3.800726,0.49966
g5243,g5243.mp3,8.0195,3,2,4.908549,5.936576,1.028027
g5244,g5244.mp3,8.463625,3,0,0.0,1.052472,1.052472
g5244,g5244.mp3,8.463625,3,1,3.428957,3.943605,0.514649
g5244,g5244.mp3,8.463625,3,2,5.191429,6.202993,1.011565
g5245,g5245.mp3,8.0195,3,0,0.0,1.05458,1.05458
g5245,g5245.mp3,8.0195,3,1,3.288707,3.815215,0.526508
g5245,g5245.mp3,8.0195,3,2,4.874558,5.919002,1.044444
g5246,g5246.mp3,7.706,3,0,0.0,1.035692,1.035692
g5246,g5246.mp3,7.706,3,1,3.180068,3.691111,0.511043
g5246,g5246.mp3,7.706,3,2,4.660862,5.684535,1.023673
g5247,g5247.mp3,7.392625,3,0,0.0,1.03517,1.03517
g5247,g5247.mp3,7.392625,3,1,3.208186,3.710726,0.50254
g5247,g5247.mp3,7.392625,3,2,4.520522,5.536644,1.016122
g5248,g5248.mp3,8.2285,3,0,0.0,1.053356,1.053356
g5248,g5248.mp3,8.2285,3,1,3.007415,3.514785,0.50737
g5248,g5248.mp3,8.2285,3,2,4.83907,5.88093,1.041859
g5249,g5249.mp3,8.333,3,0,0.0,1.044739,1.044739
g5249,g5249.mp3,8.333,3,1,3.055533,3.576848,0.521315
g5249,g5249.mp3,8.333,3,2,4.918367,5.959569,1.041202
g5250,g5250.mp3,8.254625,3,0,0.0,1.043741,1.043741
g5250,g5250.mp3,8.254625,3,1,2.955283,3.474649,0.519365
g5250,g5250.mp3,8.254625,3,2,4.838912,5.860544,1.021633
g5251,g5251.mp3,7.706,3,0,0.0,1.048503,1.048503
g5251,g5251.mp3,7.706,3,1,3.051179,3.568367,0.517188
g5251,g5251.mp3,7.706,3,2,4.523469,5.548526,1.025057
g5252,g5252.mp3,8.359125,3,0,0.0,1.064263,1.064263
g5252,g5252.mp3,8.359125,3,1,3.281429,3.808844,0.527415
g5252,g5252.mp3,8.359125,3,2,5.105986,6.16288,1.056893
g5253,g5253.mp3,7.601625,3,0,0.0,1.07449,1.07449
g5253,g5253.mp3,7.601625,3,1,3.250612,3.758594,0.507982
g5253,g5253.mp3,7.601625,3,2,4.607324,5.635034,1.02771
g5254,g5254.mp3,7.026875,3,0,0.0,1.065488,1.065488
g5254,g5254.mp3,7.026875,3,1,3.203991,3.701088,0.497098
g5254,g5254.mp3,7.026875,3,2,4.328277,5.364172,1.035896
g5255,g5255.mp3,7.549375,3,0,0.0,1.053878,1.053878
g5255,g5255.mp3,7.549375,3,1,3.091202,3.617188,0.525986
g5255,g5255.mp3,7.549375,3,2,4.568526,5.5761,1.007574
g5256,g5256.mp3,7.8105,3,0,0.0,1.028005,1.028005
g5256,g5256.mp3,7.8105,3,1,3.274717,3.776916,0.5022
g5256,g5256.mp3,7.8105,3,2,4.766281,5.806531,1.040249
g5257,g5257.mp3,7.993375,3,0,0.0,1.081995,1.081995
g5257,g5257.mp3,7.993375,3,1,3.319705,3.8661,0.546395
g5257,g5257.mp3,7.993375,3,2,4.858095,5.896916,1.038821
g5258,g5258.mp3,7.053,3,0,0.0,1.029864,1.029864
g5258,g5258.mp3,7.053,3,1,3.01576,3.564331,0.548571
g5258,g5258.mp3,7.053,3,2,4.288163,5.325533,1.03737
g5259,g5259.mp3,6.608875,3,0,0.0,1.056803,1.056803
g5259,g5259.mp3,6.608875,3,1,3.18483,3.717256,0.532426
g5259,g5259.mp3,6.608875,3,2,4.128934,5.156757,1.027823
g5260,g5260.mp3,7.026875,3,0,0.0,1.045283,1.045283
g5260,g5260.mp3,7.026875,3,1,2.887755,3.42966,0.541905
g5260,g5260.mp3,7.026875,3,2,4.185261,5.201066,1.015805
g5261,g5261.mp3,8.28075,3,0,0.0,1.057959,1.057959
g5261,g5261.mp3,8.28075,3,1,3.208707,3.734422,0.525714
g5261,g5261.mp3,8.28075,3,2,4.96585,6.019705,1.053855
g5262,g5262.mp3,7.41875,3,0,0.0,1.046077,1.046077
g5262,g5262.mp3,7.41875,3,1,3.206395,3.761224,0.55483
g5262,g5262.mp3,7.41875,3,2,4.512404,5.58873,1.076327
g5263,g5263.mp3,7.706,3,0,0.0,1.039093,1.039093
g5263,g5263.mp3,7.706,3,1,3.309388,3.826621,0.517234
g5263,g5263.mp3,7.706,3,2,4.720771,5.739546,1.018776
g5264,g5264.mp3,7.915,3,0,0.0,1.046961,1.046961
g5264,g5264.mp3,7.915,3,1,3.268821,3.797846,0.529025
g5264,g5264.mp3,7.915,3,2,4.74771,5.79585,1.048141
g5265,g5265.mp3,7.444875,3,0,0.0,1.053311,1.053311
g5265,g5265.mp3,7.444875,3,1,3.266939,3.815079,0.548141
g5265,g5265.mp3,7.444875,3,2,4.544807,5.619569,1.074762
g5266,g5266.mp3,7.444875,3,0,0.0,1.048163,1.048163
g5266,g5266.mp3,7.444875,3,1,3.479524,4.000658,0.521134
g5266,g5266.mp3,7.444875,3,2,4.682381,5.701814,1.019433
g5267,g5267.mp3,7.732125,3,0,0.0,1.03381,1.03381
g5267,g5267.mp3,7.732125,3,1,3.338073,3.866621,0.528549
g5267,g5267.mp3,7.732125,3,2,4.757256,5.784762,1.027506
g5268,g5268.mp3,7.653875,3,0,0.0,1.0578,1.0578
g5268,g5268.mp3,7.653875,3,1,3.172245,3.699751,0.527506
g5268,g5268.mp3,7.653875,3,2,4.63712,5.685488,1.048367
g5269,g5269.mp3,7.471,3,0,0.0,1.042608,1.042608
g5269,g5269.mp3,7.471,3,1,3.159116,3.688254,0.529138
g5269,g5269.mp3,7.471,3,2,4.503605,5.554127,1.050522
g5270,g5270.mp3,6.922375,3,0,0.0,1.043469,1.043469
g5270,g5270.mp3,6.922375,3,1,2.840726,3.355964,0.515238
g5270,g5270.mp3,6.922375,3,2,4.111587,5.125283,1.013696
g5271,g5271.mp3,7.888875,3,0,0.0,1.058163,1.058163
g5271,g5271.mp3,7.888875,3,1,3.130726,3.650317,0.519592
g5271,g5271.mp3,7.888875,3,2,4.704649,5.760748,1.0561
g5272,g5272.mp3,8.07175,3,0,0.0,1.035805,1.035805
g5272,g5272.mp3,8.07175,3,1,3.228299,3.766463,0.538163
g5272,g5272.mp3,8.07175,3,2,4.829637,5.857256,1.027619
g5273,g5273.mp3,8.0195,3,0,0.0,1.042086,1.042086
g5273,g5273.mp3,8.0195,3,1,3.160091,3.670998,0.510907
g5273,g5273.mp3,8.0195,3,2,4.816916,5.839977,1.023061
g5274,g5274.mp3,7.549375,3,0,0.0,1.037098,1.037098
g5274,g5274.mp3,7.549375,3,1,3.163401,3.712268,0.548866
g5274,g5274.mp3,7.549375,3,2,4.582222,5.610408,1.028186
g5275,g5275.mp3,7.41875,3,0,0.0,1.057438,1.057438
g5275,g5275.mp3,7.41875,3,1,3.210023,3.761406,0.551383
g5275,g5275.mp3,7.41875,3,2,4.500522,5.571179,1.070658
g5276,g5276.mp3,7.75825,3,0,0.0,1.051293,1.051293
g5276,g5276.mp3,7.75825,3,1,3.391701,3.907982,0.516281
g5276,g5276.mp3,7.75825,3,2,4.729206,5.789796,1.06059
g5277,g5277.mp3,7.68,3,0,0.0,1.058163,1.058163
g5277,g5277.mp3,7.68,3,1,3.257483,3.784626,0.527143
g5277,g5277.mp3,7.68,3,2,4.679819,5.732721,1.052902
g5278,g5278.mp3,7.183625,3,0,0.0,1.060159,1.060159
g5278,g5278.mp3,7.183625,3,1,3.126236,3.661995,0.53576
g5278,g5278.mp3,7.183625,3,2,4.367166,5.419161,1.051995
g5279,g5279.mp3,7.732125,3,0,0.0,1.045238,1.045238
g5279,g5279.mp3,7.732125,3,1,3.08746,3.605079,0.517619
g5279,g5279.mp3,7.732125,3,2,4.570295,5.626259,1.055964
g5280,g5280.mp3,7.392625,3,0,0.0,1.027506,1.027506
g5280,g5280.mp3,7.392625,3,1,2.757302,3.30254,0.545238
g5280,g5280.mp3,7.392625,3,2,4.258821,5.283333,1.024512
g5281,g5281.mp3,7.00075,3,0,0.0,1.044444,1.044444
g5281,g5281.mp3,7.00075,3,1,2.929365,3.420068,0.490703
g5281,g5281.mp3,7.00075,3,2,4.161474,5.164762,1.003288
g5282,g5282.mp3,7.497125,3,0,0.0,1.048118,1.048118
g5282,g5282.mp3,7.497125,3,1,3.039252,3.569569,0.530317
g5282,g5282.mp3,7.497125,3,2,4.44746,5.478299,1.030839
g5283,g5283.mp3,7.20975,3,0,0.0,1.041315,1.041315
g5283,g5283.mp3,7.20975,3,1,3.19458,3.702857,0.508277
g5283,g5283.mp3,7.20975,3,2,4.393424,5.436803,1.043379
g5284,g5284.mp3,7.31425,3,0,0.0,1.049841,1.049841
g5284,g5284.mp3,7.31425,3,1,3.094014,3.63907,0.545057
g5284,g5284.mp3,7.31425,3,2,4.423265,5.434218,1.010952
g5285,g5285.mp3,7.444875,3,0,0.0,1.049138,1.049138
g5285,g5285.mp3,7.444875,3,1,3.164286,3.698005,0.533719
g5285,g5285.mp3,7.444875,3,2,4.543039,5.579116,1.036077
g5286,g5286.mp3,7.601625,3,0,0.0,1.053832,1.053832
g5286,g5286.mp3,7.601625,3,1,3.291338,3.815782,0.524444
g5286,g5286.mp3,7.601625,3,2,4.640499,5.704807,1.064308
g5287,g5287.mp3,7.732125,3,0,0.0,1.045193,1.045193
g5287,g5287.mp3,7.732125,3,1,3.018639,3.540136,0.521497
g5287,g5287.mp3,7.732125,3,2,4.591497,5.614286,1.022789
g5288,g5288.mp3,7.053,3,0,0.0,1.04941,1.04941
g5288,g5288.mp3,7.053,3,1,2.856757,3.38737,0.530612
g5288,g5288.mp3,7.053,3,2,4.146145,5.222154,1.076009
g5289,g5289.mp3,7.392625,3,0,0.0,1.029206,1.029206
g5289,g5289.mp3,7.392625,3,1,3.042585,3.572653,0.530068
g5289,g5289.mp3,7.392625,3,2,4.444762,5.470272,1.02551
g5290,g5290.mp3,7.262,3,0,0.0,1.032041,1.032041
g5290,g5290.mp3,7.262,3,1,2.790136,3.311519,0.521383
g5290,g5290.mp3,7.262,3,2,4.211429,5.242063,1.030635
g5291,g5291.mp3,14.550125,6,0,0.0,1.042154,1.042154
g5291,g5291.mp3,14.550125,6,1,3.333152,3.839365,0.506213
g5291,g5291.mp3,14.550125,6,2,4.966304,5.99839,1.032086
g5291,g5291.mp3,14.550125,6,3,7.166757,8.204376,1.037619
g5291,g5291.mp3,14.550125,6,4,9.450204,10.504308,1.054104
g5291,g5291.mp3,14.550125,6,5,11.447279,12.462132,1.014853
g5292,g5292.mp3,7.5755,3,0,0.0,1.077029,1.077029
g5292,g5292.mp3,7.5755,3,1,3.302109,3.835918,0.53381
g5292,g5292.mp3,7.5755,3,2,4.696145,5.700113,1.003968
g5293,g5293.mp3,7.262,3,0,0.0,1.043878,1.043878
g5293,g5293.mp3,7.262,3,1,3.054739,3.581655,0.526916
g5293,g5293.mp3,7.262,3,2,4.358299,5.391429,1.033129
g5294,g5294.mp3,7.41875,3,0,0.0,1.04195,1.04195
g5294,g5294.mp3,7.41875,3,1,3.158526,3.671791,0.513265
g5294,g5294.mp3,7.41875,3,2,4.501224,5.549932,1.048707
g5295,g5295.mp3,7.392625,3,0,0.0,1.0578,1.0578
g5295,g5295.mp3,7.392625,3,1,3.185057,3.69034,0.505283
g5295,g5295.mp3,7.392625,3,2,4.497506,5.521655,1.02415
g5296,g5296.mp3,7.941125,3,0,0.0,1.036349,1.036349
g5296,g5296.mp3,7.941125,3,1,3.24254,3.748367,0.505828
g5296,g5296.mp3,7.941125,3,2,4.806689,5.842676,1.035986
g5297,g5297.mp3,7.340375,3,0,0.0,1.040159,1.040159
g5297,g5297.mp3,7.340375,3,1,3.219909,3.740385,0.520476
g5297,g5297.mp3,7.340375,3,2,4.52093,5.530385,1.009456
g5298,g5298.mp3,7.5755,3,0,0.0,1.048481,1.048481
g5298,g5298.mp3,7.5755,3,1,3.093311,3.608889,0.515578
g5298,g5298.mp3,7.5755,3,2,4.530862,5.562993,1.032132
g5299,g5299.mp3,7.8105,3,0,0.0,1.042812,1.042812
g5299,g5299.mp3,7.8105,3,1,3.367211,3.913469,0.546259
g5299,g5299.mp3,7.8105,3,2,4.811814,5.818957,1.007143
g5300,g5300.mp3,6.661125,3,0,0.0,1.035238,1.035238
g5300,g5300.mp3,6.661125,3,1,3.018526,3.545737,0.527211
g5300,g5300.mp3,6.661125,3,2,4.021678,5.060884,1.039206
g5301,g5301.mp3,7.183625,3,0,0.0,1.028413,1.028413
g5301,g5301.mp3,7.183625,3,1,3.146667,3.680113,0.533447
g5301,g5301.mp3,7.183625,3,2,4.395896,5.457234,1.061338
g5302,g5302.mp3,7.235875,3,0,0.0,1.037619,1.037619
g5302,g5302.mp3,7.235875,3,1,3.008594,3.563152,0.554558
g5302,g5302.mp3,7.235875,3,2,4.344308,5.37356,1.029252
g5303,g5303.mp3,7.131375,3,0,0.0,1.057687,1.057687
g5303,g5303.mp3,7.131375,3,1,3.093084,3.611633,0.518549
g5303,g5303.mp3,7.131375,3,2,4.286599,5.317596,1.030998
g5304,g5304.mp3,7.75825,3,0,0.0,1.025057,1.025057
g5304,g5304.mp3,7.75825,3,1,3.44127,4.44127,1.0
g5304,g5304.mp3,7.75825,3,2,5.516508,6.516576,1.000068
g5305,g5305.mp3,9.59275,4,0,0.0,1.089388,1.089388
g5305,g5305.mp3,9.59275,4,1,2.476961,2.982313,0.505351
g5305,g5305.mp3,9.59275,4,2,4.368526,5.617098,1.248571
g5305,g5305.mp3,9.59275,4,3,6.807075,7.972744,1.165669
g5306,g5306.mp3,7.288125,3,0,0.0,1.034989,1.034989
g5306,g5306.mp3,7.288125,3,1,3.097755,3.595057,0.497302
g5306,g5306.mp3,7.288125,3,2,4.426621,5.458662,1.032041
g5307,g5307.mp3,13.792625,6,0,0.0,1.037937,1.037937
g5307,g5307.mp3,13.792625,6,1,2.92712,3.464785,0.537664
g5307,g5307.mp3,13.792625,6,2,4.328844,5.357823,1.02898
g5307,g5307.mp3,13.792625,6,3,6.250998,7.278571,1.027574
g5307,g5307.mp3,13.792625,6,4,9.395692,10.425646,1.029955
g5307,g5307.mp3,13.792625,6,5,11.102744,12.114082,1.011338
g5308,g5308.mp3,7.288125,3,0,0.0,1.03932,1.03932
g5308,g5308.mp3,7.288125,3,1,2.916916,3.456757,0.539841
g5308,g5308.mp3,7.288125,3,2,4.346939,5.383401,1.036463
g5309,g5309.mp3,8.28075,3,0,0.0,1.040862,1.040862
g5309,g5309.mp3,8.28075,3,1,3.10551,3.615215,0.509705
g5309,g5309.mp3,8.28075,3,2,4.93619,5.982925,1.046735
g5310,g5310.mp3,7.288125,3,0,0.0,1.048957,1.048957
g5310,g5310.mp3,7.288125,3,1,2.915828,3.417302,0.501474
g5310,g5310.mp3,7.288125,3,2,4.325782,5.354263,1.028481
g5311,g5311.mp3,6.765625,3,0,0.0,1.030658,1.030658
g5311,g5311.mp3,6.765625,3,1,2.894376,3.391134,0.496757
g5311,g5311.mp3,6.765625,3,2,4.091973,5.047528,0.955556
g5312,g5312.mp3,6.817875,3,0,0.0,1.03932,1.03932
g5312,g5312.mp3,6.817875,3,1,3.016417,3.52288,0.506463
g5312,g5312.mp3,6.817875,3,2,4.147778,5.170295,1.022517
g5313,g5313.mp3,6.844,3,0,0.0,1.040431,1.040431
g5313,g5313.mp3,6.844,3,1,3.103878,3.606168,0.50229
g5313,g5313.mp3,6.844,3,2,4.173923,5.195624,1.021701
g5314,g5314.mp3,7.053,3,0,0.0,1.047279,1.047279
g5314,g5314.mp3,7.053,3,1,3.037687,3.588209,0.550522
g5314,g5314.mp3,7.053,3,2,4.267347,5.330839,1.063492
g5315,g5315.mp3,12.303625,6,0,0.0,1.049977,1.049977
g5315,g5315.mp3,12.303625,6,1,3.089569,3.633129,0.54356
g5315,g5315.mp3,12.303625,6,2,4.257211,5.34619,1.08898
g5315,g5315.mp3,12.303625,6,3,5.967007,7.037166,1.070159
g5315,g5315.mp3,12.303625,6,4,8.067687,9.117506,1.049819
g5315,g5315.mp3,12.303625,6,5,9.67322,10.73712,1.0639
g5316,g5316.mp3,7.235875,3,0,0.0,1.046508,1.046508
g5316,g5316.mp3,7.235875,3,1,3.309184,3.818707,0.509524
g5316,g5316.mp3,7.235875,3,2,4.426395,5.553673,1.127279
g5317,g5317.mp3,6.974625,3,0,0.0,1.037755,1.037755
g5317,g5317.mp3,6.974625,3,1,3.283061,3.798753,0.515692
g5317,g5317.mp3,6.974625,3,2,4.336236,5.371383,1.035147
g5318,g5318.mp3,7.52325,3,0,0.0,1.033787,1.033787
g5318,g5318.mp3,7.52325,3,1,3.111655,3.635828,0.524172
g5318,g5318.mp3,7.52325,3,2,4.536803,5.575102,1.038299
g5319,g5319.mp3,7.549375,3,0,0.0,1.042404,1.042404
g5319,g5319.mp3,7.549375,3,1,3.239025,3.785102,0.546077
g5319,g5319.mp3,7.549375,3,2,4.568889,5.598707,1.029819
g5320,g5320.mp3,7.68,3,0,0.0,1.03805,1.03805
g5320,g5320.mp3,7.68,3,1,3.206757,3.733673,0.526916
g5320,g5320.mp3,7.68,3,2,4.692063,5.720862,1.028798
g5321,g5321.mp3,7.706,3,0,0.0,1.027664,1.027664
g5321,g5321.mp3,7.706,3,1,3.125306,3.653878,0.528571
g5321,g5321.mp3,7.706,3,2,4.658934,5.700703,1.041769
g5322,g5322.mp3,7.41875,3,0,0.0,1.025986,1.025986
g5322,g5322.mp3,7.41875,3,1,3.289637,3.822313,0.532676
g5322,g5322.mp3,7.41875,3,2,4.529297,5.553719,1.024422
g5323,g5323.mp3,7.41875,3,0,0.0,1.039728,1.039728
g5323,g5323.mp3,7.41875,3,1,3.281293,3.791655,0.510363
g5323,g5323.mp3,7.41875,3,2,4.584218,5.63873,1.054512
g5324,g5324.mp3,7.601625,3,0,0.0,1.053039,1.053039
g5324,g5324.mp3,7.601625,3,1,3.364172,3.876893,0.512721
g5324,g5324.mp3,7.601625,3,2,4.668844,5.698458,1.029615
g5325,g5325.mp3,7.68,3,0,0.0,1.054444,1.054444
g5325,g5325.mp3,7.68,3,1,3.303764,3.832517,0.528753
g5325,g5325.mp3,7.68,3,2,4.716054,5.731678,1.015624
g5326,g5326.mp3,7.444875,3,0,0.0,1.041088,1.041088
g5326,g5326.mp3,7.444875,3,1,3.318798,3.844263,0.525465
g5326,g5326.mp3,7.444875,3,2,4.599002,5.629433,1.030431
g5327,g5327.mp3,7.183625,3,0,0.0,1.031519,1.031519
g5327,g5327.mp3,7.183625,3,1,3.098435,3.624626,0.52619
g5327,g5327.mp3,7.183625,3,2,4.328912,5.387234,1.058322
g5328,g5328.mp3,7.235875,3,0,0.0,1.05093,1.05093
g5328,g5328.mp3,7.235875,3,1,3.002313,3.553741,0.551429
g5328,g5328.mp3,7.235875,3,2,4.327937,5.374399,1.046463
g5329,g5329.mp3,7.31425,3,0,0.0,1.042653,1.042653
g5329,g5329.mp3,7.31425,3,1,3.106735,3.639569,0.532834
g5329,g5329.mp3,7.31425,3,2,4.431633,5.480907,1.049274
g5330,g5330.mp3,7.75825,3,0,0.0,1.054172,1.054172
g5330,g5330.mp3,7.75825,3,1,2.888957,3.441769,0.552812
g5330,g5330.mp3,7.75825,3,2,4.594989,5.604308,1.00932
g5331,g5331.mp3,7.732125,3,0,0.0,1.060794,1.060794
g5331,g5331.mp3,7.732125,3,1,3.187642,3.726712,0.53907
g5331,g5331.mp3,7.732125,3,2,4.655374,5.702449,1.047075
g5332,g5332.mp3,7.915,3,0,0.0,1.040612,1.040612
g5332,g5332.mp3,7.915,3,1,3.300658,3.826599,0.525941
g5332,g5332.mp3,7.915,3,2,4.820113,5.869478,1.049365
g5333,g5333.mp3,13.635875,6,0,0.0,1.040907,1.040907
g5333,g5333.mp3,13.635875,6,1,3.177075,3.688934,0.511859
g5333,g5333.mp3,13.635875,6,2,4.597732,5.503605,0.905873
g5333,g5333.mp3,13.635875,6,3,6.449025,7.370884,0.921859
g5333,g5333.mp3,13.635875,6,4,8.404127,9.431905,1.027778
g5333,g5333.mp3,13.635875,6,5,10.48195,11.507506,1.025556
g5334,g5334.mp3,7.392625,3,0,0.0,1.043787,1.043787
g5334,g5334.mp3,7.392625,3,1,3.469116,3.983447,0.514331
g5334,g5334.mp3,7.392625,3,2,4.67839,5.646508,0.968118
g5335,g5335.mp3,7.079125,3,0,0.0,1.034626,1.034626
g5335,g5335.mp3,7.079125,3,1,3.365488,3.882902,0.517415
g5335,g5335.mp3,7.079125,3,2,4.474603,5.504422,1.029819
g5336,g5336.mp3,8.992,3,0,0.0,1.054921,1.054921
g5336,g5336.mp3,8.992,3,1,4.679819,5.688163,1.008345
g5336,g5336.mp3,8.992,3,2,6.605805,7.606939,1.001134
g5337,g5337.mp3,7.653875,3,0,0.0,1.048503,1.048503
g5337,g5337.mp3,7.653875,3,1,3.39746,3.916961,0.519501
g5337,g5337.mp3,7.653875,3,2,4.733968,5.755646,1.021678
g5338,g5338.mp3,7.079125,3,0,0.0,1.0539,1.0539
g5338,g5338.mp3,7.079125,3,1,3.158345,3.665442,0.507098
g5338,g5338.mp3,7.079125,3,2,4.415918,5.354558,0.938639
g5339,g5339.mp3,7.288125,3,0,0.0,1.052766,1.052766
g5339,g5339.mp3,7.288125,3,1,3.241995,3.781814,0.539819
g5339,g5339.mp3,7.288125,3,2,4.4778,5.519592,1.041791
g5340,g5340.mp3,7.601625,3,0,0.0,1.046009,1.046009
g5340,g5340.mp3,7.601625,3,1,2.929342,3.442721,0.513379
g5340,g5340.mp3,7.601625,3,2,4.49712,5.525442,1.028322
g5341,g5341.mp3,7.653875,3,0,0.0,1.045215,1.045215
g5341,g5341.mp3,7.653875,3,1,3.181315,3.739365,0.55805
g5341,g5341.mp3,7.653875,3,2,4.64678,5.705782,1.059002
g5342,g5342.mp3,6.974625,3,0,0.0,1.045238,1.045238
g5342,g5342.mp3,6.974625,3,1,3.4022,3.934014,0.531814
g5342,g5342.mp3,6.974625,3,2,4.41907,5.465011,1.045941
g5343,g5343.mp3,6.79175,3,0,0.0,1.044921,1.044921
g5343,g5343.mp3,6.79175,3,1,3.230045,3.764853,0.534807
g5343,g5343.mp3,6.79175,3,2,4.235011,5.266916,1.031905
g5344,g5344.mp3,7.340375,3,0,0.0,1.048209,1.048209
g5344,g5344.mp3,7.340375,3,1,3.358209,3.883333,0.525125
g5344,g5344.mp3,7.340375,3,2,4.593424,5.639705,1.046281
g5345,g5345.mp3,6.765625,3,0,0.0,1.037528,1.037528
g5345,g5345.mp3,6.765625,3,1,3.215918,3.73288,0.516961
g5345,g5345.mp3,6.765625,3,2,4.215941,5.250113,1.034172
g5346,g5346.mp3,7.10525,3,0,0.0,1.04263,1.04263
g5346,g5346.mp3,7.10525,3,1,3.292993,3.816825,0.523832
g5346,g5346.mp3,7.10525,3,2,4.415125,5.43941,1.024286
g5347,g5347.mp3,7.497125,3,0,0.0,1.06127,1.06127
g5347,g5347.mp3,7.497125,3,1,3.308753,3.838503,0.529751
g5347,g5347.mp3,7.497125,3,2,4.630544,5.678027,1.047483
g5348,g5348.mp3,7.131375,3,0,0.0,1.043061,1.043061
g5348,g5348.mp3,7.131375,3,1,3.098027,3.632517,0.53449
g5348,g5348.mp3,7.131375,3,2,4.34102,5.372857,1.031837
g5349,g5349.mp3,7.941125,3,0,0.0,1.038844,1.038844
g5349,g5349.mp3,7.941125,3,1,3.37093,3.892018,0.521088
g5349,g5349.mp3,7.941125,3,2,4.876848,5.931088,1.05424
g5350,g5350.mp3,6.9485,3,0,0.0,1.062562,1.062562
g5350,g5350.mp3,6.9485,3,1,2.873084,3.415488,0.542404
g5350,g5350.mp3,6.9485,3,2,4.125351,5.182676,1.057324
g5351,g5351.mp3,7.235875,3,0,0.0,1.046553,1.046553
g5351,g5351.mp3,7.235875,3,1,3.271088,3.807914,0.536825
g5351,g5351.mp3,7.235875,3,2,4.452698,5.502245,1.049546
g5352,g5352.mp3,8.542,3,0,0.0,1.048073,1.048073
g5352,g5352.mp3,8.542,3,1,3.230363,3.7561,0.525737
g5352,g5352.mp3,8.542,3,2,5.085782,6.151814,1.066032
g5353,g5353.mp3,8.17625,3,0,0.0,1.025079,1.025079
g5353,g5353.mp3,8.17625,3,1,4.315011,5.315011,1.0
g5353,g5353.mp3,8.17625,3,2,6.204127,7.204739,1.000612
g5354,g5354.mp3,7.392625,3,0,0.0,1.043084,1.043084
g5354,g5354.mp3,7.392625,3,1,3.288662,3.822381,0.533719
g5354,g5354.mp3,7.392625,3,2,4.5678,5.634422,1.066621
g5355,g5355.mp3,7.601625,3,0,0.0,1.065669,1.065669
g5355,g5355.mp3,7.601625,3,1,3.310998,3.82932,0.518322
g5355,g5355.mp3,7.601625,3,2,4.630204,5.68542,1.055215
g5356,g5356.mp3,7.549375,3,0,0.0,1.044399,1.044399
g5356,g5356.mp3,7.549375,3,1,3.401451,3.929864,0.528413
g5356,g5356.mp3,7.549375,3,2,4.635941,5.683492,1.047551
g5357,g5357.mp3,7.026875,3,0,0.0,1.037256,1.037256
g5357,g5357.mp3,7.026875,3,1,3.242562,3.783197,0.540635
g5357,g5357.mp3,7.026875,3,2,4.331383,5.378118,1.046735
g5358,g5358.mp3,7.75825,3,0,0.0,1.058662,1.058662
g5358,g5358.mp3,7.75825,3,1,3.147143,3.67898,0.531837
g5358,g5358.mp3,7.75825,3,2,4.664059,5.719206,1.055147
g5359,g5359.mp3,7.86275,3,0,0.0,1.03907,1.03907
g5359,g5359.mp3,7.86275,3,1,3.328209,3.893243,0.565034
g5359,g5359.mp3,7.86275,3,2,4.799025,5.838458,1.039433
g5360,g5360.mp3,7.5755,3,0,0.0,1.042812,1.042812
g5360,g5360.mp3,7.5755,3,1,3.142857,3.65127,0.508413
g5360,g5360.mp3,7.5755,3,2,4.575283,5.600272,1.024989
g5361,g5361.mp3,7.993375,3,0,0.0,1.052245,1.052245
g5361,g5361.mp3,7.993375,3,1,3.360204,3.875918,0.515714
g5361,g5361.mp3,7.993375,3,2,4.887528,5.932063,1.044535
g5362,g5362.mp3,7.8105,3,0,0.0,1.055624,1.055624
g5362,g5362.mp3,7.8105,3,1,3.370726,3.901179,0.530454
g5362,g5362.mp3,7.8105,3,2,4.811814,5.83941,1.027596
g5363,g5363.mp3,7.915,3,0,0.0,1.045896,1.045896
g5363,g5363.mp3,7.915,3,1,3.471859,3.978889,0.507029
g5363,g5363.mp3,7.915,3,2,4.873741,5.933288,1.059546
g5364,g5364.mp3,7.96725,3,0,0.0,1.037279,1.037279
g5364,g5364.mp3,7.96725,3,1,3.313515,3.835215,0.521701
g5364,g5364.mp3,7.96725,3,2,4.846689,5.892857,1.046168
g5365,g5365.mp3,8.254625,3,0,0.0,1.039478,1.039478
g5365,g5365.mp3,8.254625,3,1,3.356576,3.885669,0.529093
g5365,g5365.mp3,8.254625,3,2,4.98771,6.035147,1.047438
g5366,g5366.mp3,8.359125,3,0,0.0,1.032834,1.032834
g5366,g5366.mp3,8.359125,3,1,3.497483,4.012449,0.514966
g5366,g5366.mp3,8.359125,3,2,5.121746,6.13907,1.017324
g5367,g5367.mp3,7.836625,3,0,0.0,1.042132,1.042132
g5367,g5367.mp3,7.836625,3,1,3.378707,3.92585,0.547143
g5367,g5367.mp3,7.836625,3,2,4.827029,5.895442,1.068413
g5368,g5368.mp3,7.131375,3,0,0.0,1.050227,1.050227
g5368,g5368.mp3,7.131375,3,1,3.234059,3.765624,0.531565
g5368,g5368.mp3,7.131375,3,2,4.385556,5.450839,1.065283
g5369,g5369.mp3,7.941125,3,0,0.0,1.041973,1.041973
g5369,g5369.mp3,7.941125,3,1,3.352109,3.887438,0.535329
g5369,g5369.mp3,7.941125,3,2,4.88229,5.927098,1.044807
g5370,g5370.mp3,6.922375,3,0,0.0,1.057256,1.057256
g5370,g5370.mp3,6.922375,3,1,3.113401,3.655782,0.542381
g5370,g5370.mp3,6.922375,3,2,4.200748,5.249796,1.049048
g5371,g5371.mp3,7.183625,3,0,0.0,1.041247,1.041247
g5371,g5371.mp3,7.183625,3,1,3.297823,3.815624,0.5178
g5371,g5371.mp3,7.183625,3,2,4.457596,5.49356,1.035964
g5372,g5372.mp3,7.549375,3,0,0.0,1.044762,1.044762
g5372,g5372.mp3,7.549375,3,1,3.348277,3.858685,0.510408
g5372,g5372.mp3,7.549375,3,2,4.662426,5.712517,1.050091
g5373,g5373.mp3,7.00075,3,0,0.0,1.038571,1.038571
g5373,g5373.mp3,7.00075,3,1,3.300658,3.80415,0.503492
g5373,g5373.mp3,7.00075,3,2,4.35941,5.377619,1.018209
g5374,g5374.mp3,8.411375,4,0,0.0,1.048299,1.048299
g5374,g5374.mp3,8.411375,4,1,3.435125,3.979478,0.544354
g5374,g5374.mp3,8.411375,4,2,4.256531,4.385034,0.128503
g5374,g5374.mp3,8.411375,4,3,5.164195,6.211088,1.046893
g5375,g5375.mp3,7.444875,3,0,0.0,1.04771,1.04771
g5375,g5375.mp3,7.444875,3,1,3.481406,4.0222,0.540794
g5375,g5375.mp3,7.444875,3,2,4.705397,5.739184,1.033787
g5376,g5376.mp3,7.732125,3,0,0.0,1.050272,1.050272
g5376,g5376.mp3,7.732125,3,1,3.524739,4.053968,0.529229
g5376,g5376.mp3,7.732125,3,2,4.832336,5.859592,1.027256
g5377,g5377.mp3,7.993375,3,0,0.0,1.045193,1.045193
g5377,g5377.mp3,7.993375,3,1,3.474172,4.008571,0.534399
g5377,g5377.mp3,7.993375,3,2,4.970227,6.012676,1.042449
g5378,g5378.mp3,7.68,3,0,0.0,1.044399,1.044399
g5378,g5378.mp3,7.68,3,1,3.163991,3.711882,0.547891
g5378,g5378.mp3,7.68,3,2,4.641655,5.680635,1.03898
g5379,g5379.mp3,7.706,3,0,0.0,1.042925,1.042925
g5379,g5379.mp3,7.706,3,1,3.272018,3.807868,0.53585
g5379,g5379.mp3,7.706,3,2,4.729728,5.759569,1.029841
g5380,g5380.mp3,7.5755,3,0,0.0,1.060091,1.060091
g5380,g5380.mp3,7.5755,3,1,2.955488,3.498163,0.542676
g5380,g5380.mp3,7.5755,3,2,4.515147,5.559796,1.044649
g5381,g5381.mp3,7.653875,3,0,0.0,1.045215,1.045215
g5381,g5381.mp3,7.653875,3,1,3.167211,3.689909,0.522698
g5381,g5381.mp3,7.653875,3,2,4.648254,5.689116,1.040862
g5383,g5383.mp3,8.0195,3,0,0.0,1.051905,1.051905
g5383,g5383.mp3,8.0195,3,1,3.337687,3.862018,0.524331
g5383,g5383.mp3,8.0195,3,2,4.863265,5.90898,1.045714
g5384,g5384.mp3,7.262,3,0,0.0,1.029025,1.029025
g5384,g5384.mp3,7.262,3,1,3.299025,3.811633,0.512608
g5384,g5384.mp3,7.262,3,2,4.501451,5.519955,1.018503
g5385,g5385.mp3,7.8105,3,0,0.0,1.03059,1.03059
g5385,g5385.mp3,7.8105,3,1,3.365079,3.887052,0.521973
g5385,g5385.mp3,7.8105,3,2,4.795624,5.826168,1.030544
g5386,g5386.mp3,7.836625,3,0,0.0,1.050612,1.050612
g5386,g5386.mp3,7.836625,3,1,3.366961,3.908118,0.541156
g5386,g5386.mp3,7.836625,3,2,4.812608,5.86059,1.047982
g5387,g5387.mp3,7.915,3,0,0.0,1.053696,1.053696
g5387,g5387.mp3,7.915,3,1,3.200408,3.726939,0.526531
g5387,g5387.mp3,7.915,3,2,4.785034,5.8261,1.041066
g5388,g5388.mp3,7.52325,3,0,0.0,1.054921,1.054921
g5388,g5388.mp3,7.52325,3,1,2.977664,3.507324,0.52966
g5388,g5388.mp3,7.52325,3,2,4.437732,5.502971,1.065238
g5389,g5389.mp3,7.86275,3,0,0.0,1.051678,1.051678
g5389,g5389.mp3,7.86275,3,1,3.086848,3.619093,0.532245
g5389,g5389.mp3,7.86275,3,2,4.707846,5.763469,1.055624
g5390,g5390.mp3,7.549375,3,0,0.0,1.05483,1.05483
g5390,g5390.mp3,7.549375,3,1,2.905873,3.453832,0.547959
g5390,g5390.mp3,7.549375,3,2,4.456621,5.497687,1.041066
g5391,g5391.mp3,9.436,3,0,0.0,1.055102,1.055102
g5391,g5391.mp3,9.436,3,1,4.378367,5.381406,1.003039
g5391,g5391.mp3,9.436,3,2,6.61619,7.620454,1.004263
g5392,g5392.mp3,7.053,3,0,0.0,1.044195,1.044195
g5392,g5392.mp3,7.053,3,1,3.244308,3.773288,0.52898
g5392,g5392.mp3,7.053,3,2,4.369615,5.404467,1.034853
g5393,g5393.mp3,7.10525,3,0,0.0,1.045034,1.045034
g5393,g5393.mp3,7.10525,3,1,3.267166,3.818503,0.551338
g5393,g5393.mp3,7.10525,3,2,4.40449,5.461701,1.057211
g5394,g5394.mp3,7.549375,3,0,0.0,1.044014,1.044014
g5394,g5394.mp3,7.549375,3,1,3.279297,3.829025,0.549728
g5394,g5394.mp3,7.549375,3,2,4.612585,5.645692,1.033107
g5395,g5395.mp3,7.183625,3,0,0.0,1.042517,1.042517
g5395,g5395.mp3,7.183625,3,1,3.443333,3.953061,0.509728
g5395,g5395.mp3,7.183625,3,2,4.562993,5.607438,1.044444
g5396,g5396.mp3,7.888875,3,0,0.0,1.045578,1.045578
g5396,g5396.mp3,7.888875,3,1,3.431406,3.985556,0.55415
g5396,g5396.mp3,7.888875,3,2,4.878594,5.931723,1.053129
g5397,g5397.mp3,7.732125,3,0,0.0,1.040045,1.040045
g5397,g5397.mp3,7.732125,3,1,3.27907,3.811043,0.531973
g5397,g5397.mp3,7.732125,3,2,4.716871,5.771156,1.054286
g5398,g5398.mp3,7.86275,3,0,0.0,1.039546,1.039546
g5398,g5398.mp3,7.86275,3,1,3.248118,3.795261,0.547143
g5398,g5398.mp3,7.86275,3,2,4.784739,5.824444,1.039705
g5399,g5399.mp3,7.3665,3,0,0.0,1.04127,1.04127
g5399,g5399.mp3,7.3665,3,1,3.43424,3.999977,0.565737
g5399,g5399.mp3,7.3665,3,2,4.625714,5.64737,1.021655
g5400,g5400.mp3,7.131375,3,0,0.0,1.036893,1.036893
g5400,g5400.mp3,7.131375,3,1,3.095397,3.665442,0.570045
g5400,g5400.mp3,7.131375,3,2,4.322381,5.368934,1.046553
g5401,g5401.mp3,7.00075,3,0,0.0,1.045079,1.045079
g5401,g5401.mp3,7.00075,3,1,3.007755,3.516644,0.508889
g5401,g5401.mp3,7.00075,3,2,4.222789,5.245896,1.023107
g5402,g5402.mp3,6.844,3,0,0.0,1.048526,1.048526
g5402,g5402.mp3,6.844,3,1,3.157234,3.661338,0.504104
g5402,g5402.mp3,6.844,3,2,4.233129,5.258934,1.025805
g5403,g5403.mp3,7.262,3,0,0.0,1.028776,1.028776
g5403,g5403.mp3,7.262,3,1,3.181587,3.694127,0.51254
g5403,g5403.mp3,7.262,3,2,4.413379,5.433991,1.020612
g5404,g5404.mp3,7.68,3,0,0.0,1.06551,1.06551
g5404,g5404.mp3,7.68,3,1,3.394807,3.92068,0.525873
g5404,g5404.mp3,7.68,3,2,4.772925,5.798186,1.025261
g5405,g5405.mp3,7.653875,3,0,0.0,1.040295,1.040295
g5405,g5405.mp3,7.653875,3,1,3.36415,3.892971,0.528821
g5405,g5405.mp3,7.653875,3,2,4.738027,5.791882,1.053855
g5406,g5406.mp3,7.444875,3,0,0.0,1.037302,1.037302
g5406,g5406.mp3,7.444875,3,1,3.348458,3.89288,0.544422
g5406,g5406.mp3,7.444875,3,2,4.645578,5.68322,1.037642
g5407,g5407.mp3,7.00075,3,0,0.0,1.053469,1.053469
g5407,g5407.mp3,7.00075,3,1,3.08449,3.626712,0.542222
g5407,g5407.mp3,7.00075,3,2,4.262676,5.302426,1.039751
g5408,g5408.mp3,6.974625,3,0,0.0,1.039456,1.039456
g5408,g5408.mp3,6.974625,3,1,2.905057,3.440159,0.535102
g5408,g5408.mp3,6.974625,3,2,4.140476,5.172789,1.032313
g5409,g5409.mp3,7.288125,3,0,0.0,1.058594,1.058594
g5409,g5409.mp3,7.288125,3,1,3.269796,3.772857,0.503061
g5409,g5409.mp3,7.288125,3,2,4.519796,5.563288,1.043492
g5410,g5410.mp3,13.7665,6,0,0.0,1.035578,1.035578
g5410,g5410.mp3,13.7665,6,1,2.973968,3.47263,0.498662
g5410,g5410.mp3,13.7665,6,2,4.023469,5.049002,1.025533
g5410,g5410.mp3,13.7665,6,3,5.604218,6.621723,1.017506
g5410,g5410.mp3,13.7665,6,4,9.070159,10.088367,1.018209
g5410,g5410.mp3,13.7665,6,5,10.901837,11.946259,1.044422
g5411,g5411.mp3,7.079125,3,0,0.0,1.032313,1.032313
g5411,g5411.mp3,7.079125,3,1,2.976848,3.498254,0.521406
g5411,g5411.mp3,7.079125,3,2,4.333424,5.244785,0.911361
g5412,g5412.mp3,7.471,3,0,0.0,1.040499,1.040499
g5412,g5412.mp3,7.471,3,1,3.049093,3.551837,0.502744
g5412,g5412.mp3,7.471,3,2,4.468481,5.50068,1.0322
g5413,g5413.mp3,7.497125,3,0,0.0,1.028934,1.028934
g5413,g5413.mp3,7.497125,3,1,3.258367,3.768934,0.510567
g5413,g5413.mp3,7.497125,3,2,4.570748,5.587302,1.016553
g5414,g5414.mp3,7.653875,3,0,0.0,1.044172,1.044172
g5414,g5414.mp3,7.653875,3,1,3.28712,3.804943,0.517823
g5414,g5414.mp3,7.653875,3,2,4.662086,5.684195,1.022109
g5415,g5415.mp3,8.38525,3,0,0.0,1.031451,1.031451
g5415,g5415.mp3,8.38525,3,1,3.105873,3.643492,0.537619
g5415,g5415.mp3,8.38525,3,2,4.942222,5.991723,1.049501
g5416,g5416.mp3,7.471,3,0,0.0,1.027347,1.027347
g5416,g5416.mp3,7.471,3,1,3.194558,3.694127,0.499569
g5416,g5416.mp3,7.471,3,2,4.572857,5.604853,1.031995
g5417,g5417.mp3,7.732125,3,0,0.0,1.048912,1.048912
g5417,g5417.mp3,7.732125,3,1,3.305283,3.829184,0.5239
g5417,g5417.mp3,7.732125,3,2,4.689206,5.74619,1.056984
g5418,g5418.mp3,7.75825,3,0,0.0,1.033288,1.033288
g5418,g5418.mp3,7.75825,3,1,3.126145,3.664286,0.538141
g5418,g5418.mp3,7.75825,3,2,4.62381,5.679206,1.055397
g5419,g5419.mp3,7.1575,3,0,0.0,1.04093,1.04093
g5419,g5419.mp3,7.1575,3,1,3.106689,3.669048,0.562358
g5419,g5419.mp3,7.1575,3,2,4.360295,5.385941,1.025646
g5420,g5420.mp3,6.974625,3,0,0.0,1.052063,1.052063
g5420,g5420.mp3,6.974625,3,1,3.130227,3.6361,0.505873
g5420,g5420.mp3,6.974625,3,2,4.24415,5.259297,1.015147
g5421,g5421.mp3,7.1575,3,0,0.0,1.046009,1.046009
g5421,g5421.mp3,7.1575,3,1,3.191361,3.731927,0.540567
g5421,g5421.mp3,7.1575,3,2,4.421927,5.46678,1.044853
g5422,g5422.mp3,7.993375,3,0,0.0,1.044308,1.044308
g5422,g5422.mp3,7.993375,3,1,3.17873,3.705737,0.527007
g5422,g5422.mp3,7.993375,3,2,4.770703,5.803878,1.033175
g5423,g5423.mp3,8.202375,3,0,0.0,1.039864,1.039864
g5423,g5423.mp3,8.202375,3,1,3.171338,3.70678,0.535442
g5423,g5423.mp3,8.202375,3,2,4.864921,5.933741,1.068821
g5424,g5424.mp3,7.3665,3,0,0.0,1.041156,1.041156
g5424,g5424.mp3,7.3665,3,1,3.193855,3.753265,0.55941
g5424,g5424.mp3,7.3665,3,2,4.456077,5.520726,1.064649
g5425,g5425.mp3,7.235875,3,0,0.0,1.050385,1.050385
g5425,g5425.mp3,7.235875,3,1,3.324966,3.849955,0.524989
g5425,g5425.mp3,7.235875,3,2,4.473583,5.5122,1.038617
g5426,g5426.mp3,7.5755,3,0,0.0,1.045306,1.045306
g5426,g5426.mp3,7.5755,3,1,3.366236,3.928095,0.561859
g5426,g5426.mp3,7.5755,3,2,4.644671,5.71839,1.073719
g5427,g5427.mp3,7.131375,3,0,0.0,1.039864,1.039864
g5427,g5427.mp3,7.131375,3,1,3.143492,3.675941,0.532449
g5427,g5427.mp3,7.131375,3,2,4.309637,5.367528,1.057891
g5428,g5428.mp3,7.549375,3,0,0.0,1.041701,1.041701
g5428,g5428.mp3,7.549375,3,1,2.988889,3.534966,0.546077
g5428,g5428.mp3,7.549375,3,2,4.458685,5.49,1.031315
g5429,g5429.mp3,7.86275,3,0,0.0,1.042857,1.042857
g5429,g5429.mp3,7.86275,3,1,3.317188,3.869977,0.552789
g5429,g5429.mp3,7.86275,3,2,4.790272,5.829048,1.038776
g5430,g5430.mp3,7.340375,3,0,0.0,1.043447,1.043447
g5430,g5430.mp3,7.340375,3,1,2.848866,3.382834,0.533968
g5430,g5430.mp3,7.340375,3,2,4.325578,5.360975,1.035397
g5431,g5431.mp3,7.471,3,0,0.0,1.05,1.05
g5431,g5431.mp3,7.471,3,1,3.082585,3.595624,0.513039
g5431,g5431.mp3,7.471,3,2,4.485692,5.501633,1.015941
g5432,g5432.mp3,7.497125,3,0,0.0,1.040726,1.040726
g5432,g5432.mp3,7.497125,3,1,3.252925,3.795125,0.5422
g5432,g5432.mp3,7.497125,3,2,4.582177,5.604966,1.022789
g5433,g5433.mp3,7.41875,3,0,0.0,1.042245,1.042245
g5433,g5433.mp3,7.41875,3,1,3.301293,3.815896,0.514603
g5433,g5433.mp3,7.41875,3,2,4.58424,5.623651,1.03941
g5434,g5434.mp3,7.20975,3,0,0.0,1.046259,1.046259
g5434,g5434.mp3,7.20975,3,1,3.209229,3.742766,0.533537
g5434,g5434.mp3,7.20975,3,2,4.416735,5.443356,1.026621
g5435,g5435.mp3,7.235875,3,0,0.0,1.043764,1.043764
g5435,g5435.mp3,7.235875,3,1,3.167982,3.701655,0.533673
g5435,g5435.mp3,7.235875,3,2,4.399297,5.465102,1.065805
g5436,g5436.mp3,7.8105,3,0,0.0,1.024807,1.024807
g5436,g5436.mp3,7.8105,3,1,3.969501,4.969615,1.000113
g5436,g5436.mp3,7.8105,3,2,5.89678,6.895238,0.998458
g5437,g5437.mp3,7.026875,3,0,0.0,1.053537,1.053537
g5437,g5437.mp3,7.026875,3,1,3.151633,3.683197,0.531565
g5437,g5437.mp3,7.026875,3,2,4.370204,5.395079,1.024875
g5438,g5438.mp3,7.10525,3,0,0.0,1.05254,1.05254
g5438,g5438.mp3,7.10525,3,1,2.991293,3.555102,0.56381
g5438,g5438.mp3,7.10525,3,2,4.288503,5.353537,1.065034
g5439,g5439.mp3,7.62775,3,0,0.0,1.060068,1.060068
g5439,g5439.mp3,7.62775,3,1,3.20127,3.728095,0.526825
g5439,g5439.mp3,7.62775,3,2,4.615873,5.657755,1.041882
g5440,g5440.mp3,7.471,3,0,0.0,1.054059,1.054059
g5440,g5440.mp3,7.471,3,1,2.922381,3.471043,0.548662
g5440,g5440.mp3,7.471,3,2,4.374354,5.411769,1.037415
g5441,g5441.mp3,7.20975,3,0,0.0,1.060159,1.060159
g5441,g5441.mp3,7.20975,3,1,3.157256,3.677528,0.520272
g5441,g5441.mp3,7.20975,3,2,4.429501,5.465125,1.035624
g5442,g5442.mp3,7.026875,3,0,0.0,1.031678,1.031678
g5442,g5442.mp3,7.026875,3,1,3.085125,3.598685,0.51356
g5442,g5442.mp3,7.026875,3,2,4.282721,5.288571,1.00585
g5443,g5443.mp3,6.89625,3,0,0.0,1.04712,1.04712
g5443,g5443.mp3,6.89625,3,1,3.188503,3.701791,0.513288
g5443,g5443.mp3,6.89625,3,2,4.25093,5.303537,1.052608
g5444,g5444.mp3,6.7395,3,0,0.0,1.047302,1.047302
g5444,g5444.mp3,6.7395,3,1,3.163878,3.677029,0.513152
g5444,g5444.mp3,6.7395,3,2,4.187438,5.221746,1.034308
g5445,g5445.mp3,7.262,3,0,0.0,1.047778,1.047778
g5445,g5445.mp3,7.262,3,1,3.239342,3.77449,0.535147
g5445,g5445.mp3,7.262,3,2,4.424263,5.465465,1.041202
g5446,g5446.mp3,7.68,3,0,0.0,1.044467,1.044467
g5446,g5446.mp3,7.68,3,1,3.295737,3.813741,0.518005
g5446,g5446.mp3,7.68,3,2,4.711701,5.745986,1.034286
g5447,g5447.mp3,7.52325,3,0,0.0,1.041701,1.041701
g5447,g5447.mp3,7.52325,3,1,3.117506,3.641156,0.523651
g5447,g5447.mp3,7.52325,3,2,4.574853,5.603061,1.028209
g5448,g5448.mp3,7.20975,3,0,0.0,1.042517,1.042517
g5448,g5448.mp3,7.20975,3,1,2.993243,3.516077,0.522834
g5448,g5448.mp3,7.20975,3,2,4.32576,5.359977,1.034218
g5449,g5449.mp3,7.131375,3,0,0.0,1.035828,1.035828
g5449,g5449.mp3,7.131375,3,1,3.125873,3.650363,0.52449
g5449,g5449.mp3,7.131375,3,2,4.35517,5.370726,1.015556
g5450,g5450.mp3,7.471,3,0,0.0,1.04678,1.04678
g5450,g5450.mp3,7.471,3,1,2.877211,3.411088,0.533878
g5450,g5450.mp3,7.471,3,2,4.423878,5.457166,1.033288
g5451,g5451.mp3,6.922375,3,0,0.0,1.037483,1.037483
g5451,g5451.mp3,6.922375,3,1,2.972245,3.485782,0.513537
g5451,g5451.mp3,6.922375,3,2,4.162993,5.193696,1.030703
g5452,g5452.mp3,6.922375,3,0,0.0,1.039728,1.039728
g5452,g5452.mp3,6.922375,3,1,2.971769,3.486259,0.51449
g5452,g5452.mp3,6.922375,3,2,4.156803,5.173515,1.016712
g5453,g5453.mp3,6.608875,3,0,0.0,1.033741,1.033741
g5453,g5453.mp3,6.608875,3,1,3.031678,3.544218,0.51254
g5453,g5453.mp3,6.608875,3,2,4.074127,5.108231,1.034104
g5454,g5454.mp3,7.68,3,0,0.0,1.04805,1.04805
g5454,g5454.mp3,7.68,3,1,3.134649,3.683333,0.548685
g5454,g5454.mp3,7.68,3,2,4.640998,5.700068,1.05907
g5455,g5455.mp3,7.131375,3,0,0.0,1.044263,1.044263
g5455,g5455.mp3,7.131375,3,1,3.295034,3.813039,0.518005
g5455,g5455.mp3,7.131375,3,2,4.426848,5.49542,1.068571
g5456,g5456.mp3,6.79175,3,0,0.0,1.049478,1.049478
g5456,g5456.mp3,6.79175,3,1,3.189138,3.702789,0.513651
g5456,g5456.mp3,6.79175,3,2,4.219524,5.235215,1.015692
g5457,g5457.mp3,6.844,3,0,0.0,1.057007,1.057007
g5457,g5457.mp3,6.844,3,1,3.153039,3.673492,0.520454
g5457,g5457.mp3,6.844,3,2,4.288639,5.233673,0.945034
g5458,g5458.mp3,7.235875,3,0,0.0,1.047075,1.047075
g5458,g5458.mp3,7.235875,3,1,3.032789,3.56517,0.532381
g5458,g5458.mp3,7.235875,3,2,4.291066,5.35737,1.066304
g5459,g5459.mp3,7.62775,3,0,0.0,1.045102,1.045102
g5459,g5459.mp3,7.62775,3,1,3.190771,3.74585,0.555079
g5459,g5459.mp3,7.62775,3,2,4.624762,5.682517,1.057755
g5460,g5460.mp3,7.5755,3,0,0.0,1.066667,1.066667
g5460,g5460.mp3,7.5755,3,1,3.026032,3.55678,0.530748
g5460,g5460.mp3,7.5755,3,2,4.535465,5.591769,1.056304
g5461,g5461.mp3,7.444875,3,0,0.0,1.05458,1.05458
g5461,g5461.mp3,7.444875,3,1,3.31381,3.870113,0.556304
g5461,g5461.mp3,7.444875,3,2,4.612676,5.651202,1.038526
g5462,g5462.mp3,7.941125,3,0,0.057415,1.056417,0.999002
g5462,g5462.mp3,7.941125,3,1,3.327732,3.875692,0.547959
g5462,g5462.mp3,7.941125,3,2,4.862154,5.92356,1.061406
g5463,g5463.mp3,7.235875,3,0,0.0,1.033039,1.033039
g5463,g5463.mp3,7.235875,3,1,3.327347,3.824626,0.497279
g5463,g5463.mp3,7.235875,3,2,4.460249,5.519955,1.059705
g5464,g5464.mp3,7.3665,3,0,0.0,1.046576,1.046576
g5464,g5464.mp3,7.3665,3,1,3.272676,3.825374,0.552698
g5464,g5464.mp3,7.3665,3,2,4.555556,5.579252,1.023696
g5465,g5465.mp3,7.444875,3,0,0.0,1.041088,1.041088
g5465,g5465.mp3,7.444875,3,1,3.332971,3.848073,0.515102
g5465,g5465.mp3,7.444875,3,2,4.601111,5.637732,1.036621
g5466,g5466.mp3,8.124,3,0,0.0,1.05381,1.05381
g5466,g5466.mp3,8.124,3,1,3.460091,3.987891,0.5278
g5466,g5466.mp3,8.124,3,2,4.963175,6.009501,1.046327
g5467,g5467.mp3,7.68,3,0,0.0,1.04737,1.04737
g5467,g5467.mp3,7.68,3,1,3.156735,3.707551,0.550816
g5467,g5467.mp3,7.68,3,2,4.650703,5.693311,1.042608
g5468,g5468.mp3,8.2285,3,0,0.0,1.03737,1.03737
g5468,g5468.mp3,8.2285,3,1,3.017256,3.568821,0.551565
g5468,g5468.mp3,8.2285,3,2,4.813039,5.88449,1.071451
g5469,g5469.mp3,7.784375,3,0,0.0,1.052789,1.052789
g5469,g5469.mp3,7.784375,3,1,3.128005,3.676667,0.548662
g5469,g5469.mp3,7.784375,3,2,4.769138,5.717596,0.948458
g5470,g5470.mp3,13.531375,6,0,0.0,1.046644,1.046644
g5470,g5470.mp3,13.531375,6,1,3.0161,3.539025,0.522925
g5470,g5470.mp3,13.531375,6,2,4.461043,5.499206,1.038163
g5470,g5470.mp3,13.531375,6,3,6.428707,7.471565,1.042857
g5470,g5470.mp3,13.531375,6,4,8.470295,9.52,1.049705
g5470,g5470.mp3,13.531375,6,5,10.510748,11.559365,1.048617
g5471,g5471.mp3,7.915,3,0,0.0,1.038617,1.038617
g5471,g5471.mp3,7.915,3,1,3.452834,3.971224,0.51839
g5471,g5471.mp3,7.915,3,2,4.906735,5.933855,1.02712
g5472,g5472.mp3,8.333,3,0,0.0,1.071519,1.071519
g5472,g5472.mp3,8.333,3,1,3.290113,3.845261,0.555147
g5472,g5472.mp3,8.333,3,2,5.01415,6.063651,1.049501
g5473,g5473.mp3,7.549375,3,0,0.0,1.038844,1.038844
g5473,g5473.mp3,7.549375,3,1,3.197211,3.740748,0.543537
g5473,g5473.mp3,7.549375,3,2,4.545283,5.591791,1.046508
g5474,g5474.mp3,8.124,3,0,0.0,1.051134,1.051134
g5474,g5474.mp3,8.124,3,1,3.228889,3.750975,0.522086
g5474,g5474.mp3,8.124,3,2,4.882902,5.905737,1.022834
g5475,g5475.mp3,7.941125,3,0,0.0,1.053084,1.053084
g5475,g5475.mp3,7.941125,3,1,3.294717,3.837392,0.542676
g5475,g5475.mp3,7.941125,3,2,4.86424,5.897551,1.033311
g5476,g5476.mp3,7.444875,3,0,0.0,1.050023,1.050023
g5476,g5476.mp3,7.444875,3,1,3.232426,3.783061,0.550635
g5476,g5476.mp3,7.444875,3,2,4.560068,5.604059,1.043991
g5477,g5477.mp3,7.601625,3,0,0.0,1.042494,1.042494
g5477,g5477.mp3,7.601625,3,1,3.357483,3.882313,0.52483
g5477,g5477.mp3,7.601625,3,2,4.640227,5.70458,1.064354
g5478,g5478.mp3,8.150125,3,0,0.0,1.041293,1.041293
g5478,g5478.mp3,8.150125,3,1,3.142562,3.682993,0.540431
g5478,g5478.mp3,8.150125,3,2,4.935782,5.978776,1.042993
g5479,g5479.mp3,7.20975,3,0,0.0,1.031927,1.031927
g5479,g5479.mp3,7.20975,3,1,3.184717,3.71059,0.525873
g5479,g5479.mp3,7.20975,3,2,4.409728,5.435329,1.025601
g5480,g5480.mp3,6.7395,3,0,0.0,1.040998,1.040998
g5480,g5480.mp3,6.7395,3,1,2.750975,3.282698,0.531723
g5480,g5480.mp3,6.7395,3,2,3.96483,4.983129,1.018299
g5481,g5481.mp3,7.5755,3,0,0.0,1.027506,1.027506
g5481,g5481.mp3,7.5755,3,1,3.073832,3.61839,0.544558
g5481,g5481.mp3,7.5755,3,2,4.549909,5.598231,1.048322
g5482,g5482.mp3,7.20975,3,0,0.0,1.029501,1.029501
g5482,g5482.mp3,7.20975,3,1,3.030272,3.544785,0.514512
g5482,g5482.mp3,7.20975,3,2,4.32254,5.353265,1.030726
g5483,g5483.mp3,7.836625,3,0,0.0,1.031202,1.031202
g5483,g5483.mp3,7.836625,3,1,3.216531,3.747347,0.530816
g5483,g5483.mp3,7.836625,3,2,4.681315,5.735057,1.053741
g5484,g5484.mp3,6.7395,3,0,0.0,1.036304,1.036304
g5484,g5484.mp3,6.7395,3,1,3.085397,3.5922,0.506803
g5484,g5484.mp3,6.7395,3,2,4.145873,5.187279,1.041406
g5485,g5485.mp3,7.235875,3,0,0.0,1.042789,1.042789
g5485,g5485.mp3,7.235875,3,1,3.208322,3.715238,0.506916
g5485,g5485.mp3,7.235875,3,2,4.453379,5.46381,1.010431
g5486,g5486.mp3,7.497125,3,0,0.0,1.05576,1.05576
g5486,g5486.mp3,7.497125,3,1,3.307551,3.853424,0.545873
g5486,g5486.mp3,7.497125,3,2,4.625533,5.648753,1.02322
g5487,g5487.mp3,9.7235,4,0,0.0,1.12712,1.12712
g5487,g5487.mp3,9.7235,4,1,2.338005,2.918503,0.580499
g5487,g5487.mp3,9.7235,4,2,4.409841,5.486757,1.076916
g5487,g5487.mp3,9.7235,4,3,6.699864,7.83805,1.138186
g5488,g5488.mp3,7.444875,3,0,0.0,1.052109,1.052109
g5488,g5488.mp3,7.444875,3,1,3.052018,3.596032,0.544014
g5488,g5488.mp3,7.444875,3,2,4.484785,5.524467,1.039683
g5489,g5489.mp3,7.993375,3,0,0.0,1.047392,1.047392
g5489,g5489.mp3,7.993375,3,1,3.443787,3.96712,0.523333
g5489,g5489.mp3,7.993375,3,2,4.962585,5.994603,1.032018
g5490,g5490.mp3,6.89625,3,0,0.0,1.076848,1.076848
g5490,g5490.mp3,6.89625,3,1,3.096576,3.610816,0.51424
g5490,g5490.mp3,6.89625,3,2,4.218526,5.2522,1.033673
g5491,g5491.mp3,7.497125,3,0,0.0,1.030136,1.030136
g5491,g5491.mp3,7.497125,3,1,3.19458,3.712132,0.517551
g5491,g5491.mp3,7.497125,3,2,4.561837,5.608662,1.046825
g5492,g5492.mp3,7.62775,3,0,0.0,1.038345,1.038345
g5492,g5492.mp3,7.62775,3,1,3.270703,3.807868,0.537166
g5492,g5492.mp3,7.62775,3,2,4.667211,5.716553,1.049342
g5493,g5493.mp3,7.888875,3,0,0.0,1.046485,1.046485
g5493,g5493.mp3,7.888875,3,1,3.316054,3.853696,0.537642
g5493,g5493.mp3,7.888875,3,2,4.848254,5.78034,0.932086
g5494,g5494.mp3,7.52325,3,0,0.0,1.043288,1.043288
g5494,g5494.mp3,7.52325,3,1,3.16873,3.703311,0.53458
g5494,g5494.mp3,7.52325,3,2,4.53068,5.557302,1.026621
g5495,g5495.mp3,7.20975,3,0,0.0,1.061973,1.061973
g5495,g5495.mp3,7.20975,3,1,3.349002,3.866259,0.517256
g5495,g5495.mp3,7.20975,3,2,4.475488,5.500862,1.025374
g5496,g5496.mp3,8.254625,3,0,0.0,1.04542,1.04542
g5496,g5496.mp3,8.254625,3,1,3.359229,3.880748,0.521519
g5496,g5496.mp3,8.254625,3,2,4.983379,6.024649,1.04127
g5497,g5497.mp3,8.38525,3,0,0.0,1.03839,1.03839
g5497,g5497.mp3,8.38525,3,1,3.266032,3.794921,0.528889
g5497,g5497.mp3,8.38525,3,2,5.032698,6.060658,1.027959
g5498,g5498.mp3,7.993375,3,0,0.0,1.066893,1.066893
g5498,g5498.mp3,7.993375,3,1,3.119546,3.639773,0.520227
g5498,g5498.mp3,7.993375,3,2,4.747279,5.773878,1.026599
g5499,g5499.mp3,8.6465,3,0,0.0,1.026417,1.026417
g5499,g5499.mp3,8.6465,3,1,3.256757,3.795057,0.538299
g5499,g5499.mp3,8.6465,3,2,5.134898,6.195896,1.060998
g5500,g5500.mp3,7.888875,3,0,0.0,1.045329,1.045329
g5500,g5500.mp3,7.888875,3,1,3.108005,3.642404,0.534399
g5500,g5500.mp3,7.888875,3,2,4.726077,5.766553,1.040476
g5501,g5501.mp3,7.053,3,0,0.0,1.046236,1.046236
g5501,g5501.mp3,7.053,3,1,3.050204,3.571429,0.521224
g5501,g5501.mp3,7.053,3,2,4.309615,5.333107,1.023492
g5502,g5502.mp3,7.1575,3,0,0.0,1.049728,1.049728
g5502,g5502.mp3,7.1575,3,1,3.018027,3.549524,0.531497
g5502,g5502.mp3,7.1575,3,2,4.301338,5.317664,1.016327
g5503,g5503.mp3,6.817875,3,0,0.0,1.026961,1.026961
g5503,g5503.mp3,6.817875,3,1,3.0761,3.606621,0.530522
g5503,g5503.mp3,6.817875,3,2,4.155329,5.18873,1.033401
g5504,g5504.mp3,12.8,6,0,0.0,1.035918,1.035918
g5504,g5504.mp3,12.8,6,1,2.96746,3.477324,0.509864
g5504,g5504.mp3,12.8,6,2,4.239932,5.268844,1.028912
g5504,g5504.mp3,12.8,6,3,6.041678,6.992358,0.95068
g5504,g5504.mp3,12.8,6,4,8.157302,9.110454,0.953152
g5504,g5504.mp3,12.8,6,5,9.897619,10.927438,1.029819
g5505,g5505.mp3,8.07175,3,0,0.0,1.054898,1.054898
g5505,g5505.mp3,8.07175,3,1,3.372381,3.910998,0.538617
g5505,g5505.mp3,8.07175,3,2,4.912132,5.957596,1.045465
g5506,g5506.mp3,8.48975,3,0,0.0,1.042404,1.042404
g5506,g5506.mp3,8.48975,3,1,3.175351,3.72771,0.552358
g5506,g5506.mp3,8.48975,3,2,5.020771,6.097506,1.076735
g5507,g5507.mp3,7.20975,3,0,0.0,1.054762,1.054762
g5507,g5507.mp3,7.20975,3,1,3.084785,3.608821,0.524036
g5507,g5507.mp3,7.20975,3,2,4.314467,5.384059,1.069592
g5508,g5508.mp3,7.10525,3,0,0.0,1.035011,1.035011
g5508,g5508.mp3,7.10525,3,1,2.941814,3.47737,0.535556
g5508,g5508.mp3,7.10525,3,2,4.24483,5.277823,1.032993
g5509,g5509.mp3,7.497125,3,0,0.0,1.042653,1.042653
g5509,g5509.mp3,7.497125,3,1,3.052902,3.599615,0.546712
g5509,g5509.mp3,7.497125,3,2,4.454898,5.50195,1.047052
g5510,g5510.mp3,7.497125,3,0,0.0,1.055646,1.055646
g5510,g5510.mp3,7.497125,3,1,2.932517,3.490658,0.558141
g5510,g5510.mp3,7.497125,3,2,4.429909,5.472404,1.042494
g5511,g5511.mp3,7.41875,3,0,0.0,1.045442,1.045442
g5511,g5511.mp3,7.41875,3,1,2.951633,3.473537,0.521905
g5511,g5511.mp3,7.41875,3,2,4.46576,5.403673,0.937914
g5512,g5512.mp3,15.2555,6,0,0.0,1.058571,1.058571
g5512,g5512.mp3,15.2555,6,1,3.171224,3.749161,0.577937
g5512,g5512.mp3,15.2555,6,2,4.607007,5.674308,1.067302
g5512,g5512.mp3,15.2555,6,3,6.565488,7.618095,1.052608
g5512,g5512.mp3,15.2555,6,4,9.717937,10.762041,1.044104
g5512,g5512.mp3,15.2555,6,5,12.016667,13.063537,1.046871
g5513,g5513.mp3,8.359125,3,0,0.0,1.039841,1.039841
g5513,g5513.mp3,8.359125,3,1,3.478141,4.051859,0.573719
g5513,g5513.mp3,8.359125,3,2,5.146621,6.181497,1.034875
g5514,g5514.mp3,7.52325,3,0,0.0,1.042812,1.042812
g5514,g5514.mp3,7.52325,3,1,3.324444,3.873651,0.549206
g5514,g5514.mp3,7.52325,3,2,4.616893,5.673152,1.056259
g5515,g5515.mp3,7.836625,3,0,0.0,1.026735,1.026735
g5515,g5515.mp3,7.836625,3,1,3.212336,3.743719,0.531383
g5515,g5515.mp3,7.836625,3,2,4.733764,5.763741,1.029977
g5516,g5516.mp3,13.1395,7,0,0.0,1.032562,1.032562
g5516,g5516.mp3,13.1395,7,1,3.937528,4.461678,0.52415
g5516,g5516.mp3,13.1395,7,2,5.238254,5.935057,0.696803
g5516,g5516.mp3,13.1395,7,3,6.736009,7.452721,0.716712
g5516,g5516.mp3,13.1395,7,4,8.022268,9.235465,1.213197
g5516,g5516.mp3,13.1395,7,5,9.974694,10.371927,0.397234
g5516,g5516.mp3,13.1395,7,6,11.126281,11.591383,0.465102
g5517,g5517.mp3,7.62775,3,0,0.0,1.041882,1.041882
g5517,g5517.mp3,7.62775,3,1,3.236009,3.773333,0.537324
g5517,g5517.mp3,7.62775,3,2,4.645057,5.65551,1.010454
g5518,g5518.mp3,7.444875,3,0,0.0,1.037778,1.037778
g5518,g5518.mp3,7.444875,3,1,3.113855,3.62517,0.511315
g5518,g5518.mp3,7.444875,3,2,4.530952,5.543039,1.012086
g5519,g5519.mp3,7.68,3,0,0.0,1.05941,1.05941
g5519,g5519.mp3,7.68,3,1,3.210884,3.747506,0.536621
g5519,g5519.mp3,7.68,3,2,4.680862,5.692449,1.011587
g5520,g5520.mp3,7.20975,3,0,0.0,1.041701,1.041701
g5520,g5520.mp3,7.20975,3,1,3.078685,3.602381,0.523696
g5520,g5520.mp3,7.20975,3,2,4.354807,5.382426,1.027619
g5521,g5521.mp3,7.079125,3,0,0.0,1.050862,1.050862
g5521,g5521.mp3,7.079125,3,1,3.173401,3.703855,0.530454
g5521,g5521.mp3,7.079125,3,2,4.355374,5.380408,1.025034
g5522,g5522.mp3,12.904375,6,0,0.0,1.05127,1.05127
g5522,g5522.mp3,12.904375,6,1,3.215578,3.719093,0.503515
g5522,g5522.mp3,12.904375,6,2,4.308594,5.380952,1.072358
g5522,g5522.mp3,12.904375,6,3,5.982041,7.041497,1.059456
g5522,g5522.mp3,12.904375,6,4,8.170658,9.193515,1.022857
g5522,g5522.mp3,12.904375,6,5,9.9978,11.013469,1.015669
g5523,g5523.mp3,7.836625,3,0,0.0,1.032041,1.032041
g5523,g5523.mp3,7.836625,3,1,3.218209,3.735918,0.51771
g5523,g5523.mp3,7.836625,3,2,4.749388,5.781497,1.032109
g5524,g5524.mp3,7.732125,3,0,0.0,1.035714,1.035714
g5524,g5524.mp3,7.732125,3,1,3.257823,3.794082,0.536259
g5524,g5524.mp3,7.732125,3,2,4.718435,5.741497,1.023061
g5525,g5525.mp3,7.653875,3,0,0.0,1.035329,1.035329
g5525,g5525.mp3,7.653875,3,1,3.387143,3.931338,0.544195
g5525,g5525.mp3,7.653875,3,2,4.748866,5.776712,1.027846
g5526,g5526.mp3,8.045625,3,0,0.0,1.048594,1.048594
g5526,g5526.mp3,8.045625,3,1,3.423379,3.95229,0.528912
g5526,g5526.mp3,8.045625,3,2,4.939977,5.988118,1.048141
g5527,g5527.mp3,7.706,3,0,0.0,1.034989,1.034989
g5527,g5527.mp3,7.706,3,1,3.251338,3.783515,0.532177
g5527,g5527.mp3,7.706,3,2,4.673878,5.730862,1.056984
g5528,g5528.mp3,7.653875,3,0,0.0,1.04093,1.04093
g5528,g5528.mp3,7.653875,3,1,3.121814,3.628095,0.506281
g5528,g5528.mp3,7.653875,3,2,4.590272,5.643424,1.053152
g5529,g5529.mp3,7.706,3,0,0.0,1.037052,1.037052
g5529,g5529.mp3,7.706,3,1,3.16254,3.704875,0.542336
g5529,g5529.mp3,7.706,3,2,4.658322,5.698617,1.040295
g5530,g5530.mp3,7.288125,3,0,0.0,1.060408,1.060408
g5530,g5530.mp3,7.288125,3,1,2.896531,3.451973,0.555442
g5530,g5530.mp3,7.288125,3,2,4.309909,5.346644,1.036735
g5531,g5531.mp3,12.98275,6,0,0.0,1.055102,1.055102
g5531,g5531.mp3,12.98275,6,1,3.288639,3.807891,0.519252
g5531,g5531.mp3,12.98275,6,2,4.636825,5.65644,1.019615
g5531,g5531.mp3,12.98275,6,3,6.525896,7.557324,1.031429
g5531,g5531.mp3,12.98275,6,4,8.592925,9.615329,1.022404
g5531,g5531.mp3,12.98275,6,5,10.261565,11.292812,1.031247
g5532,g5532.mp3,7.183625,3,0,0.0,1.046213,1.046213
g5532,g5532.mp3,7.183625,3,1,3.433696,3.960023,0.526327
g5532,g5532.mp3,7.183625,3,2,4.541247,5.567937,1.026689
g5533,g5533.mp3,16.58775,6,0,0.0,1.04907,1.04907
g5533,g5533.mp3,16.58775,6,1,3.620136,4.138889,0.518753
g5533,g5533.mp3,16.58775,6,2,5.611451,6.654966,1.043515
g5533,g5533.mp3,16.58775,6,3,8.16839,9.239864,1.071474
g5533,g5533.mp3,16.58775,6,4,10.307256,11.360839,1.053583
g5533,g5533.mp3,16.58775,6,5,12.913401,13.979297,1.065896
g5534,g5534.mp3,6.817875,3,0,0.0,1.059161,1.059161
g5534,g5534.mp3,6.817875,3,1,3.298345,3.824512,0.526168
g5534,g5534.mp3,6.817875,3,2,4.281383,5.298118,1.016735
g5535,g5535.mp3,7.262,3,0,0.0,1.041497,1.041497
g5535,g5535.mp3,7.262,3,1,3.306939,3.835986,0.529048
g5535,g5535.mp3,7.262,3,2,4.516871,5.533583,1.016712
g5536,g5536.mp3,7.026875,3,0,0.0,1.026644,1.026644
g5536,g5536.mp3,7.026875,3,1,3.338231,3.853515,0.515283
g5536,g5536.mp3,7.026875,3,2,4.385782,5.419501,1.033719
g5537,g5537.mp3,8.07175,3,0,0.0,1.0378,1.0378
g5537,g5537.mp3,8.07175,3,1,3.262426,3.800907,0.538481
g5537,g5537.mp3,8.07175,3,2,4.887891,5.929524,1.041633
g5538,g5538.mp3,8.333,3,0,0.0,1.050136,1.050136
g5538,g5538.mp3,8.333,3,1,3.089478,3.600045,0.510567
g5538,g5538.mp3,8.333,3,2,4.918367,5.945646,1.027279
g5539,g5539.mp3,7.941125,3,0,0.0,1.069615,1.069615
g5539,g5539.mp3,7.941125,3,1,3.359592,3.937256,0.577664
g5539,g5539.mp3,7.941125,3,2,4.891406,5.960454,1.069048
g5540,g5540.mp3,7.183625,3,0,0.0,1.047075,1.047075
g5540,g5540.mp3,7.183625,3,1,2.960862,3.489433,0.528571
g5540,g5540.mp3,7.183625,3,2,4.284014,5.337732,1.053719
g5541,g5541.mp3,7.888875,3,0,0.0,1.040227,1.040227
g5541,g5541.mp3,7.888875,3,1,3.189546,3.712177,0.52263
g5541,g5541.mp3,7.888875,3,2,4.756122,5.793878,1.037755
g5542,g5542.mp3,8.150125,3,0,0.0,1.039206,1.039206
g5542,g5542.mp3,8.150125,3,1,3.128163,3.657937,0.529773
g5542,g5542.mp3,8.150125,3,2,4.859637,5.89644,1.036803
g5543,g5543.mp3,7.86275,3,0,0.0,1.046054,1.046054
g5543,g5543.mp3,7.86275,3,1,3.307052,3.827982,0.52093
g5543,g5543.mp3,7.86275,3,2,4.800794,5.843832,1.043039
g5544,g5544.mp3,8.59425,3,0,0.0,1.045533,1.045533
g5544,g5544.mp3,8.59425,3,1,3.556576,4.119252,0.562676
g5544,g5544.mp3,8.59425,3,2,5.320023,6.375465,1.055442
g5545,g5545.mp3,7.288125,3,0,0.0,1.057982,1.057982
g5545,g5545.mp3,7.288125,3,1,3.4339,3.962653,0.528753
g5545,g5545.mp3,7.288125,3,2,4.56322,5.612766,1.049546
g5546,g5546.mp3,8.4375,3,0,0.0,1.056553,1.056553
g5546,g5546.mp3,8.4375,3,1,3.460816,3.999751,0.538934
g5546,g5546.mp3,8.4375,3,2,5.155873,6.183084,1.027211
g5547,g5547.mp3,7.706,3,0,0.0,1.041451,1.041451
g5547,g5547.mp3,7.706,3,1,3.295283,3.83254,0.537256
g5547,g5547.mp3,7.706,3,2,4.728209,5.759592,1.031383
g5548,g5548.mp3,7.00075,3,0,0.0,1.055125,1.055125
g5548,g5548.mp3,7.00075,3,1,3.196236,3.725986,0.529751
g5548,g5548.mp3,7.00075,3,2,4.284694,5.343741,1.059048
g5549,g5549.mp3,7.62775,3,0,0.0,1.037143,1.037143
g5549,g5549.mp3,7.62775,3,1,3.257846,3.793696,0.53585
g5549,g5549.mp3,7.62775,3,2,4.660227,5.631723,0.971497
g5550,g5550.mp3,7.41875,3,0,0.0,1.040454,1.040454
g5550,g5550.mp3,7.41875,3,1,2.994603,3.519229,0.524626
g5550,g5550.mp3,7.41875,3,2,4.416871,5.448277,1.031406
g5551,g5551.mp3,8.38525,3,0,0.0,1.049229,1.049229
g5551,g5551.mp3,8.38525,3,1,3.281995,3.790522,0.508526
g5551,g5551.mp3,8.38525,3,2,5.018118,6.06034,1.042222
g5552,g5552.mp3,13.81875,6,0,0.0,1.04356,1.04356
g5552,g5552.mp3,13.81875,6,1,3.233673,3.759524,0.52585
g5552,g5552.mp3,13.81875,6,2,4.687846,5.719025,1.031179
g5552,g5552.mp3,13.81875,6,3,6.641202,7.699252,1.05805
g5552,g5552.mp3,13.81875,6,4,8.865057,9.935397,1.07034
g5552,g5552.mp3,13.81875,6,5,10.860454,11.884059,1.023605
g5553,g5553.mp3,7.5755,3,0,0.0,1.042948,1.042948
g5553,g5553.mp3,7.5755,3,1,3.336259,3.864535,0.528277
g5553,g5553.mp3,7.5755,3,2,4.662902,5.693197,1.030295
g5554,g5554.mp3,9.03825,3,0,0.0,1.0661,1.0661
g5554,g5554.mp3,9.03825,3,1,3.394354,3.91966,0.525306
g5554,g5554.mp3,9.03825,3,2,5.435125,6.448617,1.013492
g5555,g5555.mp3,8.359125,3,0,0.0,1.042426,1.042426
g5555,g5555.mp3,8.359125,3,1,3.316485,3.843855,0.52737
g5555,g5555.mp3,8.359125,3,2,5.016349,6.077732,1.061383
g5556,g5556.mp3,8.751,3,0,0.0,1.056236,1.056236
g5556,g5556.mp3,8.751,3,1,3.577959,4.100204,0.522245
g5556,g5556.mp3,8.751,3,2,5.369206,6.409546,1.04034
g5557,g5557.mp3,7.96725,3,0,0.0,1.059524,1.059524
g5557,g5557.mp3,7.96725,3,1,3.549229,4.064014,0.514785
g5557,g5557.mp3,7.96725,3,2,4.975669,5.998844,1.023175
g5558,g5558.mp3,7.1575,3,0,0.0,1.039773,1.039773
g5558,g5558.mp3,7.1575,3,1,3.041043,3.576621,0.535578
g5558,g5558.mp3,7.1575,3,2,4.351451,5.365669,1.014218
g5559,g5559.mp3,7.392625,3,0,0.0,1.032608,1.032608
g5559,g5559.mp3,7.392625,3,1,3.406757,3.940431,0.533673
g5559,g5559.mp3,7.392625,3,2,4.643152,5.689841,1.046689
g5560,g5560.mp3,7.497125,3,0,0.0,1.053129,1.053129
g5560,g5560.mp3,7.497125,3,1,3.21932,3.725193,0.505873
g5560,g5560.mp3,7.497125,3,2,4.559229,5.614014,1.054785
g5561,g5561.mp3,7.079125,3,0,0.0,1.039478,1.039478
g5561,g5561.mp3,7.079125,3,1,3.32737,3.877415,0.550045
g5561,g5561.mp3,7.079125,3,2,4.417506,5.448186,1.03068
g5562,g5562.mp3,7.497125,3,0,0.0,1.05322,1.05322
g5562,g5562.mp3,7.497125,3,1,3.294898,3.822404,0.527506
g5562,g5562.mp3,7.497125,3,2,4.626735,5.68873,1.061995
g5563,g5563.mp3,7.601625,3,0,0.0,1.044467,1.044467
g5563,g5563.mp3,7.601625,3,1,3.280998,3.806712,0.525714
g5563,g5563.mp3,7.601625,3,2,4.644535,5.683333,1.038798
g5564,g5564.mp3,7.235875,3,0,0.0,1.038889,1.038889
g5564,g5564.mp3,7.235875,3,1,3.306803,3.814558,0.507755
g5564,g5564.mp3,7.235875,3,2,4.480136,5.53619,1.056054
g5565,g5565.mp3,7.68,3,0,0.0,1.035714,1.035714
g5565,g5565.mp3,7.68,3,1,3.435374,3.945578,0.510204
g5565,g5565.mp3,7.68,3,2,4.768617,5.808322,1.039705
g5566,g5566.mp3,7.732125,3,0,0.0,1.052902,1.052902
g5566,g5566.mp3,7.732125,3,1,3.462109,3.988821,0.526712
g5566,g5566.mp3,7.732125,3,2,4.796735,5.863107,1.066372
g5567,g5567.mp3,7.026875,3,0,0.0,1.050794,1.050794
g5567,g5567.mp3,7.026875,3,1,3.252676,3.785034,0.532358
g5567,g5567.mp3,7.026875,3,2,4.360408,5.402177,1.041769
g5568,g5568.mp3,7.732125,3,0,0.0,1.046327,1.046327
g5568,g5568.mp3,7.732125,3,1,3.204762,3.781134,0.576372
g5568,g5568.mp3,7.732125,3,2,4.674399,5.7278,1.053401
g5569,g5569.mp3,8.359125,3,0,0.0,1.044739,1.044739
g5569,g5569.mp3,8.359125,3,1,3.40356,3.923197,0.519637
g5569,g5569.mp3,8.359125,3,2,5.0561,6.147052,1.090952
g5570,g5570.mp3,8.28075,3,0,0.0,1.042063,1.042063
g5570,g5570.mp3,8.28075,3,1,3.1222,3.647052,0.524853
g5570,g5570.mp3,8.28075,3,2,4.921247,5.961655,1.040408
g5571,g5571.mp3,7.471,3,0,0.0,1.045147,1.045147
g5571,g5571.mp3,7.471,3,1,3.346213,3.876508,0.530295
g5571,g5571.mp3,7.471,3,2,4.603175,5.663515,1.06034
g5572,g5572.mp3,9.116625,3,0,0.0,1.065079,1.065079
g5572,g5572.mp3,9.116625,3,1,3.48449,4.030363,0.545873
g5572,g5572.mp3,9.116625,3,2,5.52576,6.571837,1.046077
g5573,g5573.mp3,8.254625,3,0,0.0,1.054172,1.054172
g5573,g5573.mp3,8.254625,3,1,3.329864,3.877279,0.547415
g5573,g5573.mp3,8.254625,3,2,4.992585,6.041746,1.049161
g5574,g5574.mp3,7.20975,3,0,0.0,1.04873,1.04873
g5574,g5574.mp3,7.20975,3,1,3.233651,3.779524,0.545873
g5574,g5574.mp3,7.20975,3,2,4.435125,5.493469,1.058345
g5575,g5575.mp3,16.9795,6,0,0.0,1.048753,1.048753
g5575,g5575.mp3,16.9795,6,1,3.754694,4.296054,0.541361
g5575,g5575.mp3,16.9795,6,2,5.528844,6.581293,1.052449
g5575,g5575.mp3,16.9795,6,3,7.893673,8.955193,1.061519
g5575,g5575.mp3,16.9795,6,4,11.349342,12.385329,1.035986
g5575,g5575.mp3,16.9795,6,5,13.55907,14.60712,1.04805
g5576,g5576.mp3,9.195,3,0,0.0,1.037868,1.037868
g5576,g5576.mp3,9.195,3,1,3.703492,4.231746,0.528254
g5576,g5576.mp3,9.195,3,2,5.644694,6.682041,1.037347
g5577,g5577.mp3,8.829375,3,0,0.0,1.043855,1.043855
g5577,g5577.mp3,8.829375,3,1,3.410476,3.950476,0.54
g5577,g5577.mp3,8.829375,3,2,5.29517,6.339184,1.044014
g5578,g5578.mp3,8.306875,3,0,0.0,1.036689,1.036689
g5578,g5578.mp3,8.306875,3,1,2.924626,3.425782,0.501156
g5578,g5578.mp3,8.306875,3,2,4.838163,5.871247,1.033084
g5579,g5579.mp3,7.601625,3,0,0.0,1.044943,1.044943
g5579,g5579.mp3,7.601625,3,1,3.40263,3.917302,0.514671
g5579,g5579.mp3,7.601625,3,2,4.696485,5.749773,1.053288
g5580,g5580.mp3,8.124,3,0,0.0,1.04,1.04
g5580,g5580.mp3,8.124,3,1,2.944671,3.478322,0.533651
g5580,g5580.mp3,8.124,3,2,4.735397,5.780023,1.044626
g5581,g5581.mp3,7.888875,3,0,0.0,1.057891,1.057891
g5581,g5581.mp3,7.888875,3,1,3.133787,3.646961,0.513175
g5581,g5581.mp3,7.888875,3,2,4.693243,5.750272,1.057029
g5582,g5582.mp3,7.026875,3,0,0.0,1.044739,1.044739
g5582,g5582.mp3,7.026875,3,1,3.180431,3.717302,0.536871
g5582,g5582.mp3,7.026875,3,2,4.320952,5.367732,1.04678
g5583,g5583.mp3,7.549375,3,0,0.0,1.038141,1.038141
g5583,g5583.mp3,7.549375,3,1,3.287075,3.831451,0.544376
g5583,g5583.mp3,7.549375,3,2,4.643129,5.700091,1.056961
g5584,g5584.mp3,7.497125,3,0,0.0,1.037891,1.037891
g5584,g5584.mp3,7.497125,3,1,3.205828,3.719773,0.513946
g5584,g5584.mp3,7.497125,3,2,4.599864,5.615442,1.015578
g5585,g5585.mp3,7.62775,3,0,0.0,1.055215,1.055215
g5585,g5585.mp3,7.62775,3,1,3.353696,3.90517,0.551474
g5585,g5585.mp3,7.62775,3,2,4.704082,5.742404,1.038322
g5586,g5586.mp3,7.601625,3,0,0.0,1.042744,1.042744
g5586,g5586.mp3,7.601625,3,1,3.377302,3.922676,0.545374
g5586,g5586.mp3,7.601625,3,2,4.740816,5.770476,1.02966
g5587,g5587.mp3,8.463625,3,0,0.0,1.035941,1.035941
g5587,g5587.mp3,8.463625,3,1,3.234014,3.749592,0.515578
g5587,g5587.mp3,8.463625,3,2,5.104104,6.149093,1.044989
g5588,g5588.mp3,8.333,3,0,0.0,1.03458,1.03458
g5588,g5588.mp3,8.333,3,1,3.246621,3.771429,0.524807
g5588,g5588.mp3,8.333,3,2,4.989025,6.021383,1.032358
g5589,g5589.mp3,7.41875,3,0,0.0,1.038571,1.038571
g5589,g5589.mp3,7.41875,3,1,3.381746,3.900839,0.519093
g5589,g5589.mp3,7.41875,3,2,4.601361,5.623991,1.02263
g5590,g5590.mp3,7.131375,3,0,0.0,1.03644,1.03644
g5590,g5590.mp3,7.131375,3,1,3.252041,3.772449,0.520408
g5590,g5590.mp3,7.131375,3,2,4.407868,5.429433,1.021565
g5591,g5591.mp3,8.124,3,0,0.0,1.037687,1.037687
g5591,g5591.mp3,8.124,3,1,3.329388,3.850952,0.521565
g5591,g5591.mp3,8.124,3,2,4.953469,5.97839,1.024921
g5592,g5592.mp3,7.5755,3,0,0.0,1.038345,1.038345
g5592,g5592.mp3,7.5755,3,1,3.390431,3.904898,0.514467
g5592,g5592.mp3,7.5755,3,2,4.715283,5.732109,1.016825
g5593,g5593.mp3,7.993375,3,0,0.0,1.057755,1.057755
g5593,g5593.mp3,7.993375,3,1,3.488753,3.99161,0.502857
g5593,g5593.mp3,7.993375,3,2,4.971859,5.999932,1.028073
g5594,g5594.mp3,7.31425,3,0,0.0,1.056259,1.056259
g5594,g5594.mp3,7.31425,3,1,3.576735,4.09034,0.513605
g5594,g5594.mp3,7.31425,3,2,4.674989,5.713878,1.038889
g5595,g5595.mp3,7.941125,3,0,0.0,1.036871,1.036871
g5595,g5595.mp3,7.941125,3,1,3.595488,4.121361,0.525873
g5595,g5595.mp3,7.941125,3,2,4.933447,5.970975,1.037528
g5596,g5596.mp3,7.732125,3,0,0.0,1.047279,1.047279
g5596,g5596.mp3,7.732125,3,1,3.616599,4.161769,0.54517
g5596,g5596.mp3,7.732125,3,2,4.847098,5.909524,1.062426
g5597,g5597.mp3,7.131375,3,0,0.0,1.036871,1.036871
g5597,g5597.mp3,7.131375,3,1,3.393311,3.920839,0.527528
g5597,g5597.mp3,7.131375,3,2,4.485147,5.525034,1.039887
g5598,g5598.mp3,7.079125,3,0,0.0,1.043605,1.043605
g5598,g5598.mp3,7.079125,3,1,3.35356,3.860091,0.506531
g5598,g5598.mp3,7.079125,3,2,4.420408,5.463424,1.043016
g5599,g5599.mp3,6.765625,3,0,0.0,1.038254,1.038254
g5599,g5599.mp3,6.765625,3,1,3.464898,4.019683,0.554785
g5599,g5599.mp3,6.765625,3,2,4.341156,5.372993,1.031837
g5600,g5600.mp3,11.59825,6,0,0.0,1.053016,1.053016
g5600,g5600.mp3,11.59825,6,1,3.111565,3.628073,0.516508
g5600,g5600.mp3,11.59825,6,2,3.927891,4.970249,1.042358
g5600,g5600.mp3,11.59825,6,3,5.288435,6.330748,1.042313
g5600,g5600.mp3,11.59825,6,4,7.397642,8.448299,1.050658
g5600,g5600.mp3,11.59825,6,5,8.980499,10.046304,1.065805
g5601,g5601.mp3,24.581125,12,0,0.0,1.060975,1.060975
g5601,g5601.mp3,24.581125,12,1,3.270476,3.796009,0.525533
g5601,g5601.mp3,24.581125,12,2,4.603197,5.62932,1.026122
g5601,g5601.mp3,24.581125,12,3,6.504104,7.5639,1.059796
g5601,g5601.mp3,24.581125,12,4,8.636213,9.67483,1.038617
g5601,g5601.mp3,24.581125,12,5,10.436984,11.465964,1.02898
g5601,g5601.mp3,24.581125,12,6,12.244989,13.282222,1.037234
g5601,g5601.mp3,24.581125,12,7,14.883628,15.928821,1.045193
g5601,g5601.mp3,24.581125,12,8,16.747029,17.79898,1.05195
g5601,g5601.mp3,24.581125,12,9,18.534921,19.537982,1.003061
g5601,g5601.mp3,24.581125,12,10,20.02542,21.100499,1.075079
g5601,g5601.mp3,24.581125,12,11,21.787755,22.814671,1.026916
g5602,g5602.mp3,6.7395,3,0,0.0,1.051701,1.051701
g5602,g5602.mp3,6.7395,3,1,3.22576,3.743356,0.517596
g5602,g5602.mp3,6.7395,3,2,4.201293,5.232426,1.031134
g5603,g5603.mp3,6.89625,3,0,0.0,1.059864,1.059864
g5603,g5603.mp3,6.89625,3,1,3.197528,3.730045,0.532517
g5603,g5603.mp3,6.89625,3,2,4.263878,5.296485,1.032608
g5604,g5604.mp3,7.549375,3,0,0.0,1.043855,1.043855
g5604,g5604.mp3,7.549375,3,1,3.421678,3.952381,0.530703
g5604,g5604.mp3,7.549375,3,2,4.674308,5.718435,1.044127
g5605,g5605.mp3,7.053,3,0,0.0,1.044218,1.044218
g5605,g5605.mp3,7.053,3,1,3.321361,3.828798,0.507438
g5605,g5605.mp3,7.053,3,2,4.403741,5.423424,1.019683
g5606,g5606.mp3,7.288125,3,0,0.0,1.027642,1.027642
g5606,g5606.mp3,7.288125,3,1,3.303787,3.813265,0.509478
g5606,g5606.mp3,7.288125,3,2,4.531406,5.547596,1.01619
g5607,g5607.mp3,12.4865,6,0,0.0,1.042449,1.042449
g5607,g5607.mp3,12.4865,6,1,3.29907,3.815283,0.516213
g5607,g5607.mp3,12.4865,6,2,4.40034,5.442063,1.041723
g5607,g5607.mp3,12.4865,6,3,6.103333,7.160816,1.057483
g5607,g5607.mp3,12.4865,6,4,8.201293,9.263923,1.06263
g5607,g5607.mp3,12.4865,6,5,9.834649,10.889025,1.054376
g5608,g5608.mp3,7.31425,3,0,0.0,1.042721,1.042721
g5608,g5608.mp3,7.31425,3,1,3.15517,3.683084,0.527914
g5608,g5608.mp3,7.31425,3,2,4.437914,5.458662,1.020748
g5609,g5609.mp3,7.20975,3,0,0.0,1.039365,1.039365
g5609,g5609.mp3,7.20975,3,1,3.324875,3.851315,0.52644
g5609,g5609.mp3,7.20975,3,2,4.476961,5.51585,1.038889
g5610,g5610.mp3,7.053,3,0,0.0,1.04415,1.04415
g5610,g5610.mp3,7.053,3,1,3.576281,4.0939,0.517619
g5610,g5610.mp3,7.053,3,2,4.540771,5.572517,1.031746
g5611,g5611.mp3,7.941125,3,0,0.0,1.043016,1.043016
g5611,g5611.mp3,7.941125,3,1,3.497642,4.032336,0.534694
g5611,g5611.mp3,7.941125,3,2,4.937007,5.983537,1.046531
g5612,g5612.mp3,7.62775,3,0,0.0,1.043333,1.043333
g5612,g5612.mp3,7.62775,3,1,3.250317,3.800317,0.55
g5612,g5612.mp3,7.62775,3,2,4.656417,5.692245,1.035828
g5613,g5613.mp3,7.079125,3,0,0.0,1.043175,1.043175
g5613,g5613.mp3,7.079125,3,1,3.424943,3.923243,0.498299
g5613,g5613.mp3,7.079125,3,2,4.463651,5.486576,1.022925
g5614,g5614.mp3,7.62775,3,0,0.0,1.039977,1.039977
g5614,g5614.mp3,7.62775,3,1,3.50746,4.026531,0.51907
g5614,g5614.mp3,7.62775,3,2,4.762336,5.805918,1.043583
g5615,g5615.mp3,7.941125,3,0,0.0,1.047891,1.047891
g5615,g5615.mp3,7.941125,3,1,3.439206,3.97034,0.531134
g5615,g5615.mp3,7.941125,3,2,4.888027,5.94576,1.057732
g5616,g5616.mp3,7.262,3,0,0.0,1.04805,1.04805
g5616,g5616.mp3,7.262,3,1,3.490522,4.003424,0.512902
g5616,g5616.mp3,7.262,3,2,4.605465,5.624898,1.019433
g5617,g5617.mp3,7.471,3,0,0.0,1.048435,1.048435
g5617,g5617.mp3,7.471,3,1,3.643628,4.152063,0.508435
g5617,g5617.mp3,7.471,3,2,4.767052,5.821678,1.054626
g5618,g5618.mp3,7.3665,3,0,0.0,1.041859,1.041859
g5618,g5618.mp3,7.3665,3,1,3.470862,3.975011,0.50415
g5618,g5618.mp3,7.3665,3,2,4.635011,5.672993,1.037982
g5619,g5619.mp3,7.732125,3,0,0.0,1.033651,1.033651
g5619,g5619.mp3,7.732125,3,1,3.455079,3.956848,0.501769
g5619,g5619.mp3,7.732125,3,2,4.800204,5.825238,1.025034
g5620,g5620.mp3,6.661125,3,0,0.0,1.034739,1.034739
g5620,g5620.mp3,6.661125,3,1,3.06619,3.583107,0.516916
g5620,g5620.mp3,6.661125,3,2,4.072585,5.128662,1.056077
g5621,g5621.mp3,7.235875,3,0,0.0,1.031134,1.031134
g5621,g5621.mp3,7.235875,3,1,3.436599,3.950249,0.513651
g5621,g5621.mp3,7.235875,3,2,4.532245,5.553537,1.021293
g5622,g5622.mp3,7.497125,3,0,0.0,1.028753,1.028753
g5622,g5622.mp3,7.497125,3,1,3.390635,3.901701,0.511066
g5622,g5622.mp3,7.497125,3,2,4.651769,5.688299,1.036531
g5623,g5623.mp3,7.706,3,0,0.0,1.039546,1.039546
g5623,g5623.mp3,7.706,3,1,3.593515,4.117687,0.524172
g5623,g5623.mp3,7.706,3,2,4.849977,5.901066,1.051088
g5624,g5624.mp3,7.993375,3,0,0.0,1.043447,1.043447
g5624,g5624.mp3,7.993375,3,1,3.408526,3.936825,0.528299
g5624,g5624.mp3,7.993375,3,2,4.92161,5.960522,1.038912
g0281,g0281.mp3,7.836625,3,0,0.0,-1.0,-1.0
g0281,g0281.mp3,7.836625,3,1,-1.0,4.266,5.266
g0281,g0281.mp3,7.836625,3,2,-1.0,-1.0,0.0
g0293,g0293.mp3,8.8555,3,0,0.0,-1.0,-1.0
g0293,g0293.mp3,8.8555,3,1,-1.0,4.251,5.251
g0293,g0293.mp3,8.8555,3,2,-1.0,-1.0,0.0
g0390,g0390.mp3,7.75825,3,0,0.0,-1.0,-1.0
g0390,g0390.mp3,7.75825,3,1,-1.0,3.823,4.823
g0390,g0390.mp3,7.75825,3,2,-1.0,-1.0,0.0
g1155,g1155.mp3,14.4195,6,0,0.0,-1.0,-1.0
g1155,g1155.mp3,14.4195,6,1,-1.0,4.577,5.577
g1155,g1155.mp3,14.4195,6,2,-1.0,-1.0,0.0
g1155,g1155.mp3,14.4195,6,3,7.287,-1.0,-8.287
g1155,g1155.mp3,14.4195,6,4,-1.0,11.71,12.71
g1155,g1155.mp3,14.4195,6,5,-1.0,-1.0,0.0
g1157,g1157.mp3,15.020375,6,0,0.0,-1.0,-1.0
g1157,g1157.mp3,15.020375,6,1,-1.0,4.798,5.798
g1157,g1157.mp3,15.020375,6,2,-1.0,-1.0,0.0
g1157,g1157.mp3,15.020375,6,3,7.869,-1.0,-8.869
g1157,g1157.mp3,15.020375,6,4,-1.0,11.924,12.924
g1157,g1157.mp3,15.020375,6,5,-1.0,-1.0,0.0
g1207,g1207.mp3,9.639125,3,0,0.0,-1.0,-1.0
g1207,g1207.mp3,9.639125,3,1,-1.0,3.896,4.896
g1207,g1207.mp3,9.639125,3,2,-1.0,-1.0,0.0
g1257,g1257.mp3,14.26275,6,0,0.0,-1.0,-1.0
g1257,g1257.mp3,14.26275,6,1,-1.0,4.347,5.347
g1257,g1257.mp3,14.26275,6,2,-1.0,-1.0,0.0
g1257,g1257.mp3,14.26275,6,3,7.041,-1.0,-8.041
g1257,g1257.mp3,14.26275,6,4,-1.0,11.263,12.263
g1257,g1257.mp3,14.26275,6,5,-1.0,-1.0,0.0
g1308,g1308.mp3,8.202375,3,0,0.0,-1.0,-1.0
g1308,g1308.mp3,8.202375,3,1,-1.0,4.619,5.619
g1308,g1308.mp3,8.202375,3,2,-1.0,-1.0,0.0
g1524,g1524.mp3,12.8,6,0,0.0,-1.0,-1.0
g1524,g1524.mp3,12.8,6,1,-1.0,4.686,5.686
g1524,g1524.mp3,12.8,6,2,-1.0,-1.0,0.0
g1524,g1524.mp3,12.8,6,3,6.917,-1.0,-7.917
g1524,g1524.mp3,12.8,6,4,-1.0,10.881,11.881
g1524,g1524.mp3,12.8,6,5,-1.0,-1.0,0.0
g1527,g1527.mp3,16.013,6,0,0.0,-1.0,-1.0
g1527,g1527.mp3,16.013,6,1,-1.0,4.724,5.724
g1527,g1527.mp3,16.013,6,2,-1.0,-1.0,0.0
g1527,g1527.mp3,16.013,6,3,8.56,-1.0,-9.56
g1527,g1527.mp3,16.013,6,4,-1.0,11.133,12.133
g1527,g1527.mp3,16.013,6,5,-1.0,-1.0,0.0
g1696,g1696.mp3,13.9755,6,0,0.0,-1.0,-1.0
g1696,g1696.mp3,13.9755,6,1,-1.0,4.926,5.926
g1696,g1696.mp3,13.9755,6,2,-1.0,-1.0,0.0
g1696,g1696.mp3,13.9755,6,3,7.171,-1.0,-8.171
g1696,g1696.mp3,13.9755,6,4,-1.0,11.444,12.444
g1696,g1696.mp3,13.9755,6,5,-1.0,-1.0,0.0
g1944,g1944.mp3,16.509375,6,0,0.0,-1.0,-1.0
g1944,g1944.mp3,16.509375,6,1,-1.0,3.89,4.89
g1944,g1944.mp3,16.509375,6,2,-1.0,-1.0,0.0
g1944,g1944.mp3,16.509375,6,3,7.523,-1.0,-8.523
g1944,g1944.mp3,16.509375,6,4,-1.0,12.362,13.362
g1944,g1944.mp3,16.509375,6,5,-1.0,-1.0,0.0
g2085,g2085.mp3,9.613,3,0,0.0,-1.0,-1.0
g2085,g2085.mp3,9.613,3,1,-1.0,4.679,5.679
g2085,g2085.mp3,9.613,3,2,-1.0,-1.0,0.0
g2661,g2661.mp3,6.426,3,0,0.0,-1.0,-1.0
g2661,g2661.mp3,6.426,3,1,-1.0,3.535,4.535
g2661,g2661.mp3,6.426,3,2,-1.0,-1.0,0.0
g4379,g4379.mp3,7.915,3,0,0.0,-1.0,-1.0
g4379,g4379.mp3,7.915,3,1,-1.0,3.958,4.958
g4379,g4379.mp3,7.915,3,2,-1.0,-1.0,0.0
g1440,g1440.mp3,24.528875,9,0,0.0,-1.0,-1.0
g1440,g1440.mp3,24.528875,9,1,-1.0,4.323,5.323
g1440,g1440.mp3,24.528875,9,2,-1.0,-1.0,0.0
g1440,g1440.mp3,24.528875,9,3,7.547,-1.0,-8.547
g1440,g1440.mp3,24.528875,9,4,-1.0,11.823,12.823
g1440,g1440.mp3,24.528875,9,5,-1.0,-1.0,0.0
g1440,g1440.mp3,24.528875,9,6,15.62,-1.0,-16.62
g1440,g1440.mp3,24.528875,9,7,-1.0,20.684,21.684
g1440,g1440.mp3,24.528875,9,8,-1.0,-1.0,0.0
g1888,g1888.mp3,21.577125,9,0,0.0,-1.0,-1.0
g1888,g1888.mp3,21.577125,9,1,-1.0,4.16,5.16
g1888,g1888.mp3,21.577125,9,2,-1.0,-1.0,0.0
g1888,g1888.mp3,21.577125,9,3,7.438,-1.0,-8.438
g1888,g1888.mp3,21.577125,9,4,-1.0,10.946,11.946
g1888,g1888.mp3,21.577125,9,5,-1.0,-1.0,0.0
g1888,g1888.mp3,21.577125,9,6,14.077,-1.0,-15.077
g1888,g1888.mp3,21.577125,9,7,-1.0,17.207,18.207
g1888,g1888.mp3,21.577125,9,8,-1.0,-1.0,0.0
g3569,g3569.mp3,18.20725,6,0,0.0,-1.0,-1.0
g3569,g3569.mp3,18.20725,6,1,-1.0,4.095,5.095
g3569,g3569.mp3,18.20725,6,2,-1.0,-1.0,0.0
g3569,g3569.mp3,18.20725,6,3,6.524,-1.0,-7.524
g3569,g3569.mp3,18.20725,6,4,-1.0,9.485,10.485
g3569,g3569.mp3,18.20725,6,5,-1.0,-1.0,0.0
g5023,g5023.mp3,18.782,6,0,0.0,-1.0,-1.0
g5023,g5023.mp3,18.782,6,1,-1.0,4.17,5.17
g5023,g5023.mp3,18.782,6,2,-1.0,-1.0,0.0
g5023,g5023.mp3,18.782,6,3,6.2,-1.0,-7.2
g5023,g5023.mp3,18.782,6,4,-1.0,9.382,10.382
g5023,g5023.mp3,18.782,6,5,-1.0,-1.0,0.0
g5025,g5025.mp3,18.860375,6,0,0.0,-1.0,-1.0
g5025,g5025.mp3,18.860375,6,1,-1.0,4.187,5.187
g5025,g5025.mp3,18.860375,6,2,-1.0,-1.0,0.0
g5025,g5025.mp3,18.860375,6,3,6.85,-1.0,-7.85
g5025,g5025.mp3,18.860375,6,4,-1.0,9.825,10.825
g5025,g5025.mp3,18.860375,6,5,-1.0,-1.0,0.0
g5026,g5026.mp3,18.52075,6,0,0.0,-1.0,-1.0
g5026,g5026.mp3,18.52075,6,1,-1.0,4.545,5.545
g5026,g5026.mp3,18.52075,6,2,-1.0,-1.0,0.0
g5026,g5026.mp3,18.52075,6,3,6.727,-1.0,-7.727
g5026,g5026.mp3,18.52075,6,4,-1.0,9.648,10.648
g5026,g5026.mp3,18.52075,6,5,-1.0,-1.0,0.0
g5104,g5104.mp3,16.848875,6,0,0.0,-1.0,-1.0
g5104,g5104.mp3,16.848875,6,1,-1.0,3.593,4.593
g5104,g5104.mp3,16.848875,6,2,-1.0,-1.0,0.0
g5104,g5104.mp3,16.848875,6,3,5.496,-1.0,-6.496
g5104,g5104.mp3,16.848875,6,4,-1.0,8.662,9.662
g5104,g5104.mp3,16.848875,6,5,-1.0,-1.0,0.0
g5120,g5120.mp3,16.666,6,0,0.0,-1.0,-1.0
g5120,g5120.mp3,16.666,6,1,-1.0,3.521,4.521
g5120,g5120.mp3,16.666,6,2,-1.0,-1.0,0.0
g5120,g5120.mp3,16.666,6,3,5.274,-1.0,-6.274
g5120,g5120.mp3,16.666,6,4,-1.0,8.357,9.357
g5120,g5120.mp3,16.666,6,5,-1.0,-1.0,0.0
g5124,g5124.mp3,17.266875,6,0,0.0,-1.0,-1.0
g5124,g5124.mp3,17.266875,6,1,-1.0,3.968,4.968
g5124,g5124.mp3,17.266875,6,2,-1.0,-1.0,0.0
g5124,g5124.mp3,17.266875,6,3,5.918,-1.0,-6.918
g5124,g5124.mp3,17.266875,6,4,-1.0,8.928,9.928
g5124,g5124.mp3,17.266875,6,5,-1.0,-1.0,0.0
g5125,g5125.mp3,17.8155,6,0,0.0,-1.0,-1.0
g5125,g5125.mp3,17.8155,6,1,-1.0,4.094,5.094
g5125,g5125.mp3,17.8155,6,2,-1.0,-1.0,0.0
g5125,g5125.mp3,17.8155,6,3,6.523,-1.0,-7.523
g5125,g5125.mp3,17.8155,6,4,-1.0,9.454,10.454
g5125,g5125.mp3,17.8155,6,5,-1.0,-1.0,0.0
g5126,g5126.mp3,17.580375,6,0,0.0,-1.0,-1.0
g5126,g5126.mp3,17.580375,6,1,-1.0,4.348,5.348
g5126,g5126.mp3,17.580375,6,2,-1.0,-1.0,0.0
g5126,g5126.mp3,17.580375,6,3,6.317,-1.0,-7.317
g5126,g5126.mp3,17.580375,6,4,-1.0,9.21,10.21
g5126,g5126.mp3,17.580375,6,5,-1.0,-1.0,0.0
g5127,g5127.mp3,17.789375,6,0,0.0,-1.0,-1.0
g5127,g5127.mp3,17.789375,6,1,-1.0,4.608,5.608
g5127,g5127.mp3,17.789375,6,2,-1.0,-1.0,0.0
g5127,g5127.mp3,17.789375,6,3,6.513,-1.0,-7.513
g5127,g5127.mp3,17.789375,6,4,-1.0,9.475,10.475
g5127,g5127.mp3,17.789375,6,5,-1.0,-1.0,0.0
g5128,g5128.mp3,18.076625,6,0,0.0,-1.0,-1.0
g5128,g5128.mp3,18.076625,6,1,-1.0,3.802,4.802
g5128,g5128.mp3,18.076625,6,2,-1.0,-1.0,0.0
g5128,g5128.mp3,18.076625,6,3,6.284,-1.0,-7.284
g5128,g5128.mp3,18.076625,6,4,-1.0,9.258,10.258
g5128,g5128.mp3,18.076625,6,5,-1.0,-1.0,0.0
g5129,g5129.mp3,17.24075,6,0,0.0,-1.0,-1.0
g5129,g5129.mp3,17.24075,6,1,-1.0,4.147,5.147
g5129,g5129.mp3,17.24075,6,2,-1.0,-1.0,0.0
g5129,g5129.mp3,17.24075,6,3,6.044,-1.0,-7.044
g5129,g5129.mp3,17.24075,6,4,-1.0,8.998,9.998
g5129,g5129.mp3,17.24075,6,5,-1.0,-1.0,0.0
g5130,g5130.mp3,17.03175,6,0,0.0,-1.0,-1.0
g5130,g5130.mp3,17.03175,6,1,-1.0,3.748,4.748
g5130,g5130.mp3,17.03175,6,2,-1.0,-1.0,0.0
g5130,g5130.mp3,17.03175,6,3,5.655,-1.0,-6.655
g5130,g5130.mp3,17.03175,6,4,-1.0,8.673,9.673
g5130,g5130.mp3,17.03175,6,5,-1.0,-1.0,0.0
g0090,g0090.mp3,13.009,6,0,0.0,-1.0,-1.0
g0090,g0090.mp3,13.009,6,1,-1.0,2.7,3.7
g0090,g0090.mp3,13.009,6,2,-1.0,-1.0,0.0
g0090,g0090.mp3,13.009,6,3,5.903,-1.0,-6.903
g0090,g0090.mp3,13.009,6,4,-1.0,10.134,11.134
g0090,g0090.mp3,13.009,6,5,-1.0,-1.0,0.0
g0147,g0147.mp3,9.221125,3,0,0.0,-1.0,-1.0
g0147,g0147.mp3,9.221125,3,1,-1.0,4.256,5.256
g0147,g0147.mp3,9.221125,3,2,-1.0,-1.0,0.0
g0157,g0157.mp3,13.40075,6,0,0.0,-1.0,-1.0
g0157,g0157.mp3,13.40075,6,1,-1.0,4.384,5.384
g0157,g0157.mp3,13.40075,6,2,-1.0,-1.0,0.0
g0157,g0157.mp3,13.40075,6,3,6.89,-1.0,-7.89
g0157,g0157.mp3,13.40075,6,4,-1.0,10.922,11.922
g0157,g0157.mp3,13.40075,6,5,-1.0,-1.0,0.0
g0184,g0184.mp3,14.863625,6,0,0.0,-1.0,-1.0
g0184,g0184.mp3,14.863625,6,1,-1.0,4.513,5.513
g0184,g0184.mp3,14.863625,6,2,-1.0,-1.0,0.0
g0184,g0184.mp3,14.863625,6,3,7.366,-1.0,-8.366
g0184,g0184.mp3,14.863625,6,4,-1.0,11.526,12.526
g0184,g0184.mp3,14.863625,6,5,-1.0,-1.0,0.0
g0251,g0251.mp3,13.92325,6,0,0.0,-1.0,-1.0
g0251,g0251.mp3,13.92325,6,1,-1.0,4.406,5.406
g0251,g0251.mp3,13.92325,6,2,-1.0,-1.0,0.0
g0251,g0251.mp3,13.92325,6,3,7.272,-1.0,-8.272
g0251,g0251.mp3,13.92325,6,4,-1.0,11.48,12.48
g0251,g0251.mp3,13.92325,6,5,-1.0,-1.0,0.0
g0291,g0291.mp3,14.706875,6,0,0.0,-1.0,-1.0
g0291,g0291.mp3,14.706875,6,1,-1.0,4.385,5.385
g0291,g0291.mp3,14.706875,6,2,-1.0,-1.0,0.0
g0291,g0291.mp3,14.706875,6,3,7.264,-1.0,-8.264
g0291,g0291.mp3,14.706875,6,4,-1.0,11.515,12.515
g0291,g0291.mp3,14.706875,6,5,-1.0,-1.0,0.0
g0448,g0448.mp3,14.524,6,0,0.0,-1.0,-1.0
g0448,g0448.mp3,14.524,6,1,-1.0,4.289,5.289
g0448,g0448.mp3,14.524,6,2,-1.0,-1.0,0.0
g0448,g0448.mp3,14.524,6,3,7.34,-1.0,-8.34
g0448,g0448.mp3,14.524,6,4,-1.0,11.512,12.512
g0448,g0448.mp3,14.524,6,5,-1.0,-1.0,0.0
g0621,g0621.mp3,14.497875,6,0,0.0,-1.0,-1.0
g0621,g0621.mp3,14.497875,6,1,-1.0,4.546,5.546
g0621,g0621.mp3,14.497875,6,2,-1.0,-1.0,0.0
g0621,g0621.mp3,14.497875,6,3,7.341,-1.0,-8.341
g0621,g0621.mp3,14.497875,6,4,-1.0,11.788,12.788
g0621,g0621.mp3,14.497875,6,5,-1.0,-1.0,0.0
g0730,g0730.mp3,13.792625,6,0,0.0,-1.0,-1.0
g0730,g0730.mp3,13.792625,6,1,-1.0,4.253,5.253
g0730,g0730.mp3,13.792625,6,2,-1.0,-1.0,0.0
g0730,g0730.mp3,13.792625,6,3,7.075,-1.0,-8.075
g0730,g0730.mp3,13.792625,6,4,-1.0,11.219,12.219
g0730,g0730.mp3,13.792625,6,5,-1.0,-1.0,0.0
g0760,g0760.mp3,13.19175,6,0,0.0,-1.0,-1.0
g0760,g0760.mp3,13.19175,6,1,-1.0,4.318,5.318
g0760,g0760.mp3,13.19175,6,2,-1.0,-1.0,0.0
g0760,g0760.mp3,13.19175,6,3,6.609,-1.0,-7.609
g0760,g0760.mp3,13.19175,6,4,-1.0,10.677,11.677
g0760,g0760.mp3,13.19175,6,5,-1.0,-1.0,0.0
g0826,g0826.mp3,14.78525,6,0,0.0,-1.0,-1.0
g0826,g0826.mp3,14.78525,6,1,-1.0,4.319,5.319
g0826,g0826.mp3,14.78525,6,2,-1.0,-1.0,0.0
g0826,g0826.mp3,14.78525,6,3,7.529,-1.0,-8.529
g0826,g0826.mp3,14.78525,6,4,-1.0,11.719,12.719
g0826,g0826.mp3,14.78525,6,5,-1.0,-1.0,0.0
g1275,g1275.mp3,13.740375,6,0,0.0,-1.0,-1.0
g1275,g1275.mp3,13.740375,6,1,-1.0,4.362,5.362
g1275,g1275.mp3,13.740375,6,2,-1.0,-1.0,0.0
g1275,g1275.mp3,13.740375,6,3,7.693,-1.0,-8.693
g1275,g1275.mp3,13.740375,6,4,-1.0,11.747,12.747
g1275,g1275.mp3,13.740375,6,5,-1.0,-1.0,0.0
g1302,g1302.mp3,12.773875,6,0,0.0,-1.0,-1.0
g1302,g1302.mp3,12.773875,6,1,-1.0,4.156,5.156
g1302,g1302.mp3,12.773875,6,2,-1.0,-1.0,0.0
g1302,g1302.mp3,12.773875,6,3,6.604,-1.0,-7.604
g1302,g1302.mp3,12.773875,6,4,-1.0,10.727,11.727
g1302,g1302.mp3,12.773875,6,5,-1.0,-1.0,0.0
g1306,g1306.mp3,14.445625,6,0,0.0,-1.0,-1.0
g1306,g1306.mp3,14.445625,6,1,-1.0,4.214,5.214
g1306,g1306.mp3,14.445625,6,2,-1.0,-1.0,0.0
g1306,g1306.mp3,14.445625,6,3,7.289,-1.0,-8.289
g1306,g1306.mp3,14.445625,6,4,-1.0,11.409,12.409
g1306,g1306.mp3,14.445625,6,5,-1.0,-1.0,0.0
g1307,g1307.mp3,15.20325,6,0,0.0,-1.0,-1.0
g1307,g1307.mp3,15.20325,6,1,-1.0,4.344,5.344
g1307,g1307.mp3,15.20325,6,2,-1.0,-1.0,0.0
g1307,g1307.mp3,15.20325,6,3,7.522,-1.0,-8.522
g1307,g1307.mp3,15.20325,6,4,-1.0,11.977,12.977
g1307,g1307.mp3,15.20325,6,5,-1.0,-1.0,0.0
g1310,g1310.mp3,14.236625,6,0,0.0,-1.0,-1.0
g1310,g1310.mp3,14.236625,6,1,-1.0,4.283,5.283
g1310,g1310.mp3,14.236625,6,2,-1.0,-1.0,0.0
g1310,g1310.mp3,14.236625,6,3,7.486,-1.0,-8.486
g1310,g1310.mp3,14.236625,6,4,-1.0,11.658,12.658
g1310,g1310.mp3,14.236625,6,5,-1.0,-1.0,0.0
g1416,g1416.mp3,13.374625,6,0,0.0,-1.0,-1.0
g1416,g1416.mp3,13.374625,6,1,-1.0,4.779,5.779
g1416,g1416.mp3,13.374625,6,2,-1.0,-1.0,0.0
g1416,g1416.mp3,13.374625,6,3,6.967,-1.0,-7.967
g1416,g1416.mp3,13.374625,6,4,-1.0,11.161,12.161
g1416,g1416.mp3,13.374625,6,5,-1.0,-1.0,0.0
g1420,g1420.mp3,14.759125,6,0,0.0,-1.0,-1.0
g1420,g1420.mp3,14.759125,6,1,-1.0,4.227,5.227
g1420,g1420.mp3,14.759125,6,2,-1.0,-1.0,0.0
g1420,g1420.mp3,14.759125,6,3,7.218,-1.0,-8.218
g1420,g1420.mp3,14.759125,6,4,-1.0,11.474,12.474
g1420,g1420.mp3,14.759125,6,5,-1.0,-1.0,0.0
g1486,g1486.mp3,12.564875,6,0,0.0,-1.0,-1.0
g1486,g1486.mp3,12.564875,6,1,-1.0,4.463,5.463
g1486,g1486.mp3,12.564875,6,2,-1.0,-1.0,0.0
g1486,g1486.mp3,12.564875,6,3,6.34,-1.0,-7.34
g1486,g1486.mp3,12.564875,6,4,-1.0,10.379,11.379
g1486,g1486.mp3,12.564875,6,5,-1.0,-1.0,0.0
g1489,g1489.mp3,12.669375,6,0,0.0,-1.0,-1.0
g1489,g1489.mp3,12.669375,6,1,-1.0,4.605,5.605
g1489,g1489.mp3,12.669375,6,2,-1.0,-1.0,0.0
g1489,g1489.mp3,12.669375,6,3,6.774,-1.0,-7.774
g1489,g1489.mp3,12.669375,6,4,-1.0,10.74,11.74
g1489,g1489.mp3,12.669375,6,5,-1.0,-1.0,0.0
g1512,g1512.mp3,12.87825,6,0,0.0,-1.0,-1.0
g1512,g1512.mp3,12.87825,6,1,-1.0,4.585,5.585
g1512,g1512.mp3,12.87825,6,2,-1.0,-1.0,0.0
g1512,g1512.mp3,12.87825,6,3,7.075,-1.0,-8.075
g1512,g1512.mp3,12.87825,6,4,-1.0,10.971,11.971
g1512,g1512.mp3,12.87825,6,5,-1.0,-1.0,0.0
g1573,g1573.mp3,15.020375,6,0,0.0,-1.0,-1.0
g1573,g1573.mp3,15.020375,6,1,-1.0,4.78,5.78
g1573,g1573.mp3,15.020375,6,2,-1.0,-1.0,0.0
g1573,g1573.mp3,15.020375,6,3,7.59,-1.0,-8.59
g1573,g1573.mp3,15.020375,6,4,-1.0,11.71,12.71
g1573,g1573.mp3,15.020375,6,5,-1.0,-1.0,0.0
g1582,g1582.mp3,14.942,6,0,0.0,-1.0,-1.0
g1582,g1582.mp3,14.942,6,1,-1.0,4.41,5.41
g1582,g1582.mp3,14.942,6,2,-1.0,-1.0,0.0
g1582,g1582.mp3,14.942,6,3,7.38,-1.0,-8.38
g1582,g1582.mp3,14.942,6,4,-1.0,11.79,12.79
g1582,g1582.mp3,14.942,6,5,-1.0,-1.0,0.0
g1667,g1667.mp3,13.08725,6,0,0.0,-1.0,-1.0
g1667,g1667.mp3,13.08725,6,1,-1.0,4.61,5.61
g1667,g1667.mp3,13.08725,6,2,-1.0,-1.0,0.0
g1667,g1667.mp3,13.08725,6,3,6.92,-1.0,-7.92
g1667,g1667.mp3,13.08725,6,4,-1.0,10.85,11.85
g1667,g1667.mp3,13.08725,6,5,-1.0,-1.0,0.0
g1746,g1746.mp3,14.654625,6,0,0.0,-1.0,-1.0
g1746,g1746.mp3,14.654625,6,1,-1.0,4.438,5.438
g1746,g1746.mp3,14.654625,6,2,-1.0,-1.0,0.0
g1746,g1746.mp3,14.654625,6,3,6.764,-1.0,-7.764
g1746,g1746.mp3,14.654625,6,4,-1.0,11.3,12.3
g1746,g1746.mp3,14.654625,6,5,-1.0,-1.0,0.0
g1760,g1760.mp3,15.412125,6,0,0.0,-1.0,-1.0
g1760,g1760.mp3,15.412125,6,1,-1.0,4.584,5.584
g1760,g1760.mp3,15.412125,6,2,-1.0,-1.0,0.0
g1760,g1760.mp3,15.412125,6,3,7.86,-1.0,-8.86
g1760,g1760.mp3,15.412125,6,4,-1.0,11.997,12.997
g1760,g1760.mp3,15.412125,6,5,-1.0,-1.0,0.0
g1782,g1782.mp3,14.47175,6,0,0.0,-1.0,-1.0
g1782,g1782.mp3,14.47175,6,1,-1.0,4.103,5.103
g1782,g1782.mp3,14.47175,6,2,-1.0,-1.0,0.0
g1782,g1782.mp3,14.47175,6,3,6.636,-1.0,-7.636
g1782,g1782.mp3,14.47175,6,4,-1.0,11.346,12.346
g1782,g1782.mp3,14.47175,6,5,-1.0,-1.0,0.0
g1879,g1879.mp3,14.36725,6,0,0.0,-1.0,-1.0
g1879,g1879.mp3,14.36725,6,1,-1.0,4.39,5.39
g1879,g1879.mp3,14.36725,6,2,-1.0,-1.0,0.0
g1879,g1879.mp3,14.36725,6,3,7.392,-1.0,-8.392
g1879,g1879.mp3,14.36725,6,4,-1.0,10.474,11.474
g1879,g1879.mp3,14.36725,6,5,-1.0,-1.0,0.0
g1901,g1901.mp3,13.844875,6,0,0.0,-1.0,-1.0
g1901,g1901.mp3,13.844875,6,1,-1.0,4.043,5.043
g1901,g1901.mp3,13.844875,6,2,-1.0,-1.0,0.0
g1901,g1901.mp3,13.844875,6,3,7.01,-1.0,-8.01
g1901,g1901.mp3,13.844875,6,4,-1.0,10.197,11.197
g1901,g1901.mp3,13.844875,6,5,-1.0,-1.0,0.0
g1977,g1977.mp3,14.02775,6,0,0.0,-1.0,-1.0
g1977,g1977.mp3,14.02775,6,1,-1.0,4.207,5.207
g1977,g1977.mp3,14.02775,6,2,-1.0,-1.0,0.0
g1977,g1977.mp3,14.02775,6,3,6.87,-1.0,-7.87
g1977,g1977.mp3,14.02775,6,4,-1.0,10.217,11.217
g1977,g1977.mp3,14.02775,6,5,-1.0,-1.0,0.0
g2058,g2058.mp3,14.88975,6,0,0.0,-1.0,-1.0
g2058,g2058.mp3,14.88975,6,1,-1.0,4.567,5.567
g2058,g2058.mp3,14.88975,6,2,-1.0,-1.0,0.0
g2058,g2058.mp3,14.88975,6,3,7.38,-1.0,-8.38
g2058,g2058.mp3,14.88975,6,4,-1.0,11.889,12.889
g2058,g2058.mp3,14.88975,6,5,-1.0,-1.0,0.0
g2059,g2059.mp3,15.882375,6,0,0.0,-1.0,-1.0
g2059,g2059.mp3,15.882375,6,1,-1.0,4.516,5.516
g2059,g2059.mp3,15.882375,6,2,-1.0,-1.0,0.0
g2059,g2059.mp3,15.882375,6,3,7.176,-1.0,-8.176
g2059,g2059.mp3,15.882375,6,4,-1.0,12.001,13.001
g2059,g2059.mp3,15.882375,6,5,-1.0,-1.0,0.0
g2073,g2073.mp3,15.96075,6,0,0.0,-1.0,-1.0
g2073,g2073.mp3,15.96075,6,1,-1.0,4.445,5.445
g2073,g2073.mp3,15.96075,6,2,-1.0,-1.0,0.0
g2073,g2073.mp3,15.96075,6,3,7.118,-1.0,-8.118
g2073,g2073.mp3,15.96075,6,4,-1.0,11.511,12.511
g2073,g2073.mp3,15.96075,6,5,-1.0,-1.0,0.0
g2103,g2103.mp3,14.26275,6,0,0.0,-1.0,-1.0
g2103,g2103.mp3,14.26275,6,1,-1.0,3.729,4.729
g2103,g2103.mp3,14.26275,6,2,-1.0,-1.0,0.0
g2103,g2103.mp3,14.26275,6,3,6.548,-1.0,-7.548
g2103,g2103.mp3,14.26275,6,4,-1.0,11.06,12.06
g2103,g2103.mp3,14.26275,6,5,-1.0,-1.0,0.0
g2115,g2115.mp3,15.386,6,0,0.0,-1.0,-1.0
g2115,g2115.mp3,15.386,6,1,-1.0,3.854,4.854
g2115,g2115.mp3,15.386,6,2,-1.0,-1.0,0.0
g2115,g2115.mp3,15.386,6,3,6.833,-1.0,-7.833
g2115,g2115.mp3,15.386,6,4,-1.0,11.348,12.348
g2115,g2115.mp3,15.386,6,5,-1.0,-1.0,0.0
g2145,g2145.mp3,15.934625,6,0,0.0,-1.0,-1.0
g2145,g2145.mp3,15.934625,6,1,-1.0,4.628,5.628
g2145,g2145.mp3,15.934625,6,2,-1.0,-1.0,0.0
g2145,g2145.mp3,15.934625,6,3,8.115,-1.0,-9.115
g2145,g2145.mp3,15.934625,6,4,-1.0,12.404,13.404
g2145,g2145.mp3,15.934625,6,5,-1.0,-1.0,0.0
g2146,g2146.mp3,15.516625,6,0,0.0,-1.0,-1.0
g2146,g2146.mp3,15.516625,6,1,-1.0,4.042,5.042
g2146,g2146.mp3,15.516625,6,2,-1.0,-1.0,0.0
g2146,g2146.mp3,15.516625,6,3,7.17,-1.0,-8.17
g2146,g2146.mp3,15.516625,6,4,-1.0,11.63,12.63
g2146,g2146.mp3,15.516625,6,5,-1.0,-1.0,0.0
g2206,g2206.mp3,14.524,6,0,0.0,-1.0,-1.0
g2206,g2206.mp3,14.524,6,1,-1.0,3.763,4.763
g2206,g2206.mp3,14.524,6,2,-1.0,-1.0,0.0
g2206,g2206.mp3,14.524,6,3,6.161,-1.0,-7.161
g2206,g2206.mp3,14.524,6,4,-1.0,11.025,12.025
g2206,g2206.mp3,14.524,6,5,-1.0,-1.0,0.0
g2249,g2249.mp3,14.184375,6,0,0.0,-1.0,-1.0
g2249,g2249.mp3,14.184375,6,1,-1.0,4.065,5.065
g2249,g2249.mp3,14.184375,6,2,-1.0,-1.0,0.0
g2249,g2249.mp3,14.184375,6,3,6.569,-1.0,-7.569
g2249,g2249.mp3,14.184375,6,4,-1.0,11.106,12.106
g2249,g2249.mp3,14.184375,6,5,-1.0,-1.0,0.0
g2260,g2260.mp3,13.270125,6,0,0.0,-1.0,-1.0
g2260,g2260.mp3,13.270125,6,1,-1.0,3.748,4.748
g2260,g2260.mp3,13.270125,6,2,-1.0,-1.0,0.0
g2260,g2260.mp3,13.270125,6,3,5.801,-1.0,-6.801
g2260,g2260.mp3,13.270125,6,4,-1.0,10.418,11.418
g2260,g2260.mp3,13.270125,6,5,-1.0,-1.0,0.0
g2273,g2273.mp3,13.374625,6,0,0.0,-1.0,-1.0
g2273,g2273.mp3,13.374625,6,1,-1.0,4.097,5.097
g2273,g2273.mp3,13.374625,6,2,-1.0,-1.0,0.0
g2273,g2273.mp3,13.374625,6,3,6.139,-1.0,-7.139
g2273,g2273.mp3,13.374625,6,4,-1.0,10.486,11.486
g2273,g2273.mp3,13.374625,6,5,-1.0,-1.0,0.0
g2397,g2397.mp3,14.6285,6,0,0.0,-1.0,-1.0
g2397,g2397.mp3,14.6285,6,1,-1.0,4.041,5.041
g2397,g2397.mp3,14.6285,6,2,-1.0,-1.0,0.0
g2397,g2397.mp3,14.6285,6,3,6.334,-1.0,-7.334
g2397,g2397.mp3,14.6285,6,4,-1.0,11.226,12.226
g2397,g2397.mp3,14.6285,6,5,-1.0,-1.0,0.0
g2442,g2442.mp3,13.688125,6,0,0.0,-1.0,-1.0
g2442,g2442.mp3,13.688125,6,1,-1.0,4.335,5.335
g2442,g2442.mp3,13.688125,6,2,-1.0,-1.0,0.0
g2442,g2442.mp3,13.688125,6,3,6.993,-1.0,-7.993
g2442,g2442.mp3,13.688125,6,4,-1.0,10.191,11.191
g2442,g2442.mp3,13.688125,6,5,-1.0,-1.0,0.0
g2484,g2484.mp3,14.236625,6,0,0.0,-1.0,-1.0
g2484,g2484.mp3,14.236625,6,1,-1.0,4.095,5.095
g2484,g2484.mp3,14.236625,6,2,-1.0,-1.0,0.0
g2484,g2484.mp3,14.236625,6,3,7.155,-1.0,-8.155
g2484,g2484.mp3,14.236625,6,4,-1.0,10.644,11.644
g2484,g2484.mp3,14.236625,6,5,-1.0,-1.0,0.0
g2488,g2488.mp3,14.001625,6,0,0.0,-1.0,-1.0
g2488,g2488.mp3,14.001625,6,1,-1.0,4.158,5.158
g2488,g2488.mp3,14.001625,6,2,-1.0,-1.0,0.0
g2488,g2488.mp3,14.001625,6,3,6.979,-1.0,-7.979
g2488,g2488.mp3,14.001625,6,4,-1.0,10.427,11.427
g2488,g2488.mp3,14.001625,6,5,-1.0,-1.0,0.0
g2778,g2778.mp3,15.934625,6,0,0.0,-1.0,-1.0
g2778,g2778.mp3,15.934625,6,1,-1.0,4.36,5.36
g2778,g2778.mp3,15.934625,6,2,-1.0,-1.0,0.0
g2778,g2778.mp3,15.934625,6,3,7.215,-1.0,-8.215
g2778,g2778.mp3,15.934625,6,4,-1.0,11.59,12.59
g2778,g2778.mp3,15.934625,6,5,-1.0,-1.0,0.0
g2783,g2783.mp3,7.706,3,0,0.0,-1.0,-1.0
g2783,g2783.mp3,7.706,3,1,-1.0,4.1,5.1
g2783,g2783.mp3,7.706,3,2,-1.0,-1.0,0.0
g2945,g2945.mp3,13.949375,6,0,0.0,-1.0,-1.0
g2945,g2945.mp3,13.949375,6,1,-1.0,4.211,5.211
g2945,g2945.mp3,13.949375,6,2,-1.0,-1.0,0.0
g2945,g2945.mp3,13.949375,6,3,6.275,-1.0,-7.275
g2945,g2945.mp3,13.949375,6,4,-1.0,10.676,11.676
g2945,g2945.mp3,13.949375,6,5,-1.0,-1.0,0.0
g3098,g3098.mp3,15.0465,6,0,0.0,-1.0,-1.0
g3098,g3098.mp3,15.0465,6,1,-1.0,4.039,5.039
g3098,g3098.mp3,15.0465,6,2,-1.0,-1.0,0.0
g3098,g3098.mp3,15.0465,6,3,6.817,-1.0,-7.817
g3098,g3098.mp3,15.0465,6,4,-1.0,11.403,12.403
g3098,g3098.mp3,15.0465,6,5,-1.0,-1.0,0.0
g3147,g3147.mp3,15.36,6,0,0.0,-1.0,-1.0
g3147,g3147.mp3,15.36,6,1,-1.0,4.047,5.047
g3147,g3147.mp3,15.36,6,2,-1.0,-1.0,0.0
g3147,g3147.mp3,15.36,6,3,6.822,-1.0,-7.822
g3147,g3147.mp3,15.36,6,4,-1.0,11.313,12.313
g3147,g3147.mp3,15.36,6,5,-1.0,-1.0,0.0
g3157,g3157.mp3,14.68075,6,0,0.0,-1.0,-1.0
g3157,g3157.mp3,14.68075,6,1,-1.0,4.586,5.586
g3157,g3157.mp3,14.68075,6,2,-1.0,-1.0,0.0
g3157,g3157.mp3,14.68075,6,3,7.311,-1.0,-8.311
g3157,g3157.mp3,14.68075,6,4,-1.0,11.809,12.809
g3157,g3157.mp3,14.68075,6,5,-1.0,-1.0,0.0
g3194,g3194.mp3,14.68075,6,0,0.0,-1.0,-1.0
g3194,g3194.mp3,14.68075,6,1,-1.0,3.945,4.945
g3194,g3194.mp3,14.68075,6,2,-1.0,-1.0,0.0
g3194,g3194.mp3,14.68075,6,3,6.433,-1.0,-7.433
g3194,g3194.mp3,14.68075,6,4,-1.0,10.836,11.836
g3194,g3194.mp3,14.68075,6,5,-1.0,-1.0,0.0
g3801,g3801.mp3,19.774625,6,0,0.0,-1.0,-1.0
g3801,g3801.mp3,19.774625,6,1,-1.0,3.848,4.848
g3801,g3801.mp3,19.774625,6,2,-1.0,-1.0,0.0
g3801,g3801.mp3,19.774625,6,3,13.775,-1.0,-14.775
g3801,g3801.mp3,19.774625,6,4,-1.0,16.716,17.716
g3801,g3801.mp3,19.774625,6,5,-1.0,-1.0,0.0
g4370,g4370.mp3,15.412125,6,0,0.0,-1.0,-1.0
g4370,g4370.mp3,15.412125,6,1,-1.0,3.782,4.782
g4370,g4370.mp3,15.412125,6,2,-1.0,-1.0,0.0
g4370,g4370.mp3,15.412125,6,3,6.828,-1.0,-7.828
g4370,g4370.mp3,15.412125,6,4,-1.0,11.42,12.42
g4370,g4370.mp3,15.412125,6,5,-1.0,-1.0,0.0
g4785,g4785.mp3,17.293,6,0,0.0,-1.0,-1.0
g4785,g4785.mp3,17.293,6,1,-1.0,4.311,5.311
g4785,g4785.mp3,17.293,6,2,-1.0,-1.0,0.0
g4785,g4785.mp3,17.293,6,3,8.773,-1.0,-9.773
g4785,g4785.mp3,17.293,6,4,-1.0,11.928,12.928
g4785,g4785.mp3,17.293,6,5,-1.0,-1.0,0.0
g4999,g4999.mp3,16.796625,6,0,0.0,-1.0,-1.0
g4999,g4999.mp3,16.796625,6,1,-1.0,4.252,5.252
g4999,g4999.mp3,16.796625,6,2,-1.0,-1.0,0.0
g4999,g4999.mp3,16.796625,6,3,6.82,-1.0,-7.82
g4999,g4999.mp3,16.796625,6,4,-1.0,11.301,12.301
g4999,g4999.mp3,16.796625,6,5,-1.0,-1.0,0.0
g5123,g5123.mp3,12.852125,6,0,0.0,-1.0,-1.0
g5123,g5123.mp3,12.852125,6,1,-1.0,3.83,4.83
g5123,g5123.mp3,12.852125,6,2,-1.0,-1.0,0.0
g5123,g5123.mp3,12.852125,6,3,6.528,-1.0,-7.528
g5123,g5123.mp3,12.852125,6,4,-1.0,9.531,10.531
g5123,g5123.mp3,12.852125,6,5,-1.0,-1.0,0.0
